CustomerId,CustomerNumber,CustomerName,CustomerType,Industry,Region,CountryCode,Status,CreatedDate,GoLiveDate,BillingCurrency,DefaultTaxRate,CreditRating,IsAutoPay
1,CUST-000001,Customer 00001,SmallBusiness,Technology,East US,US,Active,2023-01-26,2023-03-15,USD,0.0000,624,1
2,CUST-000002,Customer 00002,SmallBusiness,Media,East US,US,Active,2023-01-31,2023-02-06,USD,0.0825,681,0
3,CUST-000003,Customer 00003,SmallBusiness,Education,UK South,GB,Suspended,2024-03-05,2024-03-20,USD,0.0000,661,0
4,CUST-000004,Customer 00004,SmallBusiness,Manufacturing,Central US,US,Active,2023-10-12,2023-10-22,USD,0.0725,629,1
5,CUST-000005,Customer 00005,MidMarket,Energy,Central US,US,Active,2024-09-10,2024-09-27,USD,0.0725,620,1
6,CUST-000006,Customer 00006,SmallBusiness,Technology,UK South,GB,Active,2025-06-25,2025-08-20,USD,0.0000,696,0
7,CUST-000007,Customer 00007,MidMarket,Logistics,East US,US,Active,2025-05-25,2025-06-09,USD,0.0650,663,1
8,CUST-000008,Customer 00008,MidMarket,Finance,West US,US,Active,2024-11-17,2024-12-05,USD,0.0500,705,1
9,CUST-000009,Customer 00009,MidMarket,Media,Canada Central,CA,Active,2023-10-04,2023-12-03,USD,0.0650,608,1
10,CUST-000010,Customer 00010,SmallBusiness,Finance,East US,US,Active,2025-04-04,2025-04-25,USD,0.0825,741,1
11,CUST-000011,Customer 00011,Enterprise,Energy,Canada Central,CA,Active,2024-02-10,2024-04-07,USD,0.0500,706,0
12,CUST-000012,Customer 00012,SmallBusiness,Logistics,UK South,GB,Active,2023-09-27,2023-11-14,USD,0.0500,840,1
13,CUST-000013,Customer 00013,SmallBusiness,Retail,East US,US,Active,2025-05-31,2025-06-08,USD,0.0725,612,1
14,CUST-000014,Customer 00014,SmallBusiness,Media,UK South,GB,Suspended,2024-04-24,2024-05-28,USD,0.0000,638,0
15,CUST-000015,Customer 00015,MidMarket,Manufacturing,UK South,GB,Active,2025-02-07,2025-02-25,USD,0.0725,660,1
16,CUST-000016,Customer 00016,SmallBusiness,Finance,Central US,US,Suspended,2024-05-27,2024-07-15,USD,0.0650,839,1
17,CUST-000017,Customer 00017,SmallBusiness,Media,West US,US,Suspended,2024-01-18,2024-03-07,USD,0.0825,745,1
18,CUST-000018,Customer 00018,Enterprise,Education,East US,US,Active,2024-01-07,2024-03-04,USD,0.0500,620,1
19,CUST-000019,Customer 00019,Enterprise,Media,Canada Central,CA,Active,2025-04-15,2025-04-20,USD,0.0500,823,0
20,CUST-000020,Customer 00020,MidMarket,Logistics,West US,US,Churned,2023-09-29,2023-11-02,USD,0.0825,682,0
21,CUST-000021,Customer 00021,SmallBusiness,Media,Canada Central,CA,Active,2024-11-18,2024-12-30,USD,0.0500,695,1
22,CUST-000022,Customer 00022,SmallBusiness,Technology,East US,US,Active,2024-08-25,2024-09-30,USD,0.0000,697,1
23,CUST-000023,Customer 00023,SmallBusiness,Technology,East US,US,Active,2025-05-30,2025-06-21,USD,0.0725,689,1
24,CUST-000024,Customer 00024,SmallBusiness,Energy,UK South,GB,Suspended,2024-08-13,2024-09-13,USD,0.0500,628,1
25,CUST-000025,Customer 00025,SmallBusiness,Healthcare,Canada Central,CA,Active,2023-12-29,2024-01-26,USD,0.0000,611,1
26,CUST-000026,Customer 00026,SmallBusiness,Technology,Central US,US,Active,2025-03-30,2025-05-25,USD,0.0725,651,1
27,CUST-000027,Customer 00027,MidMarket,Finance,Central US,US,Active,2024-04-18,2024-05-04,USD,0.0825,630,1
28,CUST-000028,Customer 00028,Enterprise,Technology,UK South,GB,Active,2025-05-06,2025-05-07,USD,0.0725,826,1
29,CUST-000029,Customer 00029,SmallBusiness,Logistics,Canada Central,CA,Active,2023-03-02,2023-03-13,USD,0.0725,726,1
30,CUST-000030,Customer 00030,SmallBusiness,Technology,UK South,GB,Active,2024-11-08,2024-12-24,USD,0.0000,611,0
31,CUST-000031,Customer 00031,SmallBusiness,Media,East US,US,Active,2023-02-21,2023-03-31,USD,0.0825,621,0
32,CUST-000032,Customer 00032,MidMarket,Technology,East US,US,Active,2024-09-01,2024-09-06,USD,0.0825,706,1
33,CUST-000033,Customer 00033,SmallBusiness,Media,East US,US,Active,2024-09-26,2024-10-02,USD,0.0650,684,1
34,CUST-000034,Customer 00034,SmallBusiness,Education,Central US,US,Active,2023-09-02,2023-09-19,USD,0.0000,584,1
35,CUST-000035,Customer 00035,SmallBusiness,Media,UK South,GB,Active,2023-04-13,2023-04-18,USD,0.0650,615,0
36,CUST-000036,Customer 00036,SmallBusiness,Media,Central US,US,Active,2023-10-19,2023-10-30,USD,0.0825,584,1
37,CUST-000037,Customer 00037,MidMarket,Retail,UK South,GB,Active,2023-11-03,2024-01-02,USD,0.0000,659,1
38,CUST-000038,Customer 00038,SmallBusiness,Education,UK South,GB,Active,2023-08-04,2023-09-19,USD,0.0650,606,1
39,CUST-000039,Customer 00039,SmallBusiness,Manufacturing,Canada Central,CA,Active,2025-04-29,2025-05-17,USD,0.0650,662,0
40,CUST-000040,Customer 00040,SmallBusiness,Finance,UK South,GB,Active,2024-12-23,2025-01-20,USD,0.0500,598,0
41,CUST-000041,Customer 00041,SmallBusiness,Healthcare,UK South,GB,Active,2024-07-19,2024-07-29,USD,0.0000,763,1
42,CUST-000042,Customer 00042,SmallBusiness,Media,West US,US,Suspended,2024-11-13,2024-11-20,USD,0.0725,659,0
43,CUST-000043,Customer 00043,Enterprise,Retail,West US,US,Suspended,2025-06-04,2025-06-15,USD,0.0000,671,0
44,CUST-000044,Customer 00044,SmallBusiness,Technology,Central US,US,Active,2025-03-12,2025-05-11,USD,0.0000,775,0
45,CUST-000045,Customer 00045,MidMarket,Energy,Canada Central,CA,Active,2023-08-16,2023-08-29,USD,0.0500,694,1
46,CUST-000046,Customer 00046,SmallBusiness,Finance,West US,US,Churned,2024-02-13,2024-03-06,USD,0.0650,759,1
47,CUST-000047,Customer 00047,SmallBusiness,Healthcare,Canada Central,CA,Active,2024-11-26,2025-01-19,USD,0.0650,671,1
48,CUST-000048,Customer 00048,SmallBusiness,Manufacturing,Central US,US,Active,2023-02-09,2023-02-16,USD,0.0650,803,1
49,CUST-000049,Customer 00049,Enterprise,Technology,UK South,GB,Active,2023-04-29,2023-05-24,USD,0.0725,580,1
50,CUST-000050,Customer 00050,Enterprise,Technology,UK South,GB,Active,2024-12-04,2025-01-20,USD,0.0000,749,1
51,CUST-000051,Customer 00051,SmallBusiness,Education,East US,US,Active,2025-01-07,2025-03-06,USD,0.0650,786,0
52,CUST-000052,Customer 00052,SmallBusiness,Logistics,UK South,GB,Active,2023-05-11,2023-05-24,USD,0.0500,734,1
53,CUST-000053,Customer 00053,SmallBusiness,Manufacturing,East US,US,Active,2023-11-08,2023-11-27,USD,0.0725,689,1
54,CUST-000054,Customer 00054,SmallBusiness,Manufacturing,West US,US,Active,2024-11-05,2024-11-11,USD,0.0500,738,1
55,CUST-000055,Customer 00055,SmallBusiness,Energy,West US,US,Active,2023-05-31,2023-06-02,USD,0.0000,813,1
56,CUST-000056,Customer 00056,MidMarket,Energy,UK South,GB,Active,2023-07-19,2023-09-03,USD,0.0500,582,0
57,CUST-000057,Customer 00057,SmallBusiness,Media,East US,US,Active,2025-03-08,2025-04-05,USD,0.0825,707,0
58,CUST-000058,Customer 00058,MidMarket,Media,East US,US,Churned,2024-04-12,2024-04-21,USD,0.0825,742,0
59,CUST-000059,Customer 00059,MidMarket,Media,Canada Central,CA,Active,2024-09-19,2024-11-11,USD,0.0825,808,0
60,CUST-000060,Customer 00060,MidMarket,Education,Canada Central,CA,Active,2024-04-05,2024-04-22,USD,0.0825,828,1
61,CUST-000061,Customer 00061,MidMarket,Technology,Central US,US,Active,2024-03-26,2024-03-31,USD,0.0650,621,1
62,CUST-000062,Customer 00062,SmallBusiness,Technology,West US,US,Active,2024-01-28,2024-03-13,USD,0.0725,749,1
63,CUST-000063,Customer 00063,MidMarket,Logistics,Canada Central,CA,Suspended,2023-03-05,2023-03-19,USD,0.0825,590,0
64,CUST-000064,Customer 00064,SmallBusiness,Manufacturing,UK South,GB,Active,2024-01-25,2024-02-25,USD,0.0725,794,1
65,CUST-000065,Customer 00065,Enterprise,Energy,UK South,GB,Active,2025-03-30,2025-05-08,USD,0.0725,828,1
66,CUST-000066,Customer 00066,MidMarket,Retail,Central US,US,Suspended,2024-11-15,2024-12-29,USD,0.0500,593,0
67,CUST-000067,Customer 00067,SmallBusiness,Logistics,UK South,GB,Active,2024-07-31,2024-09-12,USD,0.0725,673,1
68,CUST-000068,Customer 00068,SmallBusiness,Manufacturing,Canada Central,CA,Active,2023-12-02,2023-12-16,USD,0.0725,722,0
69,CUST-000069,Customer 00069,SmallBusiness,Healthcare,Canada Central,CA,Active,2023-09-16,2023-11-09,USD,0.0000,759,1
70,CUST-000070,Customer 00070,SmallBusiness,Healthcare,East US,US,Churned,2025-03-10,2025-04-21,USD,0.0500,590,1
71,CUST-000071,Customer 00071,MidMarket,Technology,West US,US,Active,2023-05-10,2023-06-10,USD,0.0650,768,1
72,CUST-000072,Customer 00072,SmallBusiness,Retail,UK South,GB,Churned,2025-02-04,2025-03-22,USD,0.0000,593,0
73,CUST-000073,Customer 00073,Enterprise,Logistics,UK South,GB,Churned,2024-11-24,2025-01-22,USD,0.0500,618,1
74,CUST-000074,Customer 00074,MidMarket,Finance,West US,US,Active,2023-04-15,2023-05-30,USD,0.0825,601,1
75,CUST-000075,Customer 00075,SmallBusiness,Manufacturing,Canada Central,CA,Active,2024-11-08,2024-12-02,USD,0.0725,830,1
76,CUST-000076,Customer 00076,MidMarket,Retail,Central US,US,Active,2024-10-12,2024-12-09,USD,0.0825,718,1
77,CUST-000077,Customer 00077,SmallBusiness,Education,UK South,GB,Active,2025-03-04,2025-04-04,USD,0.0500,624,1
78,CUST-000078,Customer 00078,SmallBusiness,Logistics,Canada Central,CA,Active,2023-09-07,2023-10-26,USD,0.0725,746,1
79,CUST-000079,Customer 00079,SmallBusiness,Education,West US,US,Suspended,2023-12-30,2024-02-20,USD,0.0650,585,1
80,CUST-000080,Customer 00080,MidMarket,Energy,West US,US,Active,2023-03-29,2023-04-14,USD,0.0500,823,1
81,CUST-000081,Customer 00081,SmallBusiness,Education,Canada Central,CA,Active,2024-04-03,2024-05-24,USD,0.0500,736,1
82,CUST-000082,Customer 00082,SmallBusiness,Logistics,Central US,US,Churned,2024-04-29,2024-06-04,USD,0.0825,749,1
83,CUST-000083,Customer 00083,SmallBusiness,Finance,Canada Central,CA,Active,2023-10-05,2023-10-25,USD,0.0650,641,0
84,CUST-000084,Customer 00084,MidMarket,Education,West US,US,Active,2023-07-16,2023-07-30,USD,0.0825,724,0
85,CUST-000085,Customer 00085,SmallBusiness,Education,West US,US,Active,2023-10-31,2023-11-15,USD,0.0825,644,1
86,CUST-000086,Customer 00086,MidMarket,Retail,East US,US,Active,2024-07-20,2024-08-08,USD,0.0725,632,0
87,CUST-000087,Customer 00087,SmallBusiness,Manufacturing,UK South,GB,Active,2023-10-19,2023-11-19,USD,0.0000,709,0
88,CUST-000088,Customer 00088,SmallBusiness,Energy,Canada Central,CA,Active,2023-04-27,2023-06-19,USD,0.0000,657,1
89,CUST-000089,Customer 00089,Enterprise,Finance,UK South,GB,Active,2023-11-08,2023-11-14,USD,0.0725,695,0
90,CUST-000090,Customer 00090,SmallBusiness,Logistics,Canada Central,CA,Active,2024-04-06,2024-06-04,USD,0.0825,610,1
91,CUST-000091,Customer 00091,MidMarket,Education,East US,US,Active,2025-02-20,2025-03-06,USD,0.0500,702,1
92,CUST-000092,Customer 00092,SmallBusiness,Energy,East US,US,Active,2023-06-10,2023-06-11,USD,0.0500,727,0
93,CUST-000093,Customer 00093,SmallBusiness,Education,Canada Central,CA,Active,2023-03-14,2023-04-27,USD,0.0825,681,1
94,CUST-000094,Customer 00094,SmallBusiness,Education,UK South,GB,Suspended,2023-08-19,2023-09-30,USD,0.0000,610,1
95,CUST-000095,Customer 00095,MidMarket,Education,Central US,US,Active,2024-09-01,2024-10-19,USD,0.0725,735,0
96,CUST-000096,Customer 00096,SmallBusiness,Finance,Central US,US,Active,2024-05-27,2024-07-01,USD,0.0725,745,1
97,CUST-000097,Customer 00097,Enterprise,Healthcare,East US,US,Churned,2023-04-04,2023-04-19,USD,0.0650,600,0
98,CUST-000098,Customer 00098,MidMarket,Education,West US,US,Active,2024-04-26,2024-05-30,USD,0.0825,803,1
99,CUST-000099,Customer 00099,SmallBusiness,Manufacturing,Canada Central,CA,Active,2023-04-04,2023-05-05,USD,0.0000,662,1
100,CUST-000100,Customer 00100,Enterprise,Media,Canada Central,CA,Active,2023-10-23,2023-12-05,USD,0.0000,741,1
101,CUST-000101,Customer 00101,MidMarket,Healthcare,East US,US,Active,2025-03-02,2025-03-28,USD,0.0825,816,1
102,CUST-000102,Customer 00102,MidMarket,Energy,West US,US,Active,2024-06-14,2024-07-08,USD,0.0000,684,1
103,CUST-000103,Customer 00103,Enterprise,Energy,West US,US,Active,2023-10-22,2023-11-20,USD,0.0825,702,0
104,CUST-000104,Customer 00104,SmallBusiness,Finance,Central US,US,Active,2024-07-18,2024-07-19,USD,0.0000,816,0
105,CUST-000105,Customer 00105,MidMarket,Media,West US,US,Active,2024-05-25,2024-07-24,USD,0.0725,827,0
106,CUST-000106,Customer 00106,SmallBusiness,Technology,West US,US,Churned,2024-04-12,2024-05-18,USD,0.0825,649,0
107,CUST-000107,Customer 00107,MidMarket,Manufacturing,Central US,US,Churned,2025-03-02,2025-04-22,USD,0.0825,716,0
108,CUST-000108,Customer 00108,MidMarket,Energy,Central US,US,Suspended,2025-01-13,2025-02-02,USD,0.0725,827,1
109,CUST-000109,Customer 00109,SmallBusiness,Manufacturing,UK South,GB,Suspended,2025-02-20,2025-03-27,USD,0.0500,776,1
110,CUST-000110,Customer 00110,MidMarket,Logistics,Canada Central,CA,Active,2023-02-14,2023-03-07,USD,0.0500,833,0
111,CUST-000111,Customer 00111,SmallBusiness,Finance,West US,US,Suspended,2024-05-29,2024-07-06,USD,0.0725,631,1
112,CUST-000112,Customer 00112,SmallBusiness,Retail,Canada Central,CA,Active,2023-01-16,2023-03-04,USD,0.0650,753,1
113,CUST-000113,Customer 00113,MidMarket,Media,Canada Central,CA,Active,2024-10-27,2024-11-02,USD,0.0650,829,0
114,CUST-000114,Customer 00114,SmallBusiness,Education,East US,US,Churned,2024-09-24,2024-09-29,USD,0.0000,802,0
115,CUST-000115,Customer 00115,MidMarket,Healthcare,East US,US,Active,2024-03-30,2024-04-10,USD,0.0000,730,1
116,CUST-000116,Customer 00116,SmallBusiness,Retail,Canada Central,CA,Active,2023-05-30,2023-06-15,USD,0.0000,775,1
117,CUST-000117,Customer 00117,SmallBusiness,Technology,West US,US,Active,2024-05-24,2024-07-22,USD,0.0650,815,1
118,CUST-000118,Customer 00118,Enterprise,Media,East US,US,Active,2025-04-03,2025-05-03,USD,0.0725,756,0
119,CUST-000119,Customer 00119,MidMarket,Energy,Central US,US,Suspended,2024-10-16,2024-11-13,USD,0.0500,776,0
120,CUST-000120,Customer 00120,SmallBusiness,Education,East US,US,Churned,2023-08-31,2023-09-25,USD,0.0650,591,0
121,CUST-000121,Customer 00121,SmallBusiness,Healthcare,Canada Central,CA,Suspended,2023-10-09,2023-10-10,USD,0.0725,726,0
122,CUST-000122,Customer 00122,SmallBusiness,Technology,West US,US,Active,2024-09-13,2024-11-04,USD,0.0500,629,0
123,CUST-000123,Customer 00123,SmallBusiness,Manufacturing,East US,US,Active,2023-11-13,2024-01-03,USD,0.0000,731,1
124,CUST-000124,Customer 00124,SmallBusiness,Media,Canada Central,CA,Suspended,2023-06-29,2023-07-12,USD,0.0650,836,0
125,CUST-000125,Customer 00125,MidMarket,Energy,West US,US,Churned,2023-09-21,2023-11-19,USD,0.0650,753,0
126,CUST-000126,Customer 00126,MidMarket,Technology,Canada Central,CA,Suspended,2023-03-19,2023-03-29,USD,0.0725,767,1
127,CUST-000127,Customer 00127,SmallBusiness,Energy,Canada Central,CA,Active,2023-01-15,2023-02-01,USD,0.0650,775,0
128,CUST-000128,Customer 00128,SmallBusiness,Healthcare,Central US,US,Active,2023-04-21,2023-06-04,USD,0.0825,747,0
129,CUST-000129,Customer 00129,MidMarket,Energy,West US,US,Suspended,2024-10-25,2024-10-30,USD,0.0650,789,1
130,CUST-000130,Customer 00130,Enterprise,Finance,East US,US,Active,2023-02-08,2023-02-28,USD,0.0825,649,1
131,CUST-000131,Customer 00131,MidMarket,Media,Central US,US,Active,2024-11-17,2025-01-04,USD,0.0500,792,1
132,CUST-000132,Customer 00132,Enterprise,Education,Canada Central,CA,Active,2024-09-22,2024-10-19,USD,0.0650,691,1
133,CUST-000133,Customer 00133,SmallBusiness,Manufacturing,West US,US,Active,2025-05-25,2025-06-18,USD,0.0650,611,1
134,CUST-000134,Customer 00134,MidMarket,Finance,West US,US,Active,2023-05-06,2023-06-30,USD,0.0825,590,1
135,CUST-000135,Customer 00135,MidMarket,Technology,Central US,US,Active,2023-09-07,2023-09-16,USD,0.0825,686,1
136,CUST-000136,Customer 00136,SmallBusiness,Healthcare,West US,US,Active,2023-12-03,2024-01-22,USD,0.0500,646,1
137,CUST-000137,Customer 00137,MidMarket,Retail,West US,US,Active,2023-04-23,2023-06-05,USD,0.0500,745,1
138,CUST-000138,Customer 00138,MidMarket,Media,Central US,US,Active,2023-02-23,2023-03-04,USD,0.0000,823,1
139,CUST-000139,Customer 00139,SmallBusiness,Media,Central US,US,Active,2024-06-09,2024-07-17,USD,0.0825,602,0
140,CUST-000140,Customer 00140,MidMarket,Healthcare,UK South,GB,Active,2023-11-05,2023-12-05,USD,0.0725,785,1
141,CUST-000141,Customer 00141,Enterprise,Finance,East US,US,Suspended,2024-05-17,2024-07-02,USD,0.0650,655,1
142,CUST-000142,Customer 00142,SmallBusiness,Manufacturing,Central US,US,Active,2024-10-01,2024-11-11,USD,0.0825,730,1
143,CUST-000143,Customer 00143,MidMarket,Finance,UK South,GB,Suspended,2024-03-16,2024-03-23,USD,0.0825,690,1
144,CUST-000144,Customer 00144,MidMarket,Logistics,West US,US,Active,2024-02-28,2024-03-21,USD,0.0000,740,1
145,CUST-000145,Customer 00145,MidMarket,Energy,Central US,US,Active,2024-01-19,2024-01-29,USD,0.0000,627,1
146,CUST-000146,Customer 00146,SmallBusiness,Media,Central US,US,Active,2025-04-11,2025-04-20,USD,0.0000,790,1
147,CUST-000147,Customer 00147,MidMarket,Education,Canada Central,CA,Active,2025-06-07,2025-08-05,USD,0.0650,633,1
148,CUST-000148,Customer 00148,SmallBusiness,Finance,West US,US,Active,2023-06-08,2023-07-21,USD,0.0825,768,1
149,CUST-000149,Customer 00149,MidMarket,Media,Central US,US,Churned,2024-08-10,2024-08-25,USD,0.0825,593,1
150,CUST-000150,Customer 00150,SmallBusiness,Education,Central US,US,Churned,2023-01-30,2023-02-11,USD,0.0650,583,1
151,CUST-000151,Customer 00151,SmallBusiness,Retail,West US,US,Active,2024-08-02,2024-09-14,USD,0.0000,626,0
152,CUST-000152,Customer 00152,SmallBusiness,Retail,West US,US,Active,2024-01-21,2024-02-17,USD,0.0650,623,0
153,CUST-000153,Customer 00153,MidMarket,Finance,West US,US,Active,2023-06-11,2023-07-30,USD,0.0725,828,1
154,CUST-000154,Customer 00154,MidMarket,Finance,Canada Central,CA,Active,2023-10-07,2023-10-21,USD,0.0000,725,1
155,CUST-000155,Customer 00155,MidMarket,Healthcare,UK South,GB,Active,2024-05-13,2024-06-16,USD,0.0825,608,1
156,CUST-000156,Customer 00156,SmallBusiness,Education,Central US,US,Active,2023-08-05,2023-09-24,USD,0.0000,583,1
157,CUST-000157,Customer 00157,SmallBusiness,Technology,Canada Central,CA,Active,2023-06-29,2023-07-08,USD,0.0650,616,1
158,CUST-000158,Customer 00158,SmallBusiness,Finance,East US,US,Suspended,2024-03-22,2024-03-24,USD,0.0825,799,1
159,CUST-000159,Customer 00159,SmallBusiness,Manufacturing,Canada Central,CA,Active,2023-10-24,2023-11-01,USD,0.0825,815,0
160,CUST-000160,Customer 00160,MidMarket,Technology,Central US,US,Active,2023-04-01,2023-04-29,USD,0.0725,620,1
161,CUST-000161,Customer 00161,SmallBusiness,Retail,Central US,US,Active,2025-02-02,2025-02-24,USD,0.0000,679,0
162,CUST-000162,Customer 00162,Enterprise,Retail,Central US,US,Active,2023-12-26,2024-02-11,USD,0.0500,711,1
163,CUST-000163,Customer 00163,MidMarket,Finance,UK South,GB,Active,2023-06-06,2023-07-25,USD,0.0725,817,0
164,CUST-000164,Customer 00164,Enterprise,Manufacturing,UK South,GB,Suspended,2024-04-04,2024-05-18,USD,0.0650,657,1
165,CUST-000165,Customer 00165,SmallBusiness,Education,Canada Central,CA,Active,2024-03-28,2024-05-08,USD,0.0650,839,1
166,CUST-000166,Customer 00166,SmallBusiness,Education,Canada Central,CA,Active,2024-04-07,2024-04-10,USD,0.0000,839,1
167,CUST-000167,Customer 00167,MidMarket,Healthcare,UK South,GB,Active,2024-07-21,2024-09-10,USD,0.0825,676,1
168,CUST-000168,Customer 00168,Enterprise,Energy,Canada Central,CA,Active,2024-05-28,2024-06-07,USD,0.0650,623,1
169,CUST-000169,Customer 00169,MidMarket,Energy,West US,US,Active,2023-02-10,2023-02-26,USD,0.0825,661,1
170,CUST-000170,Customer 00170,MidMarket,Healthcare,Central US,US,Active,2024-02-01,2024-02-28,USD,0.0650,613,1
171,CUST-000171,Customer 00171,SmallBusiness,Retail,UK South,GB,Active,2024-11-25,2024-12-20,USD,0.0825,652,0
172,CUST-000172,Customer 00172,MidMarket,Retail,Central US,US,Active,2024-11-02,2024-12-17,USD,0.0000,738,1
173,CUST-000173,Customer 00173,MidMarket,Media,Central US,US,Active,2025-04-12,2025-04-21,USD,0.0725,840,1
174,CUST-000174,Customer 00174,Enterprise,Manufacturing,Central US,US,Churned,2023-11-13,2023-11-25,USD,0.0725,678,1
175,CUST-000175,Customer 00175,SmallBusiness,Finance,West US,US,Active,2023-06-08,2023-06-13,USD,0.0825,599,1
176,CUST-000176,Customer 00176,SmallBusiness,Retail,UK South,GB,Active,2023-05-15,2023-06-23,USD,0.0825,664,0
177,CUST-000177,Customer 00177,MidMarket,Technology,East US,US,Churned,2024-02-25,2024-03-20,USD,0.0825,725,0
178,CUST-000178,Customer 00178,SmallBusiness,Energy,Canada Central,CA,Suspended,2023-08-28,2023-10-02,USD,0.0500,768,1
179,CUST-000179,Customer 00179,MidMarket,Logistics,UK South,GB,Active,2024-03-27,2024-04-26,USD,0.0725,662,0
180,CUST-000180,Customer 00180,SmallBusiness,Energy,UK South,GB,Suspended,2023-05-22,2023-07-17,USD,0.0825,632,0
181,CUST-000181,Customer 00181,SmallBusiness,Retail,UK South,GB,Active,2025-05-21,2025-05-29,USD,0.0825,655,0
182,CUST-000182,Customer 00182,SmallBusiness,Manufacturing,East US,US,Churned,2023-08-16,2023-10-08,USD,0.0725,607,1
183,CUST-000183,Customer 00183,Enterprise,Manufacturing,Central US,US,Active,2023-08-30,2023-09-24,USD,0.0650,630,0
184,CUST-000184,Customer 00184,SmallBusiness,Education,Central US,US,Suspended,2025-03-21,2025-03-31,USD,0.0725,651,0
185,CUST-000185,Customer 00185,SmallBusiness,Finance,Canada Central,CA,Active,2024-04-04,2024-05-14,USD,0.0500,656,1
186,CUST-000186,Customer 00186,SmallBusiness,Education,UK South,GB,Active,2024-06-24,2024-07-22,USD,0.0000,604,1
187,CUST-000187,Customer 00187,SmallBusiness,Energy,UK South,GB,Active,2024-04-13,2024-04-18,USD,0.0000,703,0
188,CUST-000188,Customer 00188,MidMarket,Technology,Central US,US,Active,2024-03-15,2024-03-16,USD,0.0500,623,1
189,CUST-000189,Customer 00189,SmallBusiness,Media,Central US,US,Active,2023-03-11,2023-04-14,USD,0.0725,820,1
190,CUST-000190,Customer 00190,MidMarket,Manufacturing,Canada Central,CA,Active,2024-01-18,2024-02-04,USD,0.0650,703,0
191,CUST-000191,Customer 00191,MidMarket,Manufacturing,East US,US,Active,2025-03-01,2025-04-08,USD,0.0650,753,0
192,CUST-000192,Customer 00192,MidMarket,Energy,West US,US,Active,2025-04-30,2025-06-19,USD,0.0500,612,0
193,CUST-000193,Customer 00193,SmallBusiness,Technology,Canada Central,CA,Suspended,2023-02-07,2023-02-26,USD,0.0650,738,1
194,CUST-000194,Customer 00194,SmallBusiness,Technology,UK South,GB,Active,2024-04-29,2024-05-16,USD,0.0000,749,1
195,CUST-000195,Customer 00195,SmallBusiness,Energy,Central US,US,Suspended,2024-03-23,2024-05-19,USD,0.0725,753,0
196,CUST-000196,Customer 00196,SmallBusiness,Media,Canada Central,CA,Active,2024-12-09,2025-01-10,USD,0.0000,797,1
197,CUST-000197,Customer 00197,SmallBusiness,Manufacturing,UK South,GB,Active,2025-04-22,2025-05-04,USD,0.0650,731,1
198,CUST-000198,Customer 00198,SmallBusiness,Energy,UK South,GB,Active,2025-01-04,2025-02-01,USD,0.0000,760,1
199,CUST-000199,Customer 00199,Enterprise,Healthcare,Canada Central,CA,Active,2023-10-09,2023-11-19,USD,0.0725,766,1
200,CUST-000200,Customer 00200,MidMarket,Energy,West US,US,Active,2023-02-01,2023-02-11,USD,0.0000,700,0
201,CUST-000201,Customer 00201,Enterprise,Healthcare,Central US,US,Active,2024-01-06,2024-01-31,USD,0.0725,769,1
202,CUST-000202,Customer 00202,SmallBusiness,Logistics,East US,US,Active,2024-08-10,2024-08-19,USD,0.0650,707,0
203,CUST-000203,Customer 00203,SmallBusiness,Logistics,East US,US,Suspended,2025-01-23,2025-02-04,USD,0.0000,714,0
204,CUST-000204,Customer 00204,SmallBusiness,Energy,Canada Central,CA,Active,2023-08-08,2023-09-17,USD,0.0500,617,1
205,CUST-000205,Customer 00205,MidMarket,Manufacturing,Canada Central,CA,Active,2023-03-31,2023-05-22,USD,0.0000,728,0
206,CUST-000206,Customer 00206,Enterprise,Retail,West US,US,Active,2024-12-29,2025-02-13,USD,0.0825,694,1
207,CUST-000207,Customer 00207,SmallBusiness,Energy,West US,US,Active,2025-03-22,2025-03-31,USD,0.0825,768,1
208,CUST-000208,Customer 00208,Enterprise,Finance,UK South,GB,Active,2023-05-13,2023-06-22,USD,0.0725,790,0
209,CUST-000209,Customer 00209,Enterprise,Finance,UK South,GB,Active,2023-03-17,2023-03-26,USD,0.0825,756,1
210,CUST-000210,Customer 00210,SmallBusiness,Retail,UK South,GB,Active,2024-10-17,2024-11-24,USD,0.0000,643,1
211,CUST-000211,Customer 00211,SmallBusiness,Technology,Central US,US,Active,2023-06-18,2023-06-29,USD,0.0825,725,0
212,CUST-000212,Customer 00212,Enterprise,Education,Central US,US,Active,2023-07-21,2023-08-31,USD,0.0650,627,1
213,CUST-000213,Customer 00213,SmallBusiness,Manufacturing,West US,US,Suspended,2024-08-29,2024-10-06,USD,0.0825,601,0
214,CUST-000214,Customer 00214,Enterprise,Education,East US,US,Active,2023-03-25,2023-03-28,USD,0.0825,793,1
215,CUST-000215,Customer 00215,MidMarket,Education,East US,US,Active,2024-05-24,2024-07-20,USD,0.0650,827,1
216,CUST-000216,Customer 00216,SmallBusiness,Healthcare,Canada Central,CA,Active,2023-11-01,2023-12-01,USD,0.0725,827,1
217,CUST-000217,Customer 00217,SmallBusiness,Manufacturing,Central US,US,Active,2024-09-13,2024-09-23,USD,0.0650,784,1
218,CUST-000218,Customer 00218,SmallBusiness,Technology,Central US,US,Active,2024-06-11,2024-07-17,USD,0.0650,810,1
219,CUST-000219,Customer 00219,Enterprise,Logistics,East US,US,Active,2023-02-21,2023-03-12,USD,0.0500,747,0
220,CUST-000220,Customer 00220,SmallBusiness,Media,Central US,US,Active,2023-07-14,2023-09-01,USD,0.0650,834,1
221,CUST-000221,Customer 00221,Enterprise,Technology,Canada Central,CA,Active,2024-06-01,2024-07-01,USD,0.0000,605,1
222,CUST-000222,Customer 00222,MidMarket,Energy,UK South,GB,Active,2025-06-22,2025-08-15,USD,0.0000,635,1
223,CUST-000223,Customer 00223,MidMarket,Manufacturing,Central US,US,Active,2025-01-14,2025-02-07,USD,0.0000,679,1
224,CUST-000224,Customer 00224,SmallBusiness,Media,Central US,US,Active,2023-03-17,2023-04-11,USD,0.0825,640,1
225,CUST-000225,Customer 00225,MidMarket,Manufacturing,East US,US,Active,2024-02-08,2024-03-03,USD,0.0650,653,1
226,CUST-000226,Customer 00226,SmallBusiness,Healthcare,UK South,GB,Active,2024-02-16,2024-03-20,USD,0.0650,822,1
227,CUST-000227,Customer 00227,SmallBusiness,Manufacturing,West US,US,Churned,2024-09-12,2024-11-09,USD,0.0650,663,1
228,CUST-000228,Customer 00228,SmallBusiness,Manufacturing,UK South,GB,Active,2025-01-27,2025-03-22,USD,0.0825,830,0
229,CUST-000229,Customer 00229,SmallBusiness,Manufacturing,Central US,US,Active,2024-05-01,2024-06-23,USD,0.0725,737,0
230,CUST-000230,Customer 00230,SmallBusiness,Technology,East US,US,Active,2024-09-03,2024-10-04,USD,0.0825,825,1
231,CUST-000231,Customer 00231,SmallBusiness,Technology,UK South,GB,Active,2025-03-04,2025-04-27,USD,0.0000,677,1
232,CUST-000232,Customer 00232,SmallBusiness,Technology,Central US,US,Active,2024-03-04,2024-03-14,USD,0.0825,821,0
233,CUST-000233,Customer 00233,SmallBusiness,Media,East US,US,Active,2024-12-23,2025-01-01,USD,0.0725,772,1
234,CUST-000234,Customer 00234,SmallBusiness,Media,West US,US,Active,2024-04-15,2024-06-13,USD,0.0650,827,1
235,CUST-000235,Customer 00235,SmallBusiness,Education,West US,US,Active,2023-10-13,2023-11-18,USD,0.0500,830,1
236,CUST-000236,Customer 00236,Enterprise,Education,Central US,US,Active,2024-07-27,2024-09-25,USD,0.0825,774,0
237,CUST-000237,Customer 00237,Enterprise,Retail,Canada Central,CA,Active,2025-04-18,2025-05-11,USD,0.0650,620,1
238,CUST-000238,Customer 00238,MidMarket,Technology,Canada Central,CA,Active,2024-11-02,2024-11-19,USD,0.0825,718,0
239,CUST-000239,Customer 00239,MidMarket,Technology,Central US,US,Active,2023-05-21,2023-05-28,USD,0.0825,695,1
240,CUST-000240,Customer 00240,SmallBusiness,Energy,East US,US,Active,2023-04-13,2023-05-10,USD,0.0500,582,0
241,CUST-000241,Customer 00241,Enterprise,Energy,West US,US,Active,2024-02-21,2024-04-03,USD,0.0500,727,1
242,CUST-000242,Customer 00242,MidMarket,Technology,East US,US,Active,2025-02-26,2025-03-04,USD,0.0000,669,1
243,CUST-000243,Customer 00243,SmallBusiness,Energy,West US,US,Active,2023-02-07,2023-04-02,USD,0.0650,599,1
244,CUST-000244,Customer 00244,Enterprise,Manufacturing,UK South,GB,Active,2024-09-09,2024-09-16,USD,0.0825,832,0
245,CUST-000245,Customer 00245,SmallBusiness,Technology,West US,US,Suspended,2025-05-21,2025-06-23,USD,0.0650,663,0
246,CUST-000246,Customer 00246,SmallBusiness,Manufacturing,Central US,US,Active,2025-01-05,2025-01-17,USD,0.0825,678,1
247,CUST-000247,Customer 00247,SmallBusiness,Finance,Canada Central,CA,Active,2025-04-26,2025-05-24,USD,0.0000,674,0
248,CUST-000248,Customer 00248,SmallBusiness,Education,Canada Central,CA,Active,2023-11-28,2024-01-27,USD,0.0725,716,0
249,CUST-000249,Customer 00249,SmallBusiness,Education,Central US,US,Active,2024-08-19,2024-10-05,USD,0.0500,611,1
250,CUST-000250,Customer 00250,SmallBusiness,Media,Canada Central,CA,Churned,2023-11-11,2023-11-22,USD,0.0650,640,1
251,CUST-000251,Customer 00251,SmallBusiness,Retail,Central US,US,Active,2024-01-12,2024-02-21,USD,0.0725,771,1
252,CUST-000252,Customer 00252,SmallBusiness,Technology,UK South,GB,Active,2024-04-27,2024-06-15,USD,0.0825,621,1
253,CUST-000253,Customer 00253,SmallBusiness,Finance,UK South,GB,Active,2024-12-21,2025-01-14,USD,0.0825,838,1
254,CUST-000254,Customer 00254,SmallBusiness,Media,UK South,GB,Active,2023-06-03,2023-06-14,USD,0.0500,830,1
255,CUST-000255,Customer 00255,SmallBusiness,Retail,UK South,GB,Active,2024-04-01,2024-05-23,USD,0.0725,609,1
256,CUST-000256,Customer 00256,SmallBusiness,Healthcare,Central US,US,Active,2025-01-10,2025-01-12,USD,0.0825,617,1
257,CUST-000257,Customer 00257,SmallBusiness,Healthcare,Central US,US,Churned,2024-12-18,2024-12-23,USD,0.0000,821,1
258,CUST-000258,Customer 00258,SmallBusiness,Logistics,Canada Central,CA,Active,2023-07-04,2023-08-23,USD,0.0725,809,0
259,CUST-000259,Customer 00259,MidMarket,Media,Canada Central,CA,Active,2024-01-20,2024-01-26,USD,0.0650,640,1
260,CUST-000260,Customer 00260,SmallBusiness,Technology,UK South,GB,Suspended,2024-02-07,2024-03-12,USD,0.0000,732,1
261,CUST-000261,Customer 00261,SmallBusiness,Technology,UK South,GB,Active,2024-03-10,2024-04-14,USD,0.0650,659,1
262,CUST-000262,Customer 00262,MidMarket,Healthcare,East US,US,Active,2023-02-02,2023-03-26,USD,0.0000,631,1
263,CUST-000263,Customer 00263,MidMarket,Healthcare,Canada Central,CA,Active,2024-09-04,2024-10-18,USD,0.0000,785,1
264,CUST-000264,Customer 00264,MidMarket,Healthcare,UK South,GB,Active,2023-08-11,2023-09-29,USD,0.0650,699,0
265,CUST-000265,Customer 00265,SmallBusiness,Manufacturing,UK South,GB,Active,2023-11-23,2023-12-30,USD,0.0500,693,1
266,CUST-000266,Customer 00266,Enterprise,Retail,Central US,US,Active,2023-03-04,2023-04-09,USD,0.0725,833,1
267,CUST-000267,Customer 00267,SmallBusiness,Media,Central US,US,Active,2024-10-20,2024-12-02,USD,0.0725,789,1
268,CUST-000268,Customer 00268,SmallBusiness,Technology,Canada Central,CA,Suspended,2023-07-08,2023-08-26,USD,0.0650,653,0
269,CUST-000269,Customer 00269,Enterprise,Media,East US,US,Active,2024-07-29,2024-08-25,USD,0.0725,704,1
270,CUST-000270,Customer 00270,Enterprise,Manufacturing,Central US,US,Active,2024-10-24,2024-10-30,USD,0.0500,606,1
271,CUST-000271,Customer 00271,MidMarket,Technology,UK South,GB,Suspended,2024-09-09,2024-09-12,USD,0.0825,691,1
272,CUST-000272,Customer 00272,SmallBusiness,Technology,Central US,US,Churned,2023-11-07,2024-01-05,USD,0.0000,825,0
273,CUST-000273,Customer 00273,SmallBusiness,Technology,UK South,GB,Active,2024-12-21,2025-01-04,USD,0.0650,774,1
274,CUST-000274,Customer 00274,SmallBusiness,Energy,Central US,US,Active,2023-11-12,2023-11-29,USD,0.0725,743,0
275,CUST-000275,Customer 00275,SmallBusiness,Technology,Central US,US,Active,2023-11-17,2023-12-14,USD,0.0000,713,1
276,CUST-000276,Customer 00276,SmallBusiness,Retail,UK South,GB,Active,2024-08-16,2024-10-02,USD,0.0500,774,1
277,CUST-000277,Customer 00277,MidMarket,Manufacturing,West US,US,Active,2024-05-26,2024-07-01,USD,0.0725,831,1
278,CUST-000278,Customer 00278,MidMarket,Energy,Central US,US,Active,2023-06-23,2023-07-02,USD,0.0825,610,1
279,CUST-000279,Customer 00279,SmallBusiness,Healthcare,East US,US,Active,2025-04-17,2025-05-30,USD,0.0500,614,0
280,CUST-000280,Customer 00280,SmallBusiness,Healthcare,East US,US,Active,2023-08-12,2023-09-14,USD,0.0825,827,1
281,CUST-000281,Customer 00281,SmallBusiness,Healthcare,East US,US,Active,2023-01-07,2023-02-11,USD,0.0650,726,1
282,CUST-000282,Customer 00282,SmallBusiness,Finance,Canada Central,CA,Active,2025-04-05,2025-06-03,USD,0.0500,678,1
283,CUST-000283,Customer 00283,SmallBusiness,Logistics,Central US,US,Active,2025-04-14,2025-05-07,USD,0.0725,815,1
284,CUST-000284,Customer 00284,MidMarket,Finance,West US,US,Active,2023-11-04,2023-12-18,USD,0.0000,627,1
285,CUST-000285,Customer 00285,SmallBusiness,Healthcare,Canada Central,CA,Active,2024-07-19,2024-08-19,USD,0.0000,835,0
286,CUST-000286,Customer 00286,Enterprise,Media,Central US,US,Suspended,2024-08-02,2024-09-26,USD,0.0500,688,0
287,CUST-000287,Customer 00287,SmallBusiness,Finance,UK South,GB,Active,2024-05-01,2024-05-19,USD,0.0650,596,1
288,CUST-000288,Customer 00288,SmallBusiness,Logistics,Central US,US,Churned,2023-01-17,2023-01-31,USD,0.0650,663,1
289,CUST-000289,Customer 00289,SmallBusiness,Media,UK South,GB,Active,2025-05-04,2025-06-28,USD,0.0500,620,1
290,CUST-000290,Customer 00290,SmallBusiness,Finance,Central US,US,Active,2023-02-24,2023-03-03,USD,0.0825,783,0
291,CUST-000291,Customer 00291,SmallBusiness,Energy,Central US,US,Active,2023-01-31,2023-03-13,USD,0.0650,772,1
292,CUST-000292,Customer 00292,SmallBusiness,Education,UK South,GB,Active,2024-11-07,2024-12-02,USD,0.0000,622,1
293,CUST-000293,Customer 00293,MidMarket,Logistics,Canada Central,CA,Active,2024-12-29,2025-02-18,USD,0.0000,626,1
294,CUST-000294,Customer 00294,MidMarket,Finance,Central US,US,Active,2024-03-31,2024-04-24,USD,0.0500,800,1
295,CUST-000295,Customer 00295,SmallBusiness,Finance,UK South,GB,Active,2024-06-08,2024-07-05,USD,0.0000,746,0
296,CUST-000296,Customer 00296,SmallBusiness,Finance,East US,US,Active,2023-10-26,2023-11-22,USD,0.0825,704,1
297,CUST-000297,Customer 00297,SmallBusiness,Education,West US,US,Active,2024-12-02,2024-12-27,USD,0.0725,654,1
298,CUST-000298,Customer 00298,SmallBusiness,Finance,Canada Central,CA,Active,2023-10-10,2023-11-06,USD,0.0500,833,1
299,CUST-000299,Customer 00299,SmallBusiness,Healthcare,West US,US,Churned,2024-04-13,2024-04-20,USD,0.0650,774,0
300,CUST-000300,Customer 00300,SmallBusiness,Retail,Central US,US,Active,2024-03-26,2024-04-17,USD,0.0825,682,1
301,CUST-000301,Customer 00301,SmallBusiness,Energy,West US,US,Churned,2024-02-12,2024-03-04,USD,0.0500,746,1
302,CUST-000302,Customer 00302,Enterprise,Technology,Canada Central,CA,Active,2024-01-09,2024-01-17,USD,0.0825,672,0
303,CUST-000303,Customer 00303,SmallBusiness,Technology,UK South,GB,Active,2023-01-28,2023-03-16,USD,0.0650,615,0
304,CUST-000304,Customer 00304,SmallBusiness,Education,Canada Central,CA,Active,2024-11-20,2024-12-22,USD,0.0500,796,0
305,CUST-000305,Customer 00305,SmallBusiness,Logistics,East US,US,Active,2024-04-04,2024-05-13,USD,0.0725,598,0
306,CUST-000306,Customer 00306,MidMarket,Finance,Central US,US,Active,2024-12-19,2025-02-15,USD,0.0500,761,1
307,CUST-000307,Customer 00307,Enterprise,Logistics,UK South,GB,Churned,2023-02-15,2023-03-24,USD,0.0650,800,1
308,CUST-000308,Customer 00308,SmallBusiness,Media,East US,US,Active,2023-09-22,2023-10-07,USD,0.0825,693,1
309,CUST-000309,Customer 00309,MidMarket,Media,Canada Central,CA,Active,2024-04-19,2024-06-08,USD,0.0000,827,1
310,CUST-000310,Customer 00310,MidMarket,Retail,Canada Central,CA,Active,2023-03-29,2023-04-06,USD,0.0650,813,0
311,CUST-000311,Customer 00311,SmallBusiness,Energy,UK South,GB,Active,2024-05-09,2024-06-01,USD,0.0725,743,1
312,CUST-000312,Customer 00312,SmallBusiness,Manufacturing,East US,US,Active,2025-04-09,2025-05-25,USD,0.0500,704,1
313,CUST-000313,Customer 00313,SmallBusiness,Energy,UK South,GB,Active,2023-06-13,2023-07-05,USD,0.0725,674,1
314,CUST-000314,Customer 00314,MidMarket,Technology,Canada Central,CA,Active,2024-02-10,2024-02-12,USD,0.0725,779,1
315,CUST-000315,Customer 00315,MidMarket,Finance,West US,US,Active,2023-07-30,2023-08-17,USD,0.0825,675,1
316,CUST-000316,Customer 00316,SmallBusiness,Energy,West US,US,Active,2024-04-13,2024-04-21,USD,0.0650,778,1
317,CUST-000317,Customer 00317,SmallBusiness,Energy,UK South,GB,Active,2023-04-27,2023-05-20,USD,0.0650,623,1
318,CUST-000318,Customer 00318,SmallBusiness,Retail,Central US,US,Active,2023-05-01,2023-05-17,USD,0.0500,778,1
319,CUST-000319,Customer 00319,SmallBusiness,Energy,West US,US,Active,2024-08-11,2024-09-05,USD,0.0500,665,1
320,CUST-000320,Customer 00320,MidMarket,Healthcare,West US,US,Suspended,2023-07-11,2023-08-01,USD,0.0000,828,1
321,CUST-000321,Customer 00321,MidMarket,Logistics,Canada Central,CA,Active,2024-07-29,2024-08-31,USD,0.0725,807,1
322,CUST-000322,Customer 00322,MidMarket,Technology,East US,US,Active,2024-08-01,2024-08-03,USD,0.0650,695,1
323,CUST-000323,Customer 00323,SmallBusiness,Energy,West US,US,Active,2025-03-10,2025-04-09,USD,0.0000,638,1
324,CUST-000324,Customer 00324,SmallBusiness,Healthcare,UK South,GB,Active,2025-04-23,2025-05-17,USD,0.0725,691,0
325,CUST-000325,Customer 00325,MidMarket,Technology,East US,US,Active,2025-01-23,2025-03-18,USD,0.0000,810,1
326,CUST-000326,Customer 00326,Enterprise,Technology,East US,US,Active,2024-03-25,2024-05-20,USD,0.0825,759,0
327,CUST-000327,Customer 00327,SmallBusiness,Retail,UK South,GB,Active,2024-10-09,2024-11-06,USD,0.0500,610,1
328,CUST-000328,Customer 00328,SmallBusiness,Manufacturing,UK South,GB,Churned,2023-10-15,2023-11-23,USD,0.0650,728,1
329,CUST-000329,Customer 00329,SmallBusiness,Logistics,UK South,GB,Suspended,2024-11-26,2025-01-18,USD,0.0650,644,0
330,CUST-000330,Customer 00330,MidMarket,Technology,West US,US,Active,2023-09-13,2023-09-23,USD,0.0725,830,1
331,CUST-000331,Customer 00331,SmallBusiness,Finance,Central US,US,Active,2024-10-04,2024-10-31,USD,0.0000,786,1
332,CUST-000332,Customer 00332,MidMarket,Energy,Central US,US,Churned,2024-12-12,2025-02-10,USD,0.0650,581,0
333,CUST-000333,Customer 00333,MidMarket,Manufacturing,East US,US,Suspended,2025-01-18,2025-02-17,USD,0.0825,783,1
334,CUST-000334,Customer 00334,SmallBusiness,Manufacturing,Canada Central,CA,Suspended,2025-04-24,2025-05-08,USD,0.0650,646,1
335,CUST-000335,Customer 00335,Enterprise,Healthcare,Canada Central,CA,Active,2025-03-18,2025-04-09,USD,0.0725,588,1
336,CUST-000336,Customer 00336,SmallBusiness,Logistics,West US,US,Active,2024-03-27,2024-04-26,USD,0.0500,734,1
337,CUST-000337,Customer 00337,SmallBusiness,Finance,Central US,US,Active,2023-04-06,2023-05-18,USD,0.0500,606,1
338,CUST-000338,Customer 00338,MidMarket,Logistics,Central US,US,Active,2025-01-13,2025-02-27,USD,0.0000,580,1
339,CUST-000339,Customer 00339,SmallBusiness,Energy,East US,US,Active,2023-05-16,2023-06-23,USD,0.0650,641,0
340,CUST-000340,Customer 00340,SmallBusiness,Technology,Canada Central,CA,Active,2024-12-11,2024-12-20,USD,0.0000,632,1
341,CUST-000341,Customer 00341,MidMarket,Retail,Central US,US,Active,2023-05-21,2023-06-15,USD,0.0500,615,1
342,CUST-000342,Customer 00342,SmallBusiness,Manufacturing,East US,US,Active,2024-09-16,2024-10-28,USD,0.0500,790,1
343,CUST-000343,Customer 00343,SmallBusiness,Finance,Canada Central,CA,Active,2025-05-30,2025-06-13,USD,0.0000,776,1
344,CUST-000344,Customer 00344,SmallBusiness,Education,Canada Central,CA,Active,2023-11-19,2024-01-09,USD,0.0500,725,0
345,CUST-000345,Customer 00345,MidMarket,Education,East US,US,Active,2025-05-18,2025-07-12,USD,0.0825,840,1
346,CUST-000346,Customer 00346,SmallBusiness,Technology,Canada Central,CA,Active,2023-10-30,2023-12-11,USD,0.0000,703,1
347,CUST-000347,Customer 00347,Enterprise,Healthcare,UK South,GB,Churned,2023-03-14,2023-04-17,USD,0.0650,647,1
348,CUST-000348,Customer 00348,SmallBusiness,Retail,UK South,GB,Active,2024-03-06,2024-03-30,USD,0.0000,588,1
349,CUST-000349,Customer 00349,SmallBusiness,Healthcare,East US,US,Churned,2023-09-26,2023-10-10,USD,0.0725,839,1
350,CUST-000350,Customer 00350,SmallBusiness,Logistics,UK South,GB,Active,2025-02-24,2025-03-23,USD,0.0825,658,1
351,CUST-000351,Customer 00351,Enterprise,Retail,Central US,US,Active,2023-03-22,2023-04-24,USD,0.0725,613,1
352,CUST-000352,Customer 00352,SmallBusiness,Technology,Canada Central,CA,Active,2025-01-17,2025-03-13,USD,0.0725,639,1
353,CUST-000353,Customer 00353,MidMarket,Retail,UK South,GB,Active,2023-02-26,2023-03-18,USD,0.0500,585,1
354,CUST-000354,Customer 00354,MidMarket,Education,Central US,US,Active,2024-06-19,2024-07-23,USD,0.0500,717,0
355,CUST-000355,Customer 00355,SmallBusiness,Logistics,East US,US,Active,2025-02-28,2025-04-27,USD,0.0000,714,0
356,CUST-000356,Customer 00356,SmallBusiness,Media,UK South,GB,Active,2024-10-04,2024-10-09,USD,0.0725,665,1
357,CUST-000357,Customer 00357,Enterprise,Finance,Central US,US,Active,2025-03-02,2025-03-09,USD,0.0825,581,1
358,CUST-000358,Customer 00358,SmallBusiness,Logistics,East US,US,Churned,2023-09-08,2023-09-11,USD,0.0500,598,1
359,CUST-000359,Customer 00359,SmallBusiness,Manufacturing,Canada Central,CA,Active,2023-08-18,2023-09-08,USD,0.0000,770,1
360,CUST-000360,Customer 00360,MidMarket,Healthcare,East US,US,Churned,2023-07-03,2023-07-18,USD,0.0000,818,0
361,CUST-000361,Customer 00361,SmallBusiness,Healthcare,Central US,US,Active,2023-12-02,2023-12-08,USD,0.0650,735,0
362,CUST-000362,Customer 00362,SmallBusiness,Energy,West US,US,Churned,2024-04-20,2024-05-14,USD,0.0500,705,1
363,CUST-000363,Customer 00363,SmallBusiness,Healthcare,Canada Central,CA,Churned,2023-01-25,2023-02-09,USD,0.0000,772,0
364,CUST-000364,Customer 00364,SmallBusiness,Technology,Central US,US,Active,2023-04-17,2023-05-01,USD,0.0000,652,0
365,CUST-000365,Customer 00365,SmallBusiness,Media,East US,US,Active,2023-02-14,2023-04-14,USD,0.0650,814,0
366,CUST-000366,Customer 00366,SmallBusiness,Logistics,East US,US,Active,2024-08-17,2024-08-24,USD,0.0825,611,1
367,CUST-000367,Customer 00367,SmallBusiness,Manufacturing,West US,US,Churned,2023-08-31,2023-09-19,USD,0.0725,747,1
368,CUST-000368,Customer 00368,Enterprise,Retail,Central US,US,Active,2023-08-28,2023-09-02,USD,0.0825,635,1
369,CUST-000369,Customer 00369,SmallBusiness,Finance,West US,US,Active,2024-04-05,2024-05-05,USD,0.0500,811,1
370,CUST-000370,Customer 00370,SmallBusiness,Education,Central US,US,Suspended,2025-05-22,2025-05-30,USD,0.0825,600,1
371,CUST-000371,Customer 00371,MidMarket,Manufacturing,Central US,US,Active,2023-06-01,2023-06-07,USD,0.0000,733,1
372,CUST-000372,Customer 00372,MidMarket,Media,West US,US,Active,2023-02-01,2023-02-27,USD,0.0500,628,1
373,CUST-000373,Customer 00373,SmallBusiness,Technology,West US,US,Active,2023-05-05,2023-05-06,USD,0.0725,770,0
374,CUST-000374,Customer 00374,SmallBusiness,Finance,East US,US,Active,2024-08-19,2024-09-26,USD,0.0000,681,0
375,CUST-000375,Customer 00375,SmallBusiness,Manufacturing,Canada Central,CA,Active,2025-04-08,2025-04-17,USD,0.0725,605,1
376,CUST-000376,Customer 00376,MidMarket,Energy,UK South,GB,Active,2024-03-19,2024-05-11,USD,0.0725,668,1
377,CUST-000377,Customer 00377,SmallBusiness,Retail,West US,US,Active,2023-10-09,2023-10-27,USD,0.0825,705,1
378,CUST-000378,Customer 00378,SmallBusiness,Healthcare,Canada Central,CA,Active,2024-02-26,2024-04-23,USD,0.0725,650,1
379,CUST-000379,Customer 00379,Enterprise,Media,UK South,GB,Active,2023-09-13,2023-10-24,USD,0.0725,763,1
380,CUST-000380,Customer 00380,SmallBusiness,Manufacturing,Canada Central,CA,Active,2023-12-19,2024-02-16,USD,0.0500,593,1
381,CUST-000381,Customer 00381,MidMarket,Education,West US,US,Active,2023-01-31,2023-03-30,USD,0.0725,763,0
382,CUST-000382,Customer 00382,SmallBusiness,Technology,West US,US,Active,2023-06-13,2023-06-20,USD,0.0000,692,1
383,CUST-000383,Customer 00383,MidMarket,Retail,Canada Central,CA,Active,2023-12-30,2024-02-28,USD,0.0825,742,0
384,CUST-000384,Customer 00384,MidMarket,Manufacturing,Central US,US,Churned,2024-08-28,2024-08-30,USD,0.0825,652,1
385,CUST-000385,Customer 00385,Enterprise,Energy,West US,US,Active,2025-05-06,2025-06-27,USD,0.0500,831,1
386,CUST-000386,Customer 00386,SmallBusiness,Media,East US,US,Active,2023-08-27,2023-10-05,USD,0.0650,683,0
387,CUST-000387,Customer 00387,Enterprise,Manufacturing,Central US,US,Active,2025-01-04,2025-01-16,USD,0.0500,652,0
388,CUST-000388,Customer 00388,Enterprise,Manufacturing,UK South,GB,Active,2025-05-31,2025-06-24,USD,0.0725,631,1
389,CUST-000389,Customer 00389,MidMarket,Logistics,Central US,US,Active,2023-05-20,2023-05-31,USD,0.0725,742,1
390,CUST-000390,Customer 00390,Enterprise,Manufacturing,UK South,GB,Active,2024-12-11,2025-02-06,USD,0.0825,669,1
391,CUST-000391,Customer 00391,MidMarket,Logistics,Central US,US,Suspended,2023-05-11,2023-05-23,USD,0.0825,596,1
392,CUST-000392,Customer 00392,SmallBusiness,Finance,Central US,US,Churned,2025-04-08,2025-05-18,USD,0.0500,749,0
393,CUST-000393,Customer 00393,SmallBusiness,Finance,West US,US,Suspended,2023-12-22,2024-01-12,USD,0.0650,808,1
394,CUST-000394,Customer 00394,SmallBusiness,Education,West US,US,Active,2023-09-13,2023-10-28,USD,0.0000,604,1
395,CUST-000395,Customer 00395,SmallBusiness,Logistics,Canada Central,CA,Active,2023-06-20,2023-08-16,USD,0.0725,631,0
396,CUST-000396,Customer 00396,MidMarket,Retail,UK South,GB,Active,2024-10-28,2024-12-16,USD,0.0000,730,1
397,CUST-000397,Customer 00397,SmallBusiness,Logistics,Central US,US,Active,2023-04-18,2023-04-23,USD,0.0000,627,1
398,CUST-000398,Customer 00398,SmallBusiness,Retail,UK South,GB,Active,2024-05-09,2024-06-24,USD,0.0725,660,1
399,CUST-000399,Customer 00399,SmallBusiness,Media,Central US,US,Active,2023-07-30,2023-08-12,USD,0.0825,715,1
400,CUST-000400,Customer 00400,SmallBusiness,Media,Central US,US,Suspended,2023-09-01,2023-09-08,USD,0.0500,607,1
401,CUST-000401,Customer 00401,MidMarket,Energy,Canada Central,CA,Active,2023-03-31,2023-04-19,USD,0.0000,685,1
402,CUST-000402,Customer 00402,MidMarket,Education,Central US,US,Active,2023-03-25,2023-04-25,USD,0.0725,830,0
403,CUST-000403,Customer 00403,SmallBusiness,Retail,Central US,US,Active,2023-04-04,2023-05-16,USD,0.0725,769,1
404,CUST-000404,Customer 00404,SmallBusiness,Technology,East US,US,Suspended,2023-09-27,2023-10-26,USD,0.0825,611,1
405,CUST-000405,Customer 00405,SmallBusiness,Media,East US,US,Active,2023-03-29,2023-05-11,USD,0.0825,696,1
406,CUST-000406,Customer 00406,SmallBusiness,Media,Canada Central,CA,Active,2025-04-18,2025-05-22,USD,0.0725,700,1
407,CUST-000407,Customer 00407,MidMarket,Healthcare,East US,US,Active,2024-02-09,2024-04-07,USD,0.0825,655,1
408,CUST-000408,Customer 00408,Enterprise,Technology,Canada Central,CA,Active,2023-06-27,2023-07-08,USD,0.0725,620,0
409,CUST-000409,Customer 00409,MidMarket,Education,Canada Central,CA,Active,2023-07-26,2023-09-17,USD,0.0000,624,1
410,CUST-000410,Customer 00410,MidMarket,Media,Canada Central,CA,Active,2024-07-19,2024-08-09,USD,0.0000,794,1
411,CUST-000411,Customer 00411,SmallBusiness,Finance,West US,US,Churned,2023-06-01,2023-07-08,USD,0.0825,631,0
412,CUST-000412,Customer 00412,MidMarket,Education,UK South,GB,Active,2025-06-20,2025-07-13,USD,0.0725,822,1
413,CUST-000413,Customer 00413,MidMarket,Logistics,Central US,US,Active,2024-02-17,2024-02-27,USD,0.0650,701,1
414,CUST-000414,Customer 00414,SmallBusiness,Manufacturing,Canada Central,CA,Suspended,2023-10-03,2023-11-30,USD,0.0650,739,1
415,CUST-000415,Customer 00415,MidMarket,Technology,Canada Central,CA,Active,2025-05-28,2025-07-12,USD,0.0725,744,1
416,CUST-000416,Customer 00416,SmallBusiness,Energy,Canada Central,CA,Active,2024-09-11,2024-10-23,USD,0.0725,828,0
417,CUST-000417,Customer 00417,SmallBusiness,Retail,Central US,US,Active,2025-04-20,2025-04-24,USD,0.0825,786,1
418,CUST-000418,Customer 00418,SmallBusiness,Technology,UK South,GB,Suspended,2025-06-19,2025-07-26,USD,0.0500,609,1
419,CUST-000419,Customer 00419,SmallBusiness,Technology,Canada Central,CA,Active,2023-02-21,2023-04-21,USD,0.0725,838,1
420,CUST-000420,Customer 00420,SmallBusiness,Energy,East US,US,Active,2024-11-28,2024-11-30,USD,0.0500,822,1
421,CUST-000421,Customer 00421,MidMarket,Education,Central US,US,Active,2023-12-19,2023-12-30,USD,0.0000,725,1
422,CUST-000422,Customer 00422,SmallBusiness,Technology,East US,US,Suspended,2023-06-16,2023-08-10,USD,0.0500,685,1
423,CUST-000423,Customer 00423,MidMarket,Healthcare,Canada Central,CA,Active,2024-06-09,2024-06-11,USD,0.0500,668,1
424,CUST-000424,Customer 00424,MidMarket,Education,East US,US,Active,2023-08-18,2023-09-04,USD,0.0650,796,0
425,CUST-000425,Customer 00425,SmallBusiness,Education,Central US,US,Active,2024-04-15,2024-05-02,USD,0.0825,783,1
426,CUST-000426,Customer 00426,Enterprise,Manufacturing,East US,US,Active,2024-06-07,2024-07-20,USD,0.0825,724,1
427,CUST-000427,Customer 00427,SmallBusiness,Education,East US,US,Active,2024-05-08,2024-05-13,USD,0.0650,713,1
428,CUST-000428,Customer 00428,SmallBusiness,Technology,Central US,US,Suspended,2023-07-12,2023-07-22,USD,0.0825,786,1
429,CUST-000429,Customer 00429,MidMarket,Education,West US,US,Active,2025-01-08,2025-01-10,USD,0.0725,787,1
430,CUST-000430,Customer 00430,Enterprise,Technology,East US,US,Active,2024-08-20,2024-10-05,USD,0.0500,823,0
431,CUST-000431,Customer 00431,MidMarket,Media,Central US,US,Active,2024-06-03,2024-06-23,USD,0.0000,821,1
432,CUST-000432,Customer 00432,SmallBusiness,Retail,Central US,US,Churned,2025-01-12,2025-03-05,USD,0.0650,625,1
433,CUST-000433,Customer 00433,SmallBusiness,Manufacturing,West US,US,Active,2025-02-01,2025-03-29,USD,0.0825,730,1
434,CUST-000434,Customer 00434,MidMarket,Finance,East US,US,Active,2024-04-26,2024-04-30,USD,0.0500,836,1
435,CUST-000435,Customer 00435,SmallBusiness,Retail,Canada Central,CA,Active,2024-06-26,2024-07-16,USD,0.0500,755,1
436,CUST-000436,Customer 00436,SmallBusiness,Retail,UK South,GB,Active,2024-04-13,2024-04-23,USD,0.0725,750,1
437,CUST-000437,Customer 00437,SmallBusiness,Energy,West US,US,Active,2023-11-17,2023-12-28,USD,0.0500,661,1
438,CUST-000438,Customer 00438,SmallBusiness,Logistics,East US,US,Active,2023-05-13,2023-06-22,USD,0.0725,776,1
439,CUST-000439,Customer 00439,SmallBusiness,Healthcare,UK South,GB,Suspended,2023-07-24,2023-09-09,USD,0.0825,677,1
440,CUST-000440,Customer 00440,SmallBusiness,Manufacturing,East US,US,Active,2024-10-03,2024-11-19,USD,0.0000,776,1
441,CUST-000441,Customer 00441,MidMarket,Education,Central US,US,Churned,2023-06-21,2023-06-26,USD,0.0725,752,1
442,CUST-000442,Customer 00442,SmallBusiness,Technology,West US,US,Active,2023-12-17,2024-02-13,USD,0.0725,589,1
443,CUST-000443,Customer 00443,SmallBusiness,Media,West US,US,Active,2023-08-05,2023-09-21,USD,0.0650,599,1
444,CUST-000444,Customer 00444,MidMarket,Healthcare,Central US,US,Active,2025-02-28,2025-04-04,USD,0.0000,604,0
445,CUST-000445,Customer 00445,SmallBusiness,Education,Canada Central,CA,Active,2024-03-30,2024-04-24,USD,0.0500,685,0
446,CUST-000446,Customer 00446,MidMarket,Media,East US,US,Active,2023-11-05,2023-12-02,USD,0.0825,650,1
447,CUST-000447,Customer 00447,MidMarket,Education,East US,US,Active,2024-06-07,2024-07-24,USD,0.0000,834,1
448,CUST-000448,Customer 00448,MidMarket,Technology,West US,US,Active,2025-03-07,2025-03-24,USD,0.0725,731,1
449,CUST-000449,Customer 00449,SmallBusiness,Energy,UK South,GB,Active,2024-05-23,2024-07-21,USD,0.0000,586,1
450,CUST-000450,Customer 00450,MidMarket,Retail,East US,US,Churned,2025-05-05,2025-06-11,USD,0.0825,618,0
451,CUST-000451,Customer 00451,SmallBusiness,Education,East US,US,Active,2023-09-20,2023-11-01,USD,0.0000,631,0
452,CUST-000452,Customer 00452,SmallBusiness,Manufacturing,East US,US,Active,2025-05-22,2025-06-10,USD,0.0000,628,0
453,CUST-000453,Customer 00453,SmallBusiness,Retail,East US,US,Active,2023-01-10,2023-03-06,USD,0.0725,717,0
454,CUST-000454,Customer 00454,SmallBusiness,Finance,East US,US,Active,2024-01-17,2024-03-10,USD,0.0725,719,0
455,CUST-000455,Customer 00455,MidMarket,Retail,Canada Central,CA,Active,2025-03-30,2025-04-26,USD,0.0000,661,1
456,CUST-000456,Customer 00456,SmallBusiness,Energy,UK South,GB,Active,2024-05-09,2024-06-30,USD,0.0725,763,1
457,CUST-000457,Customer 00457,SmallBusiness,Logistics,West US,US,Active,2024-05-09,2024-07-07,USD,0.0000,713,1
458,CUST-000458,Customer 00458,MidMarket,Technology,East US,US,Churned,2024-12-22,2025-02-16,USD,0.0650,628,1
459,CUST-000459,Customer 00459,MidMarket,Logistics,West US,US,Active,2024-05-08,2024-05-31,USD,0.0825,607,1
460,CUST-000460,Customer 00460,SmallBusiness,Energy,West US,US,Suspended,2024-06-01,2024-07-26,USD,0.0000,831,1
461,CUST-000461,Customer 00461,SmallBusiness,Media,Central US,US,Active,2023-10-12,2023-10-16,USD,0.0725,700,1
462,CUST-000462,Customer 00462,SmallBusiness,Energy,Canada Central,CA,Active,2025-03-31,2025-05-07,USD,0.0000,834,0
463,CUST-000463,Customer 00463,SmallBusiness,Media,East US,US,Active,2023-04-16,2023-05-12,USD,0.0000,735,0
464,CUST-000464,Customer 00464,MidMarket,Manufacturing,UK South,GB,Active,2023-07-31,2023-09-11,USD,0.0000,694,0
465,CUST-000465,Customer 00465,MidMarket,Energy,Central US,US,Active,2024-07-27,2024-09-15,USD,0.0650,811,1
466,CUST-000466,Customer 00466,SmallBusiness,Education,West US,US,Active,2023-01-03,2023-01-25,USD,0.0650,634,1
467,CUST-000467,Customer 00467,MidMarket,Logistics,West US,US,Active,2024-05-19,2024-05-28,USD,0.0825,680,1
468,CUST-000468,Customer 00468,MidMarket,Technology,Canada Central,CA,Active,2023-08-09,2023-09-08,USD,0.0000,792,1
469,CUST-000469,Customer 00469,Enterprise,Energy,UK South,GB,Active,2023-05-07,2023-06-26,USD,0.0825,648,0
470,CUST-000470,Customer 00470,SmallBusiness,Logistics,East US,US,Suspended,2024-06-27,2024-08-14,USD,0.0725,840,0
471,CUST-000471,Customer 00471,SmallBusiness,Retail,West US,US,Active,2024-12-09,2025-01-16,USD,0.0825,744,1
472,CUST-000472,Customer 00472,Enterprise,Technology,Canada Central,CA,Active,2024-03-04,2024-04-12,USD,0.0650,730,1
473,CUST-000473,Customer 00473,MidMarket,Media,West US,US,Active,2023-05-22,2023-06-18,USD,0.0825,740,0
474,CUST-000474,Customer 00474,SmallBusiness,Education,UK South,GB,Active,2024-10-09,2024-10-23,USD,0.0500,671,1
475,CUST-000475,Customer 00475,MidMarket,Media,Central US,US,Active,2024-12-28,2025-01-05,USD,0.0825,793,1
476,CUST-000476,Customer 00476,MidMarket,Healthcare,UK South,GB,Active,2023-10-20,2023-12-16,USD,0.0000,775,1
477,CUST-000477,Customer 00477,MidMarket,Retail,East US,US,Churned,2023-07-24,2023-08-11,USD,0.0650,654,0
478,CUST-000478,Customer 00478,SmallBusiness,Manufacturing,Central US,US,Suspended,2023-07-28,2023-09-15,USD,0.0000,694,0
479,CUST-000479,Customer 00479,SmallBusiness,Education,UK South,GB,Active,2024-02-03,2024-02-19,USD,0.0000,775,1
480,CUST-000480,Customer 00480,SmallBusiness,Education,Central US,US,Active,2024-07-19,2024-07-23,USD,0.0725,695,0
481,CUST-000481,Customer 00481,SmallBusiness,Technology,Central US,US,Active,2025-02-12,2025-03-22,USD,0.0500,730,1
482,CUST-000482,Customer 00482,MidMarket,Finance,East US,US,Active,2023-07-11,2023-07-23,USD,0.0725,722,1
483,CUST-000483,Customer 00483,MidMarket,Healthcare,West US,US,Active,2023-06-14,2023-07-22,USD,0.0500,600,1
484,CUST-000484,Customer 00484,MidMarket,Education,Central US,US,Active,2024-09-03,2024-09-07,USD,0.0825,763,1
485,CUST-000485,Customer 00485,Enterprise,Media,Central US,US,Active,2024-06-22,2024-07-07,USD,0.0825,661,1
486,CUST-000486,Customer 00486,SmallBusiness,Technology,UK South,GB,Active,2024-02-18,2024-02-24,USD,0.0650,764,1
487,CUST-000487,Customer 00487,Enterprise,Healthcare,UK South,GB,Active,2024-06-27,2024-07-28,USD,0.0650,808,1
488,CUST-000488,Customer 00488,Enterprise,Manufacturing,UK South,GB,Active,2024-09-28,2024-10-14,USD,0.0000,777,1
489,CUST-000489,Customer 00489,SmallBusiness,Manufacturing,Central US,US,Active,2023-01-26,2023-03-26,USD,0.0825,808,1
490,CUST-000490,Customer 00490,SmallBusiness,Finance,Central US,US,Churned,2024-10-29,2024-11-11,USD,0.0500,583,1
491,CUST-000491,Customer 00491,MidMarket,Logistics,West US,US,Suspended,2024-11-17,2024-12-28,USD,0.0500,802,1
492,CUST-000492,Customer 00492,SmallBusiness,Energy,East US,US,Active,2025-02-03,2025-03-19,USD,0.0000,624,1
493,CUST-000493,Customer 00493,SmallBusiness,Technology,West US,US,Suspended,2025-03-24,2025-04-10,USD,0.0725,778,1
494,CUST-000494,Customer 00494,SmallBusiness,Finance,Canada Central,CA,Active,2024-03-19,2024-04-09,USD,0.0825,612,0
495,CUST-000495,Customer 00495,MidMarket,Manufacturing,UK South,GB,Churned,2023-02-16,2023-04-02,USD,0.0000,728,0
496,CUST-000496,Customer 00496,SmallBusiness,Energy,Central US,US,Active,2024-09-13,2024-09-19,USD,0.0000,822,1
497,CUST-000497,Customer 00497,SmallBusiness,Media,West US,US,Active,2023-05-20,2023-07-07,USD,0.0500,732,1
498,CUST-000498,Customer 00498,MidMarket,Retail,Central US,US,Active,2023-01-12,2023-02-17,USD,0.0000,781,1
499,CUST-000499,Customer 00499,MidMarket,Manufacturing,East US,US,Active,2023-11-09,2023-11-23,USD,0.0825,652,1
500,CUST-000500,Customer 00500,SmallBusiness,Finance,West US,US,Active,2024-09-23,2024-11-16,USD,0.0825,607,0
501,CUST-000501,Customer 00501,SmallBusiness,Education,UK South,GB,Active,2024-04-17,2024-05-29,USD,0.0650,630,1
502,CUST-000502,Customer 00502,SmallBusiness,Technology,UK South,GB,Active,2024-05-13,2024-06-04,USD,0.0825,615,0
503,CUST-000503,Customer 00503,SmallBusiness,Education,Central US,US,Active,2024-05-12,2024-06-10,USD,0.0500,766,0
504,CUST-000504,Customer 00504,SmallBusiness,Technology,Canada Central,CA,Active,2023-06-22,2023-06-23,USD,0.0725,721,0
505,CUST-000505,Customer 00505,SmallBusiness,Energy,West US,US,Active,2024-11-26,2025-01-12,USD,0.0650,736,1
506,CUST-000506,Customer 00506,MidMarket,Education,East US,US,Suspended,2023-06-29,2023-08-10,USD,0.0500,680,1
507,CUST-000507,Customer 00507,Enterprise,Media,East US,US,Active,2025-01-14,2025-01-19,USD,0.0825,787,0
508,CUST-000508,Customer 00508,SmallBusiness,Media,West US,US,Active,2023-02-07,2023-03-15,USD,0.0500,767,1
509,CUST-000509,Customer 00509,SmallBusiness,Energy,UK South,GB,Active,2025-01-20,2025-03-16,USD,0.0000,783,1
510,CUST-000510,Customer 00510,MidMarket,Retail,East US,US,Active,2024-11-09,2024-11-25,USD,0.0500,808,1
511,CUST-000511,Customer 00511,MidMarket,Retail,UK South,GB,Active,2024-08-02,2024-09-14,USD,0.0725,763,1
512,CUST-000512,Customer 00512,SmallBusiness,Technology,Canada Central,CA,Active,2023-08-26,2023-08-31,USD,0.0500,764,1
513,CUST-000513,Customer 00513,SmallBusiness,Manufacturing,Canada Central,CA,Active,2025-06-21,2025-06-24,USD,0.0825,720,0
514,CUST-000514,Customer 00514,SmallBusiness,Logistics,Central US,US,Active,2024-08-15,2024-09-19,USD,0.0650,619,1
515,CUST-000515,Customer 00515,SmallBusiness,Manufacturing,Canada Central,CA,Active,2023-08-17,2023-09-20,USD,0.0725,583,1
516,CUST-000516,Customer 00516,SmallBusiness,Media,West US,US,Active,2024-03-26,2024-04-06,USD,0.0500,656,1
517,CUST-000517,Customer 00517,MidMarket,Technology,Central US,US,Active,2024-09-08,2024-10-24,USD,0.0650,638,1
518,CUST-000518,Customer 00518,SmallBusiness,Logistics,Canada Central,CA,Active,2024-05-05,2024-05-19,USD,0.0000,645,1
519,CUST-000519,Customer 00519,SmallBusiness,Retail,West US,US,Active,2023-05-18,2023-06-28,USD,0.0650,672,1
520,CUST-000520,Customer 00520,MidMarket,Education,Canada Central,CA,Churned,2024-09-05,2024-10-12,USD,0.0500,809,1
521,CUST-000521,Customer 00521,SmallBusiness,Logistics,Canada Central,CA,Active,2025-06-07,2025-07-08,USD,0.0825,673,1
522,CUST-000522,Customer 00522,MidMarket,Manufacturing,UK South,GB,Churned,2023-09-28,2023-10-09,USD,0.0825,615,1
523,CUST-000523,Customer 00523,SmallBusiness,Media,Canada Central,CA,Suspended,2023-05-16,2023-05-23,USD,0.0825,794,0
524,CUST-000524,Customer 00524,SmallBusiness,Healthcare,UK South,GB,Suspended,2023-04-09,2023-04-21,USD,0.0825,837,0
525,CUST-000525,Customer 00525,SmallBusiness,Media,East US,US,Suspended,2024-05-08,2024-06-20,USD,0.0725,795,1
526,CUST-000526,Customer 00526,SmallBusiness,Energy,East US,US,Active,2024-12-15,2025-01-18,USD,0.0725,759,1
527,CUST-000527,Customer 00527,SmallBusiness,Energy,UK South,GB,Active,2023-04-11,2023-05-09,USD,0.0000,725,1
528,CUST-000528,Customer 00528,SmallBusiness,Healthcare,UK South,GB,Active,2024-02-23,2024-03-11,USD,0.0000,583,1
529,CUST-000529,Customer 00529,SmallBusiness,Manufacturing,West US,US,Active,2024-12-05,2025-01-26,USD,0.0725,709,1
530,CUST-000530,Customer 00530,SmallBusiness,Education,UK South,GB,Churned,2024-03-09,2024-04-15,USD,0.0725,684,1
531,CUST-000531,Customer 00531,SmallBusiness,Media,UK South,GB,Active,2024-05-09,2024-05-21,USD,0.0650,756,0
532,CUST-000532,Customer 00532,MidMarket,Finance,Canada Central,CA,Active,2025-01-23,2025-02-01,USD,0.0725,662,1
533,CUST-000533,Customer 00533,SmallBusiness,Media,UK South,GB,Active,2024-02-15,2024-04-06,USD,0.0000,662,1
534,CUST-000534,Customer 00534,MidMarket,Energy,East US,US,Churned,2025-04-03,2025-04-09,USD,0.0725,625,1
535,CUST-000535,Customer 00535,MidMarket,Logistics,West US,US,Churned,2024-01-15,2024-01-21,USD,0.0725,726,0
536,CUST-000536,Customer 00536,MidMarket,Energy,UK South,GB,Active,2023-02-28,2023-04-19,USD,0.0500,726,1
537,CUST-000537,Customer 00537,MidMarket,Retail,UK South,GB,Active,2024-06-06,2024-07-10,USD,0.0650,702,1
538,CUST-000538,Customer 00538,MidMarket,Manufacturing,West US,US,Active,2023-03-30,2023-04-17,USD,0.0725,682,1
539,CUST-000539,Customer 00539,SmallBusiness,Media,East US,US,Suspended,2023-04-03,2023-05-09,USD,0.0650,757,0
540,CUST-000540,Customer 00540,Enterprise,Energy,Central US,US,Churned,2023-08-20,2023-09-28,USD,0.0825,582,1
541,CUST-000541,Customer 00541,SmallBusiness,Media,Canada Central,CA,Active,2024-06-02,2024-06-09,USD,0.0000,711,0
542,CUST-000542,Customer 00542,SmallBusiness,Logistics,UK South,GB,Active,2023-09-14,2023-10-29,USD,0.0500,753,0
543,CUST-000543,Customer 00543,Enterprise,Healthcare,Canada Central,CA,Active,2024-11-28,2024-12-28,USD,0.0650,614,1
544,CUST-000544,Customer 00544,SmallBusiness,Manufacturing,West US,US,Active,2024-11-24,2025-01-08,USD,0.0650,584,0
545,CUST-000545,Customer 00545,SmallBusiness,Manufacturing,Central US,US,Active,2023-09-12,2023-10-01,USD,0.0500,823,1
546,CUST-000546,Customer 00546,SmallBusiness,Technology,West US,US,Active,2024-08-10,2024-08-28,USD,0.0500,700,0
547,CUST-000547,Customer 00547,SmallBusiness,Technology,Central US,US,Suspended,2023-07-31,2023-08-15,USD,0.0650,659,0
548,CUST-000548,Customer 00548,Enterprise,Energy,East US,US,Active,2023-03-22,2023-05-05,USD,0.0825,601,0
549,CUST-000549,Customer 00549,SmallBusiness,Education,Central US,US,Active,2024-09-27,2024-10-18,USD,0.0825,723,1
550,CUST-000550,Customer 00550,SmallBusiness,Logistics,UK South,GB,Active,2023-05-12,2023-05-16,USD,0.0825,596,1
551,CUST-000551,Customer 00551,MidMarket,Energy,Canada Central,CA,Churned,2025-05-31,2025-07-14,USD,0.0825,815,1
552,CUST-000552,Customer 00552,SmallBusiness,Finance,East US,US,Active,2023-01-13,2023-02-26,USD,0.0825,712,1
553,CUST-000553,Customer 00553,SmallBusiness,Manufacturing,Central US,US,Active,2023-08-31,2023-09-18,USD,0.0725,797,1
554,CUST-000554,Customer 00554,SmallBusiness,Energy,Central US,US,Active,2024-01-09,2024-03-04,USD,0.0500,697,0
555,CUST-000555,Customer 00555,SmallBusiness,Logistics,Central US,US,Active,2025-04-03,2025-04-19,USD,0.0500,822,0
556,CUST-000556,Customer 00556,SmallBusiness,Media,West US,US,Active,2024-03-07,2024-04-08,USD,0.0650,829,1
557,CUST-000557,Customer 00557,SmallBusiness,Finance,UK South,GB,Active,2025-05-29,2025-07-05,USD,0.0000,690,0
558,CUST-000558,Customer 00558,SmallBusiness,Manufacturing,Canada Central,CA,Active,2025-05-09,2025-06-19,USD,0.0650,711,1
559,CUST-000559,Customer 00559,MidMarket,Technology,Canada Central,CA,Active,2023-05-05,2023-05-28,USD,0.0825,669,0
560,CUST-000560,Customer 00560,MidMarket,Energy,Central US,US,Active,2023-12-30,2024-01-20,USD,0.0725,620,1
561,CUST-000561,Customer 00561,Enterprise,Retail,Central US,US,Active,2024-04-19,2024-05-30,USD,0.0650,795,1
562,CUST-000562,Customer 00562,Enterprise,Finance,UK South,GB,Active,2024-02-19,2024-04-14,USD,0.0500,740,1
563,CUST-000563,Customer 00563,MidMarket,Logistics,Central US,US,Active,2024-12-28,2025-01-15,USD,0.0725,765,0
564,CUST-000564,Customer 00564,SmallBusiness,Healthcare,UK South,GB,Active,2024-04-06,2024-05-03,USD,0.0500,708,0
565,CUST-000565,Customer 00565,SmallBusiness,Finance,East US,US,Active,2023-08-04,2023-08-15,USD,0.0725,607,1
566,CUST-000566,Customer 00566,Enterprise,Finance,Canada Central,CA,Active,2024-06-20,2024-08-08,USD,0.0500,623,1
567,CUST-000567,Customer 00567,SmallBusiness,Education,Canada Central,CA,Active,2023-11-13,2023-11-28,USD,0.0500,647,1
568,CUST-000568,Customer 00568,MidMarket,Manufacturing,West US,US,Suspended,2023-01-30,2023-02-02,USD,0.0725,719,1
569,CUST-000569,Customer 00569,SmallBusiness,Energy,West US,US,Active,2024-12-15,2025-01-19,USD,0.0825,802,1
570,CUST-000570,Customer 00570,SmallBusiness,Media,UK South,GB,Active,2023-11-14,2024-01-12,USD,0.0000,806,1
571,CUST-000571,Customer 00571,SmallBusiness,Healthcare,Canada Central,CA,Active,2023-09-24,2023-10-04,USD,0.0500,756,1
572,CUST-000572,Customer 00572,Enterprise,Energy,UK South,GB,Active,2023-01-09,2023-02-23,USD,0.0725,729,1
573,CUST-000573,Customer 00573,SmallBusiness,Media,East US,US,Active,2024-07-15,2024-08-08,USD,0.0500,663,0
574,CUST-000574,Customer 00574,SmallBusiness,Finance,Canada Central,CA,Active,2025-04-28,2025-05-23,USD,0.0500,719,1
575,CUST-000575,Customer 00575,SmallBusiness,Finance,UK South,GB,Active,2025-04-08,2025-04-26,USD,0.0650,636,1
576,CUST-000576,Customer 00576,MidMarket,Energy,UK South,GB,Active,2024-04-08,2024-04-26,USD,0.0000,657,1
577,CUST-000577,Customer 00577,Enterprise,Education,UK South,GB,Active,2023-01-23,2023-02-04,USD,0.0725,584,1
578,CUST-000578,Customer 00578,SmallBusiness,Logistics,West US,US,Active,2023-01-16,2023-02-17,USD,0.0725,770,1
579,CUST-000579,Customer 00579,MidMarket,Retail,East US,US,Active,2023-12-05,2023-12-11,USD,0.0725,616,1
580,CUST-000580,Customer 00580,MidMarket,Logistics,West US,US,Suspended,2023-07-16,2023-09-12,USD,0.0000,707,1
581,CUST-000581,Customer 00581,Enterprise,Technology,Canada Central,CA,Active,2023-09-11,2023-10-29,USD,0.0000,686,1
582,CUST-000582,Customer 00582,MidMarket,Healthcare,Central US,US,Active,2023-11-27,2023-12-08,USD,0.0825,642,1
583,CUST-000583,Customer 00583,Enterprise,Technology,Central US,US,Churned,2023-07-23,2023-08-16,USD,0.0500,802,1
584,CUST-000584,Customer 00584,SmallBusiness,Logistics,West US,US,Active,2025-03-24,2025-04-11,USD,0.0000,601,1
585,CUST-000585,Customer 00585,SmallBusiness,Finance,Canada Central,CA,Active,2024-12-05,2025-01-13,USD,0.0725,626,0
586,CUST-000586,Customer 00586,SmallBusiness,Manufacturing,Central US,US,Active,2025-02-16,2025-03-29,USD,0.0825,634,1
587,CUST-000587,Customer 00587,MidMarket,Manufacturing,West US,US,Suspended,2023-11-21,2023-12-27,USD,0.0725,678,1
588,CUST-000588,Customer 00588,SmallBusiness,Healthcare,Canada Central,CA,Active,2024-01-02,2024-02-18,USD,0.0725,730,1
589,CUST-000589,Customer 00589,SmallBusiness,Manufacturing,Canada Central,CA,Active,2023-07-14,2023-08-20,USD,0.0725,720,0
590,CUST-000590,Customer 00590,SmallBusiness,Media,UK South,GB,Active,2025-05-31,2025-07-06,USD,0.0650,714,1
591,CUST-000591,Customer 00591,MidMarket,Logistics,Canada Central,CA,Active,2023-01-01,2023-02-20,USD,0.0000,766,0
592,CUST-000592,Customer 00592,SmallBusiness,Media,West US,US,Suspended,2023-11-25,2024-01-11,USD,0.0500,834,0
593,CUST-000593,Customer 00593,SmallBusiness,Manufacturing,West US,US,Active,2024-09-19,2024-10-08,USD,0.0825,614,1
594,CUST-000594,Customer 00594,SmallBusiness,Finance,West US,US,Active,2023-07-02,2023-08-27,USD,0.0000,596,1
595,CUST-000595,Customer 00595,SmallBusiness,Education,Canada Central,CA,Active,2024-11-04,2024-12-06,USD,0.0500,616,1
596,CUST-000596,Customer 00596,Enterprise,Finance,West US,US,Active,2024-11-02,2024-12-04,USD,0.0000,764,1
597,CUST-000597,Customer 00597,MidMarket,Healthcare,Canada Central,CA,Suspended,2025-04-21,2025-05-15,USD,0.0650,600,0
598,CUST-000598,Customer 00598,Enterprise,Finance,Central US,US,Active,2023-03-21,2023-04-04,USD,0.0500,777,1
599,CUST-000599,Customer 00599,SmallBusiness,Retail,UK South,GB,Active,2024-11-03,2024-11-19,USD,0.0825,792,0
600,CUST-000600,Customer 00600,SmallBusiness,Logistics,UK South,GB,Suspended,2024-01-02,2024-02-15,USD,0.0500,672,1
601,CUST-000601,Customer 00601,SmallBusiness,Energy,UK South,GB,Churned,2023-12-12,2024-01-24,USD,0.0650,746,0
602,CUST-000602,Customer 00602,SmallBusiness,Manufacturing,Canada Central,CA,Active,2025-02-21,2025-04-03,USD,0.0825,689,1
603,CUST-000603,Customer 00603,SmallBusiness,Energy,UK South,GB,Active,2025-02-01,2025-02-18,USD,0.0725,580,0
604,CUST-000604,Customer 00604,SmallBusiness,Education,Central US,US,Active,2024-09-02,2024-09-04,USD,0.0500,689,0
605,CUST-000605,Customer 00605,Enterprise,Education,East US,US,Suspended,2025-03-01,2025-04-23,USD,0.0825,659,1
606,CUST-000606,Customer 00606,SmallBusiness,Manufacturing,Canada Central,CA,Suspended,2023-12-31,2024-01-10,USD,0.0500,699,1
607,CUST-000607,Customer 00607,SmallBusiness,Technology,Central US,US,Active,2023-04-05,2023-05-12,USD,0.0650,827,1
608,CUST-000608,Customer 00608,SmallBusiness,Education,UK South,GB,Active,2025-04-19,2025-06-17,USD,0.0825,775,1
609,CUST-000609,Customer 00609,SmallBusiness,Logistics,East US,US,Active,2025-02-28,2025-03-22,USD,0.0000,696,0
610,CUST-000610,Customer 00610,MidMarket,Logistics,UK South,GB,Active,2023-01-12,2023-02-22,USD,0.0825,601,1
611,CUST-000611,Customer 00611,SmallBusiness,Technology,UK South,GB,Active,2023-06-03,2023-06-24,USD,0.0725,808,0
612,CUST-000612,Customer 00612,SmallBusiness,Education,UK South,GB,Active,2024-05-31,2024-06-06,USD,0.0500,647,1
613,CUST-000613,Customer 00613,SmallBusiness,Logistics,Canada Central,CA,Active,2024-08-08,2024-09-25,USD,0.0725,836,1
614,CUST-000614,Customer 00614,SmallBusiness,Technology,West US,US,Active,2025-02-19,2025-02-28,USD,0.0825,680,1
615,CUST-000615,Customer 00615,SmallBusiness,Logistics,UK South,GB,Active,2023-09-10,2023-09-26,USD,0.0825,625,1
616,CUST-000616,Customer 00616,SmallBusiness,Manufacturing,Canada Central,CA,Active,2024-03-09,2024-04-02,USD,0.0000,736,1
617,CUST-000617,Customer 00617,Enterprise,Energy,Central US,US,Active,2024-09-23,2024-11-15,USD,0.0725,602,0
618,CUST-000618,Customer 00618,SmallBusiness,Finance,West US,US,Active,2023-07-24,2023-09-06,USD,0.0000,704,0
619,CUST-000619,Customer 00619,MidMarket,Healthcare,West US,US,Active,2025-06-08,2025-08-01,USD,0.0000,736,1
620,CUST-000620,Customer 00620,MidMarket,Technology,East US,US,Active,2023-12-06,2023-12-20,USD,0.0825,712,1
621,CUST-000621,Customer 00621,MidMarket,Healthcare,UK South,GB,Active,2025-01-17,2025-01-27,USD,0.0825,602,1
622,CUST-000622,Customer 00622,MidMarket,Education,East US,US,Active,2023-10-18,2023-10-31,USD,0.0000,614,1
623,CUST-000623,Customer 00623,Enterprise,Manufacturing,Central US,US,Suspended,2024-11-09,2025-01-03,USD,0.0000,729,0
624,CUST-000624,Customer 00624,SmallBusiness,Finance,Canada Central,CA,Suspended,2023-08-25,2023-09-19,USD,0.0725,625,1
625,CUST-000625,Customer 00625,Enterprise,Healthcare,UK South,GB,Active,2024-04-13,2024-05-19,USD,0.0825,736,1
626,CUST-000626,Customer 00626,SmallBusiness,Manufacturing,Canada Central,CA,Active,2025-02-01,2025-02-12,USD,0.0650,700,0
627,CUST-000627,Customer 00627,SmallBusiness,Education,UK South,GB,Suspended,2023-10-10,2023-12-01,USD,0.0000,723,1
628,CUST-000628,Customer 00628,SmallBusiness,Logistics,Central US,US,Active,2024-02-07,2024-03-21,USD,0.0825,696,1
629,CUST-000629,Customer 00629,Enterprise,Manufacturing,UK South,GB,Active,2023-06-06,2023-07-04,USD,0.0500,685,1
630,CUST-000630,Customer 00630,MidMarket,Retail,UK South,GB,Active,2024-07-08,2024-08-21,USD,0.0825,649,1
631,CUST-000631,Customer 00631,SmallBusiness,Retail,West US,US,Active,2024-11-02,2025-01-01,USD,0.0825,640,1
632,CUST-000632,Customer 00632,MidMarket,Logistics,West US,US,Churned,2025-01-14,2025-01-16,USD,0.0650,806,0
633,CUST-000633,Customer 00633,SmallBusiness,Retail,Central US,US,Active,2023-06-05,2023-07-25,USD,0.0825,716,1
634,CUST-000634,Customer 00634,SmallBusiness,Healthcare,UK South,GB,Active,2023-08-25,2023-10-03,USD,0.0725,648,1
635,CUST-000635,Customer 00635,MidMarket,Retail,UK South,GB,Suspended,2024-04-25,2024-06-10,USD,0.0725,822,1
636,CUST-000636,Customer 00636,SmallBusiness,Healthcare,West US,US,Churned,2023-08-20,2023-08-23,USD,0.0725,693,0
637,CUST-000637,Customer 00637,SmallBusiness,Energy,West US,US,Suspended,2025-02-14,2025-02-28,USD,0.0725,746,0
638,CUST-000638,Customer 00638,MidMarket,Logistics,West US,US,Active,2024-03-13,2024-04-08,USD,0.0725,599,1
639,CUST-000639,Customer 00639,MidMarket,Technology,Canada Central,CA,Active,2024-04-12,2024-06-04,USD,0.0725,600,1
640,CUST-000640,Customer 00640,Enterprise,Technology,UK South,GB,Active,2025-02-22,2025-04-04,USD,0.0725,735,0
641,CUST-000641,Customer 00641,SmallBusiness,Healthcare,Central US,US,Active,2024-04-17,2024-04-28,USD,0.0500,817,0
642,CUST-000642,Customer 00642,SmallBusiness,Retail,Canada Central,CA,Active,2023-04-03,2023-05-20,USD,0.0825,649,1
643,CUST-000643,Customer 00643,SmallBusiness,Technology,Central US,US,Suspended,2024-04-06,2024-04-08,USD,0.0000,708,1
644,CUST-000644,Customer 00644,SmallBusiness,Finance,West US,US,Active,2025-01-05,2025-02-21,USD,0.0650,623,1
645,CUST-000645,Customer 00645,Enterprise,Retail,Canada Central,CA,Active,2025-01-14,2025-03-06,USD,0.0725,602,0
646,CUST-000646,Customer 00646,MidMarket,Retail,Central US,US,Active,2024-08-02,2024-09-27,USD,0.0500,671,0
647,CUST-000647,Customer 00647,SmallBusiness,Energy,East US,US,Active,2024-03-05,2024-03-25,USD,0.0500,640,0
648,CUST-000648,Customer 00648,MidMarket,Healthcare,West US,US,Active,2023-01-04,2023-02-13,USD,0.0725,582,1
649,CUST-000649,Customer 00649,SmallBusiness,Energy,Canada Central,CA,Active,2023-09-01,2023-09-15,USD,0.0725,620,1
650,CUST-000650,Customer 00650,SmallBusiness,Media,East US,US,Suspended,2023-09-08,2023-11-04,USD,0.0500,605,1
651,CUST-000651,Customer 00651,SmallBusiness,Healthcare,East US,US,Active,2024-10-30,2024-11-22,USD,0.0825,732,1
652,CUST-000652,Customer 00652,SmallBusiness,Retail,East US,US,Active,2023-02-20,2023-02-27,USD,0.0650,670,0
653,CUST-000653,Customer 00653,SmallBusiness,Education,UK South,GB,Active,2024-01-04,2024-03-04,USD,0.0725,614,0
654,CUST-000654,Customer 00654,SmallBusiness,Finance,UK South,GB,Active,2023-03-08,2023-03-27,USD,0.0650,748,1
655,CUST-000655,Customer 00655,SmallBusiness,Healthcare,UK South,GB,Active,2023-08-03,2023-09-17,USD,0.0825,624,1
656,CUST-000656,Customer 00656,SmallBusiness,Manufacturing,UK South,GB,Active,2025-03-18,2025-05-03,USD,0.0825,761,0
657,CUST-000657,Customer 00657,SmallBusiness,Energy,UK South,GB,Active,2024-07-30,2024-08-31,USD,0.0500,699,0
658,CUST-000658,Customer 00658,SmallBusiness,Finance,West US,US,Active,2023-01-02,2023-01-10,USD,0.0500,792,1
659,CUST-000659,Customer 00659,MidMarket,Technology,Central US,US,Active,2023-12-25,2024-01-30,USD,0.0500,724,1
660,CUST-000660,Customer 00660,SmallBusiness,Manufacturing,East US,US,Active,2023-11-12,2023-12-02,USD,0.0000,750,1
661,CUST-000661,Customer 00661,MidMarket,Technology,UK South,GB,Active,2024-09-22,2024-09-24,USD,0.0650,825,0
662,CUST-000662,Customer 00662,SmallBusiness,Energy,East US,US,Suspended,2024-10-23,2024-11-01,USD,0.0825,751,1
663,CUST-000663,Customer 00663,MidMarket,Education,Canada Central,CA,Active,2025-01-30,2025-02-03,USD,0.0650,589,1
664,CUST-000664,Customer 00664,Enterprise,Manufacturing,Central US,US,Active,2025-03-29,2025-05-27,USD,0.0500,723,0
665,CUST-000665,Customer 00665,SmallBusiness,Retail,Central US,US,Active,2024-01-20,2024-03-01,USD,0.0725,675,1
666,CUST-000666,Customer 00666,SmallBusiness,Healthcare,Central US,US,Active,2024-12-23,2025-02-16,USD,0.0000,834,0
667,CUST-000667,Customer 00667,Enterprise,Technology,Central US,US,Active,2024-04-07,2024-05-31,USD,0.0500,637,1
668,CUST-000668,Customer 00668,Enterprise,Energy,East US,US,Active,2025-03-07,2025-03-20,USD,0.0725,836,1
669,CUST-000669,Customer 00669,MidMarket,Education,Central US,US,Active,2024-05-10,2024-06-26,USD,0.0500,630,0
670,CUST-000670,Customer 00670,SmallBusiness,Healthcare,UK South,GB,Active,2024-11-23,2024-12-02,USD,0.0825,639,1
671,CUST-000671,Customer 00671,SmallBusiness,Finance,East US,US,Active,2024-12-04,2025-01-28,USD,0.0000,632,1
672,CUST-000672,Customer 00672,MidMarket,Technology,Central US,US,Active,2023-01-24,2023-03-02,USD,0.0500,726,1
673,CUST-000673,Customer 00673,MidMarket,Education,Central US,US,Active,2025-03-02,2025-03-31,USD,0.0650,638,1
674,CUST-000674,Customer 00674,SmallBusiness,Media,UK South,GB,Active,2024-07-27,2024-08-29,USD,0.0650,718,1
675,CUST-000675,Customer 00675,SmallBusiness,Education,Central US,US,Active,2024-08-10,2024-08-26,USD,0.0650,807,1
676,CUST-000676,Customer 00676,MidMarket,Finance,East US,US,Active,2024-04-27,2024-06-24,USD,0.0000,798,1
677,CUST-000677,Customer 00677,MidMarket,Energy,UK South,GB,Active,2024-08-29,2024-10-09,USD,0.0650,750,0
678,CUST-000678,Customer 00678,MidMarket,Energy,UK South,GB,Active,2023-03-22,2023-05-21,USD,0.0000,819,1
679,CUST-000679,Customer 00679,MidMarket,Energy,Central US,US,Active,2024-12-01,2025-01-12,USD,0.0500,653,0
680,CUST-000680,Customer 00680,SmallBusiness,Retail,UK South,GB,Active,2023-09-22,2023-11-20,USD,0.0650,746,1
681,CUST-000681,Customer 00681,SmallBusiness,Energy,East US,US,Active,2023-03-08,2023-04-08,USD,0.0500,724,0
682,CUST-000682,Customer 00682,SmallBusiness,Logistics,UK South,GB,Suspended,2024-08-11,2024-08-20,USD,0.0000,746,1
683,CUST-000683,Customer 00683,SmallBusiness,Logistics,East US,US,Active,2025-03-22,2025-04-11,USD,0.0500,704,1
684,CUST-000684,Customer 00684,SmallBusiness,Logistics,Canada Central,CA,Active,2024-01-29,2024-02-03,USD,0.0725,755,1
685,CUST-000685,Customer 00685,MidMarket,Energy,West US,US,Active,2023-06-27,2023-08-09,USD,0.0825,817,1
686,CUST-000686,Customer 00686,SmallBusiness,Logistics,East US,US,Active,2025-04-21,2025-05-20,USD,0.0000,774,1
687,CUST-000687,Customer 00687,MidMarket,Healthcare,East US,US,Active,2023-04-03,2023-04-17,USD,0.0500,811,1
688,CUST-000688,Customer 00688,SmallBusiness,Technology,Canada Central,CA,Active,2024-09-22,2024-10-29,USD,0.0650,733,1
689,CUST-000689,Customer 00689,Enterprise,Manufacturing,Central US,US,Churned,2024-03-21,2024-05-06,USD,0.0825,584,1
690,CUST-000690,Customer 00690,SmallBusiness,Education,UK South,GB,Active,2024-02-18,2024-04-13,USD,0.0825,607,1
691,CUST-000691,Customer 00691,SmallBusiness,Education,UK South,GB,Suspended,2025-04-20,2025-05-13,USD,0.0500,801,0
692,CUST-000692,Customer 00692,MidMarket,Logistics,Canada Central,CA,Active,2024-10-02,2024-10-23,USD,0.0825,688,1
693,CUST-000693,Customer 00693,SmallBusiness,Manufacturing,Canada Central,CA,Suspended,2023-05-23,2023-06-05,USD,0.0500,727,0
694,CUST-000694,Customer 00694,SmallBusiness,Healthcare,West US,US,Active,2023-05-18,2023-05-19,USD,0.0725,803,0
695,CUST-000695,Customer 00695,MidMarket,Logistics,West US,US,Suspended,2023-03-28,2023-04-06,USD,0.0825,797,1
696,CUST-000696,Customer 00696,SmallBusiness,Energy,Canada Central,CA,Active,2024-06-05,2024-07-03,USD,0.0500,675,1
697,CUST-000697,Customer 00697,MidMarket,Technology,East US,US,Active,2024-08-14,2024-09-15,USD,0.0650,790,0
698,CUST-000698,Customer 00698,Enterprise,Energy,UK South,GB,Active,2024-01-11,2024-01-14,USD,0.0000,826,0
699,CUST-000699,Customer 00699,MidMarket,Education,East US,US,Active,2023-05-26,2023-07-12,USD,0.0000,625,1
700,CUST-000700,Customer 00700,SmallBusiness,Education,East US,US,Active,2024-12-01,2025-01-11,USD,0.0650,585,1
701,CUST-000701,Customer 00701,MidMarket,Logistics,UK South,GB,Active,2024-04-25,2024-06-01,USD,0.0650,728,1
702,CUST-000702,Customer 00702,MidMarket,Education,UK South,GB,Active,2025-02-06,2025-02-26,USD,0.0725,666,1
703,CUST-000703,Customer 00703,MidMarket,Education,Central US,US,Active,2025-04-08,2025-05-26,USD,0.0500,838,1
704,CUST-000704,Customer 00704,MidMarket,Education,Central US,US,Suspended,2023-09-16,2023-09-25,USD,0.0000,637,1
705,CUST-000705,Customer 00705,MidMarket,Manufacturing,UK South,GB,Suspended,2025-01-26,2025-02-05,USD,0.0650,700,1
706,CUST-000706,Customer 00706,SmallBusiness,Finance,UK South,GB,Churned,2025-06-01,2025-06-04,USD,0.0825,658,0
707,CUST-000707,Customer 00707,SmallBusiness,Energy,Canada Central,CA,Active,2025-02-27,2025-03-24,USD,0.0500,687,1
708,CUST-000708,Customer 00708,SmallBusiness,Finance,Central US,US,Active,2023-02-25,2023-04-08,USD,0.0725,784,1
709,CUST-000709,Customer 00709,Enterprise,Technology,Canada Central,CA,Active,2025-02-03,2025-03-24,USD,0.0725,822,1
710,CUST-000710,Customer 00710,SmallBusiness,Energy,UK South,GB,Active,2025-06-10,2025-07-08,USD,0.0650,601,1
711,CUST-000711,Customer 00711,Enterprise,Logistics,UK South,GB,Active,2024-10-14,2024-11-06,USD,0.0650,751,1
712,CUST-000712,Customer 00712,SmallBusiness,Energy,East US,US,Active,2023-09-19,2023-10-31,USD,0.0500,679,1
713,CUST-000713,Customer 00713,SmallBusiness,Healthcare,West US,US,Suspended,2023-11-17,2023-12-23,USD,0.0000,790,1
714,CUST-000714,Customer 00714,SmallBusiness,Education,East US,US,Active,2024-12-02,2024-12-31,USD,0.0000,592,1
715,CUST-000715,Customer 00715,Enterprise,Technology,East US,US,Churned,2024-08-31,2024-10-13,USD,0.0000,641,1
716,CUST-000716,Customer 00716,MidMarket,Retail,UK South,GB,Suspended,2023-05-14,2023-06-08,USD,0.0500,709,1
717,CUST-000717,Customer 00717,Enterprise,Education,East US,US,Active,2024-10-16,2024-11-15,USD,0.0650,711,1
718,CUST-000718,Customer 00718,SmallBusiness,Logistics,East US,US,Active,2023-10-11,2023-11-30,USD,0.0000,712,0
719,CUST-000719,Customer 00719,SmallBusiness,Technology,Central US,US,Active,2023-07-02,2023-07-31,USD,0.0500,831,1
720,CUST-000720,Customer 00720,SmallBusiness,Finance,UK South,GB,Suspended,2025-02-26,2025-03-26,USD,0.0650,632,1
721,CUST-000721,Customer 00721,SmallBusiness,Energy,East US,US,Active,2024-08-08,2024-09-24,USD,0.0725,656,1
722,CUST-000722,Customer 00722,SmallBusiness,Retail,East US,US,Active,2023-02-08,2023-03-23,USD,0.0725,581,1
723,CUST-000723,Customer 00723,SmallBusiness,Finance,Canada Central,CA,Active,2024-05-04,2024-06-01,USD,0.0000,776,0
724,CUST-000724,Customer 00724,SmallBusiness,Manufacturing,Canada Central,CA,Active,2023-05-05,2023-06-11,USD,0.0650,785,1
725,CUST-000725,Customer 00725,MidMarket,Manufacturing,East US,US,Active,2024-01-10,2024-02-14,USD,0.0725,728,1
726,CUST-000726,Customer 00726,Enterprise,Technology,West US,US,Active,2024-07-21,2024-07-24,USD,0.0725,634,1
727,CUST-000727,Customer 00727,Enterprise,Energy,Central US,US,Active,2024-05-13,2024-05-19,USD,0.0500,598,1
728,CUST-000728,Customer 00728,SmallBusiness,Media,UK South,GB,Active,2023-09-02,2023-10-04,USD,0.0725,810,0
729,CUST-000729,Customer 00729,SmallBusiness,Healthcare,East US,US,Active,2023-02-07,2023-03-01,USD,0.0500,814,0
730,CUST-000730,Customer 00730,SmallBusiness,Finance,UK South,GB,Active,2023-06-02,2023-07-20,USD,0.0500,830,1
731,CUST-000731,Customer 00731,SmallBusiness,Retail,Canada Central,CA,Active,2024-09-25,2024-09-28,USD,0.0000,737,0
732,CUST-000732,Customer 00732,SmallBusiness,Finance,East US,US,Suspended,2024-04-12,2024-05-22,USD,0.0000,638,1
733,CUST-000733,Customer 00733,MidMarket,Logistics,UK South,GB,Active,2023-08-14,2023-08-19,USD,0.0725,746,1
734,CUST-000734,Customer 00734,SmallBusiness,Technology,UK South,GB,Active,2024-07-12,2024-07-21,USD,0.0825,668,1
735,CUST-000735,Customer 00735,MidMarket,Retail,East US,US,Active,2023-10-08,2023-10-18,USD,0.0825,664,1
736,CUST-000736,Customer 00736,SmallBusiness,Logistics,UK South,GB,Active,2023-02-11,2023-02-20,USD,0.0000,829,1
737,CUST-000737,Customer 00737,SmallBusiness,Education,East US,US,Active,2023-07-03,2023-09-01,USD,0.0725,644,1
738,CUST-000738,Customer 00738,SmallBusiness,Retail,Central US,US,Active,2024-06-19,2024-07-18,USD,0.0000,672,0
739,CUST-000739,Customer 00739,MidMarket,Education,UK South,GB,Active,2023-04-01,2023-05-12,USD,0.0000,700,1
740,CUST-000740,Customer 00740,SmallBusiness,Media,UK South,GB,Active,2023-04-08,2023-05-18,USD,0.0725,686,1
741,CUST-000741,Customer 00741,SmallBusiness,Energy,West US,US,Active,2023-04-26,2023-06-16,USD,0.0500,602,1
742,CUST-000742,Customer 00742,SmallBusiness,Manufacturing,Central US,US,Active,2023-10-19,2023-11-02,USD,0.0725,602,1
743,CUST-000743,Customer 00743,SmallBusiness,Healthcare,East US,US,Active,2024-07-04,2024-07-16,USD,0.0000,616,0
744,CUST-000744,Customer 00744,SmallBusiness,Technology,Canada Central,CA,Active,2024-08-29,2024-10-06,USD,0.0650,697,0
745,CUST-000745,Customer 00745,SmallBusiness,Logistics,Central US,US,Suspended,2023-08-22,2023-08-29,USD,0.0725,692,1
746,CUST-000746,Customer 00746,Enterprise,Retail,UK South,GB,Active,2024-05-11,2024-05-15,USD,0.0825,812,1
747,CUST-000747,Customer 00747,MidMarket,Manufacturing,Central US,US,Churned,2023-05-20,2023-06-19,USD,0.0500,751,1
748,CUST-000748,Customer 00748,SmallBusiness,Energy,UK South,GB,Active,2023-03-03,2023-03-21,USD,0.0500,755,1
749,CUST-000749,Customer 00749,MidMarket,Retail,Central US,US,Active,2024-09-10,2024-09-21,USD,0.0825,697,1
750,CUST-000750,Customer 00750,Enterprise,Energy,UK South,GB,Suspended,2024-05-15,2024-07-10,USD,0.0650,587,0
751,CUST-000751,Customer 00751,SmallBusiness,Technology,West US,US,Suspended,2023-09-11,2023-10-02,USD,0.0825,656,0
752,CUST-000752,Customer 00752,SmallBusiness,Energy,East US,US,Active,2024-03-03,2024-03-06,USD,0.0825,597,1
753,CUST-000753,Customer 00753,MidMarket,Finance,Canada Central,CA,Active,2024-05-05,2024-06-26,USD,0.0500,622,1
754,CUST-000754,Customer 00754,SmallBusiness,Technology,East US,US,Active,2024-12-10,2025-01-26,USD,0.0650,702,1
755,CUST-000755,Customer 00755,MidMarket,Retail,East US,US,Active,2023-01-17,2023-02-17,USD,0.0825,592,0
756,CUST-000756,Customer 00756,MidMarket,Logistics,Canada Central,CA,Active,2025-03-01,2025-03-10,USD,0.0650,817,0
757,CUST-000757,Customer 00757,SmallBusiness,Manufacturing,East US,US,Active,2025-05-31,2025-07-11,USD,0.0650,798,0
758,CUST-000758,Customer 00758,MidMarket,Finance,UK South,GB,Active,2024-07-09,2024-08-15,USD,0.0650,608,1
759,CUST-000759,Customer 00759,SmallBusiness,Manufacturing,Central US,US,Active,2025-06-28,2025-07-02,USD,0.0000,767,1
760,CUST-000760,Customer 00760,SmallBusiness,Technology,UK South,GB,Active,2024-12-22,2024-12-27,USD,0.0650,702,1
761,CUST-000761,Customer 00761,SmallBusiness,Technology,Canada Central,CA,Active,2025-01-25,2025-03-15,USD,0.0500,744,1
762,CUST-000762,Customer 00762,SmallBusiness,Healthcare,Central US,US,Active,2024-05-30,2024-07-13,USD,0.0650,811,1
763,CUST-000763,Customer 00763,SmallBusiness,Media,UK South,GB,Active,2025-04-29,2025-05-07,USD,0.0825,729,1
764,CUST-000764,Customer 00764,Enterprise,Finance,Central US,US,Active,2025-03-30,2025-05-13,USD,0.0725,624,1
765,CUST-000765,Customer 00765,SmallBusiness,Education,West US,US,Active,2023-10-23,2023-10-28,USD,0.0500,834,1
766,CUST-000766,Customer 00766,SmallBusiness,Logistics,West US,US,Churned,2024-06-17,2024-07-28,USD,0.0825,647,1
767,CUST-000767,Customer 00767,MidMarket,Education,Canada Central,CA,Active,2024-03-30,2024-05-17,USD,0.0000,698,0
768,CUST-000768,Customer 00768,SmallBusiness,Manufacturing,UK South,GB,Active,2024-10-22,2024-11-13,USD,0.0650,828,1
769,CUST-000769,Customer 00769,SmallBusiness,Education,UK South,GB,Active,2025-05-12,2025-06-17,USD,0.0650,667,0
770,CUST-000770,Customer 00770,Enterprise,Healthcare,West US,US,Active,2024-05-10,2024-06-03,USD,0.0650,813,0
771,CUST-000771,Customer 00771,SmallBusiness,Retail,UK South,GB,Churned,2023-06-14,2023-07-30,USD,0.0500,662,1
772,CUST-000772,Customer 00772,SmallBusiness,Education,East US,US,Active,2023-11-21,2023-12-28,USD,0.0500,597,1
773,CUST-000773,Customer 00773,SmallBusiness,Retail,Central US,US,Active,2023-06-01,2023-06-25,USD,0.0000,592,1
774,CUST-000774,Customer 00774,Enterprise,Manufacturing,Canada Central,CA,Active,2025-02-25,2025-03-07,USD,0.0825,839,1
775,CUST-000775,Customer 00775,SmallBusiness,Retail,Central US,US,Active,2024-04-30,2024-06-27,USD,0.0725,753,0
776,CUST-000776,Customer 00776,MidMarket,Finance,Canada Central,CA,Active,2023-02-11,2023-02-20,USD,0.0725,692,1
777,CUST-000777,Customer 00777,MidMarket,Technology,East US,US,Active,2023-12-01,2023-12-05,USD,0.0500,722,1
778,CUST-000778,Customer 00778,SmallBusiness,Finance,East US,US,Churned,2024-07-05,2024-08-29,USD,0.0725,679,1
779,CUST-000779,Customer 00779,Enterprise,Manufacturing,UK South,GB,Active,2024-09-11,2024-10-14,USD,0.0725,769,1
780,CUST-000780,Customer 00780,SmallBusiness,Energy,East US,US,Suspended,2023-10-19,2023-11-11,USD,0.0000,690,0
781,CUST-000781,Customer 00781,MidMarket,Education,Canada Central,CA,Active,2025-01-29,2025-02-25,USD,0.0725,792,1
782,CUST-000782,Customer 00782,SmallBusiness,Education,UK South,GB,Active,2024-09-04,2024-09-10,USD,0.0825,751,1
783,CUST-000783,Customer 00783,SmallBusiness,Logistics,UK South,GB,Active,2025-02-13,2025-03-10,USD,0.0650,792,1
784,CUST-000784,Customer 00784,MidMarket,Retail,Canada Central,CA,Active,2024-12-28,2025-02-03,USD,0.0725,728,1
785,CUST-000785,Customer 00785,SmallBusiness,Education,East US,US,Active,2025-04-22,2025-06-14,USD,0.0725,694,1
786,CUST-000786,Customer 00786,SmallBusiness,Energy,East US,US,Active,2023-06-07,2023-06-24,USD,0.0650,793,1
787,CUST-000787,Customer 00787,MidMarket,Energy,West US,US,Churned,2023-01-30,2023-02-07,USD,0.0000,765,1
788,CUST-000788,Customer 00788,SmallBusiness,Energy,UK South,GB,Churned,2024-03-22,2024-05-17,USD,0.0000,771,1
789,CUST-000789,Customer 00789,SmallBusiness,Healthcare,UK South,GB,Active,2023-01-18,2023-03-14,USD,0.0725,649,1
790,CUST-000790,Customer 00790,SmallBusiness,Manufacturing,East US,US,Active,2023-10-07,2023-10-31,USD,0.0650,619,1
791,CUST-000791,Customer 00791,SmallBusiness,Retail,West US,US,Active,2025-02-22,2025-03-01,USD,0.0650,734,1
792,CUST-000792,Customer 00792,SmallBusiness,Retail,Central US,US,Active,2023-04-09,2023-05-14,USD,0.0825,724,1
793,CUST-000793,Customer 00793,Enterprise,Retail,Canada Central,CA,Active,2024-02-26,2024-03-19,USD,0.0500,837,1
794,CUST-000794,Customer 00794,SmallBusiness,Media,West US,US,Suspended,2025-03-25,2025-05-22,USD,0.0825,638,1
795,CUST-000795,Customer 00795,SmallBusiness,Healthcare,East US,US,Active,2023-04-30,2023-06-22,USD,0.0650,765,1
796,CUST-000796,Customer 00796,SmallBusiness,Manufacturing,Canada Central,CA,Active,2025-06-30,2025-08-08,USD,0.0650,594,0
797,CUST-000797,Customer 00797,MidMarket,Retail,East US,US,Active,2023-08-16,2023-08-25,USD,0.0650,644,1
798,CUST-000798,Customer 00798,MidMarket,Finance,East US,US,Active,2024-03-11,2024-04-25,USD,0.0725,800,1
799,CUST-000799,Customer 00799,MidMarket,Healthcare,East US,US,Active,2023-02-03,2023-03-26,USD,0.0650,602,1
800,CUST-000800,Customer 00800,MidMarket,Technology,East US,US,Active,2025-02-11,2025-02-18,USD,0.0500,674,1
801,CUST-000801,Customer 00801,MidMarket,Education,East US,US,Churned,2023-04-03,2023-04-13,USD,0.0650,760,1
802,CUST-000802,Customer 00802,MidMarket,Media,UK South,GB,Active,2025-03-10,2025-04-26,USD,0.0000,587,1
803,CUST-000803,Customer 00803,Enterprise,Media,West US,US,Active,2023-10-16,2023-10-27,USD,0.0000,689,0
804,CUST-000804,Customer 00804,SmallBusiness,Energy,Canada Central,CA,Active,2024-01-11,2024-02-25,USD,0.0000,672,0
805,CUST-000805,Customer 00805,SmallBusiness,Logistics,Canada Central,CA,Active,2024-03-10,2024-03-24,USD,0.0650,643,1
806,CUST-000806,Customer 00806,MidMarket,Education,UK South,GB,Active,2023-05-20,2023-06-21,USD,0.0000,622,1
807,CUST-000807,Customer 00807,SmallBusiness,Education,East US,US,Active,2024-01-30,2024-02-18,USD,0.0725,695,1
808,CUST-000808,Customer 00808,SmallBusiness,Finance,Central US,US,Suspended,2025-05-25,2025-06-22,USD,0.0725,768,1
809,CUST-000809,Customer 00809,SmallBusiness,Media,Canada Central,CA,Active,2024-11-19,2024-11-26,USD,0.0000,641,1
810,CUST-000810,Customer 00810,Enterprise,Retail,Canada Central,CA,Active,2024-12-12,2025-01-19,USD,0.0500,753,1
811,CUST-000811,Customer 00811,MidMarket,Energy,Canada Central,CA,Active,2023-05-06,2023-05-21,USD,0.0825,719,0
812,CUST-000812,Customer 00812,MidMarket,Logistics,Canada Central,CA,Churned,2023-12-31,2024-01-31,USD,0.0825,722,1
813,CUST-000813,Customer 00813,SmallBusiness,Energy,Canada Central,CA,Active,2023-04-21,2023-04-29,USD,0.0500,595,1
814,CUST-000814,Customer 00814,SmallBusiness,Healthcare,East US,US,Churned,2025-04-30,2025-05-05,USD,0.0725,747,1
815,CUST-000815,Customer 00815,MidMarket,Media,UK South,GB,Active,2024-09-30,2024-10-07,USD,0.0725,683,1
816,CUST-000816,Customer 00816,SmallBusiness,Manufacturing,Canada Central,CA,Suspended,2024-05-17,2024-06-19,USD,0.0825,589,0
817,CUST-000817,Customer 00817,Enterprise,Logistics,East US,US,Active,2024-03-16,2024-05-12,USD,0.0725,806,1
818,CUST-000818,Customer 00818,MidMarket,Education,East US,US,Suspended,2023-07-01,2023-08-06,USD,0.0500,831,1
819,CUST-000819,Customer 00819,SmallBusiness,Finance,Central US,US,Active,2025-01-02,2025-01-27,USD,0.0725,820,1
820,CUST-000820,Customer 00820,SmallBusiness,Energy,West US,US,Active,2024-06-02,2024-06-06,USD,0.0725,760,0
821,CUST-000821,Customer 00821,SmallBusiness,Healthcare,Central US,US,Active,2023-11-25,2023-11-29,USD,0.0650,758,0
822,CUST-000822,Customer 00822,Enterprise,Manufacturing,UK South,GB,Active,2023-01-28,2023-03-18,USD,0.0725,756,0
823,CUST-000823,Customer 00823,MidMarket,Technology,Canada Central,CA,Active,2023-12-26,2023-12-30,USD,0.0650,623,0
824,CUST-000824,Customer 00824,SmallBusiness,Retail,East US,US,Active,2025-06-08,2025-06-28,USD,0.0650,599,1
825,CUST-000825,Customer 00825,Enterprise,Education,Canada Central,CA,Active,2024-08-04,2024-09-06,USD,0.0725,591,0
826,CUST-000826,Customer 00826,SmallBusiness,Finance,Canada Central,CA,Suspended,2024-08-07,2024-09-01,USD,0.0000,685,1
827,CUST-000827,Customer 00827,MidMarket,Retail,UK South,GB,Active,2025-04-10,2025-05-29,USD,0.0650,803,1
828,CUST-000828,Customer 00828,SmallBusiness,Education,East US,US,Active,2025-05-10,2025-07-04,USD,0.0650,785,0
829,CUST-000829,Customer 00829,MidMarket,Finance,UK South,GB,Active,2025-01-30,2025-02-05,USD,0.0650,614,1
830,CUST-000830,Customer 00830,SmallBusiness,Finance,UK South,GB,Active,2024-05-01,2024-05-29,USD,0.0650,838,0
831,CUST-000831,Customer 00831,SmallBusiness,Logistics,Canada Central,CA,Active,2024-11-10,2024-12-15,USD,0.0825,812,1
832,CUST-000832,Customer 00832,SmallBusiness,Media,UK South,GB,Suspended,2023-07-04,2023-08-30,USD,0.0825,835,1
833,CUST-000833,Customer 00833,MidMarket,Logistics,Canada Central,CA,Churned,2023-10-02,2023-12-01,USD,0.0000,682,1
834,CUST-000834,Customer 00834,MidMarket,Education,West US,US,Suspended,2023-09-04,2023-09-14,USD,0.0725,743,0
835,CUST-000835,Customer 00835,MidMarket,Education,East US,US,Suspended,2024-10-11,2024-10-25,USD,0.0500,711,0
836,CUST-000836,Customer 00836,SmallBusiness,Technology,West US,US,Active,2024-02-20,2024-03-07,USD,0.0650,817,1
837,CUST-000837,Customer 00837,Enterprise,Technology,Canada Central,CA,Active,2024-03-08,2024-04-19,USD,0.0500,594,1
838,CUST-000838,Customer 00838,SmallBusiness,Healthcare,Central US,US,Churned,2024-11-05,2024-12-11,USD,0.0725,590,1
839,CUST-000839,Customer 00839,SmallBusiness,Finance,East US,US,Suspended,2023-11-18,2023-12-27,USD,0.0725,766,1
840,CUST-000840,Customer 00840,MidMarket,Retail,East US,US,Active,2024-02-11,2024-04-05,USD,0.0825,836,0
841,CUST-000841,Customer 00841,SmallBusiness,Media,UK South,GB,Active,2024-11-11,2025-01-04,USD,0.0000,701,1
842,CUST-000842,Customer 00842,SmallBusiness,Logistics,Central US,US,Suspended,2023-12-04,2024-01-27,USD,0.0500,796,1
843,CUST-000843,Customer 00843,Enterprise,Energy,East US,US,Active,2023-06-29,2023-07-13,USD,0.0825,608,1
844,CUST-000844,Customer 00844,SmallBusiness,Logistics,Central US,US,Active,2024-12-17,2024-12-25,USD,0.0500,722,0
845,CUST-000845,Customer 00845,MidMarket,Education,West US,US,Active,2024-01-07,2024-02-07,USD,0.0825,597,0
846,CUST-000846,Customer 00846,MidMarket,Technology,East US,US,Active,2024-12-08,2025-02-05,USD,0.0725,738,1
847,CUST-000847,Customer 00847,SmallBusiness,Technology,Central US,US,Suspended,2025-04-11,2025-05-25,USD,0.0725,584,0
848,CUST-000848,Customer 00848,SmallBusiness,Technology,Canada Central,CA,Active,2023-09-19,2023-10-09,USD,0.0500,804,1
849,CUST-000849,Customer 00849,SmallBusiness,Finance,Canada Central,CA,Suspended,2025-03-19,2025-03-22,USD,0.0725,821,0
850,CUST-000850,Customer 00850,MidMarket,Finance,Central US,US,Suspended,2025-01-04,2025-02-01,USD,0.0650,839,1
851,CUST-000851,Customer 00851,MidMarket,Manufacturing,Canada Central,CA,Active,2024-09-08,2024-10-25,USD,0.0000,606,1
852,CUST-000852,Customer 00852,MidMarket,Retail,West US,US,Active,2024-10-07,2024-11-05,USD,0.0500,736,1
853,CUST-000853,Customer 00853,SmallBusiness,Retail,East US,US,Suspended,2023-04-24,2023-05-05,USD,0.0725,743,1
854,CUST-000854,Customer 00854,MidMarket,Manufacturing,West US,US,Active,2023-09-24,2023-10-06,USD,0.0500,623,1
855,CUST-000855,Customer 00855,SmallBusiness,Technology,West US,US,Active,2024-02-07,2024-04-04,USD,0.0000,697,0
856,CUST-000856,Customer 00856,MidMarket,Retail,Canada Central,CA,Active,2023-07-23,2023-08-09,USD,0.0825,799,1
857,CUST-000857,Customer 00857,SmallBusiness,Finance,West US,US,Active,2023-04-02,2023-04-26,USD,0.0825,802,0
858,CUST-000858,Customer 00858,SmallBusiness,Technology,Canada Central,CA,Active,2025-04-27,2025-06-10,USD,0.0500,716,1
859,CUST-000859,Customer 00859,SmallBusiness,Technology,Canada Central,CA,Active,2024-01-27,2024-02-05,USD,0.0650,676,1
860,CUST-000860,Customer 00860,SmallBusiness,Education,Canada Central,CA,Active,2025-03-22,2025-04-01,USD,0.0725,707,1
861,CUST-000861,Customer 00861,SmallBusiness,Manufacturing,Canada Central,CA,Churned,2023-03-29,2023-03-30,USD,0.0725,688,0
862,CUST-000862,Customer 00862,SmallBusiness,Finance,Canada Central,CA,Active,2025-01-23,2025-03-03,USD,0.0000,750,0
863,CUST-000863,Customer 00863,Enterprise,Healthcare,Canada Central,CA,Active,2023-12-29,2024-02-06,USD,0.0825,775,1
864,CUST-000864,Customer 00864,SmallBusiness,Media,Canada Central,CA,Active,2024-11-18,2024-12-12,USD,0.0500,713,1
865,CUST-000865,Customer 00865,SmallBusiness,Finance,Canada Central,CA,Active,2023-12-14,2024-02-09,USD,0.0825,801,1
866,CUST-000866,Customer 00866,Enterprise,Energy,East US,US,Suspended,2023-11-17,2023-11-20,USD,0.0650,764,0
867,CUST-000867,Customer 00867,MidMarket,Education,Central US,US,Active,2025-06-16,2025-07-03,USD,0.0725,664,1
868,CUST-000868,Customer 00868,SmallBusiness,Energy,Canada Central,CA,Active,2025-02-21,2025-03-03,USD,0.0500,607,1
869,CUST-000869,Customer 00869,SmallBusiness,Energy,East US,US,Active,2024-04-26,2024-05-13,USD,0.0725,600,1
870,CUST-000870,Customer 00870,SmallBusiness,Retail,UK South,GB,Active,2024-05-11,2024-06-10,USD,0.0000,684,0
871,CUST-000871,Customer 00871,MidMarket,Education,West US,US,Active,2025-05-04,2025-05-15,USD,0.0825,688,1
872,CUST-000872,Customer 00872,SmallBusiness,Logistics,East US,US,Churned,2024-06-22,2024-08-11,USD,0.0500,835,1
873,CUST-000873,Customer 00873,MidMarket,Finance,Central US,US,Active,2023-01-27,2023-02-15,USD,0.0825,634,0
874,CUST-000874,Customer 00874,SmallBusiness,Energy,West US,US,Active,2023-01-30,2023-02-05,USD,0.0650,582,1
875,CUST-000875,Customer 00875,Enterprise,Manufacturing,East US,US,Churned,2024-11-02,2024-12-12,USD,0.0825,646,1
876,CUST-000876,Customer 00876,SmallBusiness,Healthcare,East US,US,Active,2025-03-31,2025-05-12,USD,0.0825,775,1
877,CUST-000877,Customer 00877,Enterprise,Logistics,Central US,US,Active,2023-07-02,2023-07-18,USD,0.0500,663,1
878,CUST-000878,Customer 00878,MidMarket,Retail,Canada Central,CA,Active,2023-10-19,2023-11-30,USD,0.0725,801,0
879,CUST-000879,Customer 00879,SmallBusiness,Finance,Central US,US,Suspended,2024-12-02,2025-01-10,USD,0.0825,682,1
880,CUST-000880,Customer 00880,SmallBusiness,Logistics,Canada Central,CA,Active,2024-05-02,2024-05-20,USD,0.0725,768,1
881,CUST-000881,Customer 00881,SmallBusiness,Media,Canada Central,CA,Active,2024-10-07,2024-11-04,USD,0.0725,694,1
882,CUST-000882,Customer 00882,MidMarket,Media,West US,US,Active,2024-05-22,2024-06-25,USD,0.0725,803,1
883,CUST-000883,Customer 00883,Enterprise,Education,Canada Central,CA,Suspended,2023-11-04,2023-11-14,USD,0.0825,798,1
884,CUST-000884,Customer 00884,Enterprise,Media,East US,US,Active,2024-07-18,2024-07-23,USD,0.0725,791,1
885,CUST-000885,Customer 00885,SmallBusiness,Finance,UK South,GB,Active,2025-04-12,2025-04-29,USD,0.0000,638,0
886,CUST-000886,Customer 00886,SmallBusiness,Logistics,Canada Central,CA,Active,2023-07-03,2023-08-23,USD,0.0725,732,1
887,CUST-000887,Customer 00887,SmallBusiness,Education,Canada Central,CA,Active,2025-02-14,2025-03-29,USD,0.0500,688,1
888,CUST-000888,Customer 00888,MidMarket,Logistics,UK South,GB,Active,2023-09-23,2023-11-18,USD,0.0000,782,1
889,CUST-000889,Customer 00889,SmallBusiness,Logistics,West US,US,Suspended,2024-11-02,2024-12-03,USD,0.0825,829,1
890,CUST-000890,Customer 00890,MidMarket,Logistics,UK South,GB,Suspended,2024-01-05,2024-02-19,USD,0.0000,644,1
891,CUST-000891,Customer 00891,SmallBusiness,Technology,West US,US,Suspended,2023-04-25,2023-06-17,USD,0.0500,826,1
892,CUST-000892,Customer 00892,MidMarket,Media,West US,US,Active,2024-03-22,2024-05-15,USD,0.0650,817,1
893,CUST-000893,Customer 00893,SmallBusiness,Retail,Canada Central,CA,Active,2023-01-23,2023-01-31,USD,0.0725,828,1
894,CUST-000894,Customer 00894,SmallBusiness,Logistics,Canada Central,CA,Active,2024-08-22,2024-09-07,USD,0.0000,632,1
895,CUST-000895,Customer 00895,SmallBusiness,Media,Canada Central,CA,Churned,2024-03-01,2024-04-25,USD,0.0000,829,1
896,CUST-000896,Customer 00896,MidMarket,Energy,UK South,GB,Active,2024-08-28,2024-10-14,USD,0.0000,589,1
897,CUST-000897,Customer 00897,SmallBusiness,Logistics,Central US,US,Suspended,2024-07-20,2024-07-25,USD,0.0000,833,1
898,CUST-000898,Customer 00898,SmallBusiness,Retail,Central US,US,Active,2024-04-04,2024-05-19,USD,0.0500,820,1
899,CUST-000899,Customer 00899,SmallBusiness,Manufacturing,West US,US,Churned,2024-06-03,2024-06-18,USD,0.0725,647,0
900,CUST-000900,Customer 00900,Enterprise,Manufacturing,Canada Central,CA,Active,2024-03-02,2024-04-25,USD,0.0500,686,1
901,CUST-000901,Customer 00901,SmallBusiness,Technology,East US,US,Active,2024-11-14,2024-12-15,USD,0.0725,631,0
902,CUST-000902,Customer 00902,SmallBusiness,Healthcare,Canada Central,CA,Churned,2023-11-07,2023-11-23,USD,0.0650,713,1
903,CUST-000903,Customer 00903,MidMarket,Media,West US,US,Active,2023-06-28,2023-08-20,USD,0.0000,752,1
904,CUST-000904,Customer 00904,SmallBusiness,Energy,UK South,GB,Active,2023-08-21,2023-08-29,USD,0.0650,761,0
905,CUST-000905,Customer 00905,SmallBusiness,Media,UK South,GB,Active,2023-10-01,2023-11-28,USD,0.0000,605,0
906,CUST-000906,Customer 00906,Enterprise,Finance,Canada Central,CA,Churned,2025-03-29,2025-04-28,USD,0.0825,632,0
907,CUST-000907,Customer 00907,SmallBusiness,Finance,East US,US,Suspended,2024-06-03,2024-06-10,USD,0.0650,660,0
908,CUST-000908,Customer 00908,SmallBusiness,Finance,Canada Central,CA,Active,2025-02-19,2025-03-24,USD,0.0650,751,0
909,CUST-000909,Customer 00909,SmallBusiness,Logistics,East US,US,Active,2025-05-18,2025-05-31,USD,0.0000,705,0
910,CUST-000910,Customer 00910,SmallBusiness,Finance,Canada Central,CA,Active,2023-12-16,2024-01-04,USD,0.0725,764,1
911,CUST-000911,Customer 00911,MidMarket,Logistics,West US,US,Active,2023-06-05,2023-07-24,USD,0.0500,799,1
912,CUST-000912,Customer 00912,SmallBusiness,Manufacturing,Canada Central,CA,Churned,2024-04-14,2024-06-08,USD,0.0725,654,0
913,CUST-000913,Customer 00913,SmallBusiness,Logistics,UK South,GB,Churned,2023-03-13,2023-03-19,USD,0.0500,802,1
914,CUST-000914,Customer 00914,MidMarket,Healthcare,East US,US,Churned,2024-11-07,2025-01-06,USD,0.0825,731,1
915,CUST-000915,Customer 00915,MidMarket,Manufacturing,UK South,GB,Suspended,2025-06-13,2025-07-03,USD,0.0000,723,0
916,CUST-000916,Customer 00916,SmallBusiness,Technology,UK South,GB,Suspended,2023-05-31,2023-07-15,USD,0.0825,806,0
917,CUST-000917,Customer 00917,Enterprise,Finance,Canada Central,CA,Active,2025-03-05,2025-03-18,USD,0.0650,779,0
918,CUST-000918,Customer 00918,SmallBusiness,Finance,West US,US,Active,2024-06-16,2024-07-21,USD,0.0650,754,0
919,CUST-000919,Customer 00919,Enterprise,Media,West US,US,Active,2023-01-24,2023-01-26,USD,0.0500,735,0
920,CUST-000920,Customer 00920,SmallBusiness,Manufacturing,UK South,GB,Active,2023-04-24,2023-06-10,USD,0.0825,761,1
921,CUST-000921,Customer 00921,SmallBusiness,Healthcare,East US,US,Active,2024-04-04,2024-04-24,USD,0.0500,699,1
922,CUST-000922,Customer 00922,MidMarket,Retail,Central US,US,Active,2024-11-13,2025-01-03,USD,0.0825,706,1
923,CUST-000923,Customer 00923,MidMarket,Manufacturing,UK South,GB,Active,2024-08-19,2024-09-01,USD,0.0500,797,0
924,CUST-000924,Customer 00924,SmallBusiness,Retail,East US,US,Active,2023-04-05,2023-04-09,USD,0.0725,619,1
925,CUST-000925,Customer 00925,SmallBusiness,Logistics,UK South,GB,Suspended,2024-02-17,2024-03-26,USD,0.0825,835,1
926,CUST-000926,Customer 00926,Enterprise,Logistics,Canada Central,CA,Suspended,2024-12-06,2025-02-04,USD,0.0500,838,1
927,CUST-000927,Customer 00927,SmallBusiness,Media,Canada Central,CA,Active,2023-05-13,2023-06-28,USD,0.0500,813,1
928,CUST-000928,Customer 00928,Enterprise,Finance,West US,US,Active,2024-07-26,2024-08-19,USD,0.0725,636,1
929,CUST-000929,Customer 00929,SmallBusiness,Finance,UK South,GB,Active,2023-10-24,2023-10-27,USD,0.0650,735,1
930,CUST-000930,Customer 00930,SmallBusiness,Logistics,East US,US,Active,2025-03-21,2025-03-31,USD,0.0650,725,1
931,CUST-000931,Customer 00931,SmallBusiness,Finance,Canada Central,CA,Suspended,2023-01-03,2023-01-11,USD,0.0725,826,1
932,CUST-000932,Customer 00932,SmallBusiness,Logistics,UK South,GB,Active,2024-04-08,2024-06-05,USD,0.0825,647,0
933,CUST-000933,Customer 00933,MidMarket,Energy,UK South,GB,Active,2024-10-13,2024-11-12,USD,0.0650,625,0
934,CUST-000934,Customer 00934,SmallBusiness,Logistics,UK South,GB,Active,2024-02-24,2024-03-20,USD,0.0000,806,0
935,CUST-000935,Customer 00935,MidMarket,Education,East US,US,Active,2025-06-05,2025-06-16,USD,0.0000,623,1
936,CUST-000936,Customer 00936,MidMarket,Media,UK South,GB,Active,2024-07-08,2024-08-14,USD,0.0725,837,0
937,CUST-000937,Customer 00937,SmallBusiness,Healthcare,East US,US,Active,2024-11-05,2025-01-04,USD,0.0500,705,0
938,CUST-000938,Customer 00938,MidMarket,Manufacturing,UK South,GB,Active,2024-03-30,2024-04-05,USD,0.0000,831,0
939,CUST-000939,Customer 00939,SmallBusiness,Healthcare,East US,US,Suspended,2023-12-15,2024-01-12,USD,0.0650,775,1
940,CUST-000940,Customer 00940,SmallBusiness,Retail,East US,US,Active,2023-04-12,2023-05-17,USD,0.0000,658,1
941,CUST-000941,Customer 00941,SmallBusiness,Manufacturing,Canada Central,CA,Active,2024-11-25,2024-12-06,USD,0.0000,732,1
942,CUST-000942,Customer 00942,Enterprise,Education,Central US,US,Active,2023-05-26,2023-06-22,USD,0.0000,606,1
943,CUST-000943,Customer 00943,SmallBusiness,Media,UK South,GB,Active,2024-08-23,2024-09-08,USD,0.0000,717,1
944,CUST-000944,Customer 00944,SmallBusiness,Healthcare,Canada Central,CA,Active,2024-07-20,2024-08-16,USD,0.0500,589,1
945,CUST-000945,Customer 00945,SmallBusiness,Media,UK South,GB,Active,2024-11-22,2024-11-29,USD,0.0500,735,1
946,CUST-000946,Customer 00946,MidMarket,Technology,Canada Central,CA,Active,2023-03-27,2023-05-21,USD,0.0500,771,1
947,CUST-000947,Customer 00947,SmallBusiness,Logistics,West US,US,Churned,2025-03-11,2025-03-27,USD,0.0825,811,1
948,CUST-000948,Customer 00948,SmallBusiness,Retail,Canada Central,CA,Active,2025-04-29,2025-06-08,USD,0.0725,719,1
949,CUST-000949,Customer 00949,MidMarket,Media,Canada Central,CA,Active,2023-12-26,2024-02-18,USD,0.0500,615,1
950,CUST-000950,Customer 00950,MidMarket,Media,Canada Central,CA,Churned,2024-12-16,2024-12-24,USD,0.0725,687,1
951,CUST-000951,Customer 00951,Enterprise,Education,Central US,US,Churned,2025-06-24,2025-08-07,USD,0.0725,719,1
952,CUST-000952,Customer 00952,SmallBusiness,Manufacturing,Central US,US,Active,2023-12-16,2023-12-30,USD,0.0500,581,1
953,CUST-000953,Customer 00953,SmallBusiness,Media,East US,US,Suspended,2023-01-10,2023-02-23,USD,0.0725,781,1
954,CUST-000954,Customer 00954,Enterprise,Energy,East US,US,Active,2024-07-05,2024-07-07,USD,0.0650,772,0
955,CUST-000955,Customer 00955,MidMarket,Healthcare,Central US,US,Active,2024-02-01,2024-02-13,USD,0.0650,678,1
956,CUST-000956,Customer 00956,MidMarket,Manufacturing,West US,US,Active,2025-01-30,2025-02-01,USD,0.0825,735,0
957,CUST-000957,Customer 00957,Enterprise,Healthcare,West US,US,Active,2023-08-28,2023-09-29,USD,0.0825,687,1
958,CUST-000958,Customer 00958,SmallBusiness,Media,Canada Central,CA,Active,2023-04-24,2023-06-19,USD,0.0825,679,1
959,CUST-000959,Customer 00959,MidMarket,Retail,UK South,GB,Active,2024-11-19,2025-01-02,USD,0.0500,613,1
960,CUST-000960,Customer 00960,Enterprise,Education,UK South,GB,Active,2025-05-26,2025-06-10,USD,0.0000,709,0
961,CUST-000961,Customer 00961,MidMarket,Healthcare,Canada Central,CA,Suspended,2023-01-03,2023-01-31,USD,0.0650,801,0
962,CUST-000962,Customer 00962,MidMarket,Energy,Canada Central,CA,Active,2023-10-08,2023-10-16,USD,0.0825,602,0
963,CUST-000963,Customer 00963,Enterprise,Media,West US,US,Active,2023-02-18,2023-03-08,USD,0.0000,780,1
964,CUST-000964,Customer 00964,MidMarket,Technology,East US,US,Churned,2025-06-20,2025-07-27,USD,0.0725,618,0
965,CUST-000965,Customer 00965,SmallBusiness,Finance,West US,US,Active,2023-06-18,2023-07-10,USD,0.0725,592,1
966,CUST-000966,Customer 00966,SmallBusiness,Energy,Central US,US,Active,2025-05-10,2025-05-27,USD,0.0650,607,0
967,CUST-000967,Customer 00967,Enterprise,Energy,UK South,GB,Active,2025-03-24,2025-04-09,USD,0.0725,643,1
968,CUST-000968,Customer 00968,SmallBusiness,Finance,East US,US,Active,2023-02-04,2023-03-01,USD,0.0000,806,1
969,CUST-000969,Customer 00969,SmallBusiness,Healthcare,UK South,GB,Active,2024-10-03,2024-10-31,USD,0.0650,775,1
970,CUST-000970,Customer 00970,SmallBusiness,Healthcare,UK South,GB,Active,2025-02-09,2025-03-08,USD,0.0725,799,0
971,CUST-000971,Customer 00971,MidMarket,Healthcare,UK South,GB,Active,2023-04-14,2023-05-06,USD,0.0650,678,1
972,CUST-000972,Customer 00972,SmallBusiness,Technology,East US,US,Suspended,2024-09-01,2024-10-17,USD,0.0500,840,1
973,CUST-000973,Customer 00973,MidMarket,Retail,Canada Central,CA,Active,2024-05-07,2024-06-23,USD,0.0000,610,1
974,CUST-000974,Customer 00974,Enterprise,Manufacturing,UK South,GB,Active,2024-03-22,2024-04-24,USD,0.0825,654,1
975,CUST-000975,Customer 00975,SmallBusiness,Healthcare,Central US,US,Active,2024-09-09,2024-10-01,USD,0.0500,609,1
976,CUST-000976,Customer 00976,SmallBusiness,Technology,UK South,GB,Churned,2025-05-29,2025-06-02,USD,0.0500,615,1
977,CUST-000977,Customer 00977,Enterprise,Manufacturing,Canada Central,CA,Suspended,2024-12-12,2025-01-26,USD,0.0825,751,1
978,CUST-000978,Customer 00978,SmallBusiness,Healthcare,Canada Central,CA,Active,2023-12-03,2023-12-14,USD,0.0000,694,0
979,CUST-000979,Customer 00979,SmallBusiness,Manufacturing,Canada Central,CA,Suspended,2024-09-30,2024-10-14,USD,0.0725,685,1
980,CUST-000980,Customer 00980,SmallBusiness,Healthcare,East US,US,Active,2024-01-07,2024-01-08,USD,0.0500,728,1
981,CUST-000981,Customer 00981,SmallBusiness,Healthcare,UK South,GB,Active,2025-02-22,2025-03-18,USD,0.0650,669,1
982,CUST-000982,Customer 00982,SmallBusiness,Media,Central US,US,Active,2025-01-06,2025-01-18,USD,0.0500,591,1
983,CUST-000983,Customer 00983,MidMarket,Retail,Central US,US,Active,2023-04-14,2023-04-16,USD,0.0000,753,0
984,CUST-000984,Customer 00984,SmallBusiness,Manufacturing,Central US,US,Active,2024-04-12,2024-04-28,USD,0.0825,802,0
985,CUST-000985,Customer 00985,Enterprise,Retail,East US,US,Active,2023-05-02,2023-05-12,USD,0.0500,773,0
986,CUST-000986,Customer 00986,Enterprise,Technology,Central US,US,Churned,2024-09-05,2024-10-03,USD,0.0825,676,0
987,CUST-000987,Customer 00987,SmallBusiness,Healthcare,Central US,US,Active,2025-03-19,2025-03-29,USD,0.0650,644,0
988,CUST-000988,Customer 00988,SmallBusiness,Finance,UK South,GB,Active,2025-06-26,2025-07-28,USD,0.0825,613,1
989,CUST-000989,Customer 00989,MidMarket,Media,Canada Central,CA,Active,2025-02-08,2025-04-06,USD,0.0825,817,1
990,CUST-000990,Customer 00990,SmallBusiness,Energy,Central US,US,Active,2024-06-22,2024-08-06,USD,0.0825,785,1
991,CUST-000991,Customer 00991,SmallBusiness,Technology,UK South,GB,Active,2024-10-27,2024-10-30,USD,0.0500,782,1
992,CUST-000992,Customer 00992,SmallBusiness,Manufacturing,Canada Central,CA,Active,2025-06-29,2025-07-24,USD,0.0000,648,0
993,CUST-000993,Customer 00993,SmallBusiness,Healthcare,Central US,US,Active,2024-03-31,2024-05-04,USD,0.0825,752,1
994,CUST-000994,Customer 00994,SmallBusiness,Energy,Canada Central,CA,Active,2024-03-18,2024-04-14,USD,0.0725,592,1
995,CUST-000995,Customer 00995,SmallBusiness,Finance,West US,US,Active,2023-09-29,2023-11-10,USD,0.0825,620,0
996,CUST-000996,Customer 00996,SmallBusiness,Healthcare,West US,US,Active,2023-04-11,2023-04-19,USD,0.0650,680,1
997,CUST-000997,Customer 00997,MidMarket,Education,Central US,US,Active,2023-11-06,2023-12-24,USD,0.0825,650,0
998,CUST-000998,Customer 00998,MidMarket,Education,UK South,GB,Suspended,2023-09-25,2023-09-26,USD,0.0725,787,0
999,CUST-000999,Customer 00999,SmallBusiness,Retail,East US,US,Suspended,2024-04-28,2024-06-09,USD,0.0500,696,0
1000,CUST-001000,Customer 01000,SmallBusiness,Media,West US,US,Active,2024-04-30,2024-05-15,USD,0.0725,754,0
1001,CUST-001001,Customer 01001,SmallBusiness,Logistics,Central US,US,Active,2025-05-16,2025-05-29,USD,0.0725,595,1
1002,CUST-001002,Customer 01002,SmallBusiness,Healthcare,UK South,GB,Active,2025-06-13,2025-06-22,USD,0.0650,753,1
1003,CUST-001003,Customer 01003,SmallBusiness,Media,Canada Central,CA,Active,2024-12-03,2025-01-21,USD,0.0825,591,1
1004,CUST-001004,Customer 01004,Enterprise,Manufacturing,East US,US,Active,2023-05-23,2023-06-02,USD,0.0825,780,0
1005,CUST-001005,Customer 01005,SmallBusiness,Technology,West US,US,Active,2024-02-05,2024-02-10,USD,0.0650,811,1
1006,CUST-001006,Customer 01006,SmallBusiness,Media,Central US,US,Active,2023-04-06,2023-04-17,USD,0.0825,830,1
1007,CUST-001007,Customer 01007,Enterprise,Education,West US,US,Active,2023-03-13,2023-05-11,USD,0.0650,615,1
1008,CUST-001008,Customer 01008,SmallBusiness,Logistics,Central US,US,Active,2024-06-14,2024-06-15,USD,0.0000,646,1
1009,CUST-001009,Customer 01009,SmallBusiness,Technology,Canada Central,CA,Active,2025-01-30,2025-02-04,USD,0.0500,738,1
1010,CUST-001010,Customer 01010,SmallBusiness,Education,Canada Central,CA,Active,2023-06-12,2023-07-21,USD,0.0825,814,1
1011,CUST-001011,Customer 01011,SmallBusiness,Logistics,East US,US,Active,2023-05-27,2023-06-25,USD,0.0500,748,0
1012,CUST-001012,Customer 01012,SmallBusiness,Finance,Canada Central,CA,Active,2024-04-16,2024-05-16,USD,0.0725,757,0
1013,CUST-001013,Customer 01013,MidMarket,Retail,Central US,US,Active,2024-02-05,2024-03-16,USD,0.0500,801,1
1014,CUST-001014,Customer 01014,SmallBusiness,Healthcare,West US,US,Active,2024-12-16,2025-01-22,USD,0.0500,720,0
1015,CUST-001015,Customer 01015,Enterprise,Technology,UK South,GB,Suspended,2023-10-26,2023-12-08,USD,0.0725,642,0
1016,CUST-001016,Customer 01016,SmallBusiness,Manufacturing,East US,US,Active,2025-02-12,2025-02-19,USD,0.0500,709,1
1017,CUST-001017,Customer 01017,SmallBusiness,Energy,East US,US,Active,2024-04-18,2024-04-20,USD,0.0725,679,1
1018,CUST-001018,Customer 01018,MidMarket,Retail,East US,US,Active,2023-09-14,2023-09-22,USD,0.0725,828,1
1019,CUST-001019,Customer 01019,SmallBusiness,Energy,East US,US,Active,2024-07-15,2024-08-27,USD,0.0650,662,1
1020,CUST-001020,Customer 01020,SmallBusiness,Finance,East US,US,Active,2024-09-13,2024-09-20,USD,0.0725,666,1
1021,CUST-001021,Customer 01021,SmallBusiness,Manufacturing,East US,US,Active,2024-11-24,2024-12-12,USD,0.0000,690,1
1022,CUST-001022,Customer 01022,MidMarket,Finance,East US,US,Active,2025-05-06,2025-06-16,USD,0.0650,807,1
1023,CUST-001023,Customer 01023,SmallBusiness,Technology,East US,US,Churned,2023-02-19,2023-04-10,USD,0.0650,702,1
1024,CUST-001024,Customer 01024,Enterprise,Manufacturing,East US,US,Suspended,2024-03-07,2024-03-09,USD,0.0000,692,0
1025,CUST-001025,Customer 01025,MidMarket,Retail,East US,US,Active,2025-03-27,2025-05-20,USD,0.0000,792,1
1026,CUST-001026,Customer 01026,MidMarket,Technology,Central US,US,Churned,2023-11-27,2024-01-02,USD,0.0725,799,1
1027,CUST-001027,Customer 01027,SmallBusiness,Healthcare,West US,US,Active,2023-04-19,2023-05-12,USD,0.0650,586,1
1028,CUST-001028,Customer 01028,MidMarket,Education,Canada Central,CA,Active,2023-08-14,2023-08-19,USD,0.0650,602,1
1029,CUST-001029,Customer 01029,MidMarket,Energy,West US,US,Churned,2024-02-25,2024-03-16,USD,0.0000,667,1
1030,CUST-001030,Customer 01030,Enterprise,Logistics,East US,US,Active,2024-09-06,2024-09-27,USD,0.0500,750,1
1031,CUST-001031,Customer 01031,SmallBusiness,Manufacturing,Central US,US,Active,2025-05-21,2025-07-03,USD,0.0825,809,1
1032,CUST-001032,Customer 01032,MidMarket,Healthcare,West US,US,Active,2024-05-30,2024-07-07,USD,0.0825,643,1
1033,CUST-001033,Customer 01033,MidMarket,Healthcare,Canada Central,CA,Active,2025-02-14,2025-03-02,USD,0.0725,731,1
1034,CUST-001034,Customer 01034,SmallBusiness,Energy,Canada Central,CA,Active,2023-07-29,2023-09-09,USD,0.0650,648,1
1035,CUST-001035,Customer 01035,Enterprise,Education,East US,US,Active,2024-06-17,2024-08-07,USD,0.0500,749,1
1036,CUST-001036,Customer 01036,Enterprise,Technology,West US,US,Suspended,2024-07-06,2024-07-10,USD,0.0500,775,1
1037,CUST-001037,Customer 01037,SmallBusiness,Energy,West US,US,Active,2024-03-28,2024-05-08,USD,0.0500,606,1
1038,CUST-001038,Customer 01038,SmallBusiness,Media,West US,US,Suspended,2023-07-29,2023-08-07,USD,0.0500,700,1
1039,CUST-001039,Customer 01039,SmallBusiness,Technology,Canada Central,CA,Active,2025-01-12,2025-02-11,USD,0.0500,707,1
1040,CUST-001040,Customer 01040,SmallBusiness,Energy,UK South,GB,Active,2024-04-04,2024-05-15,USD,0.0650,783,1
1041,CUST-001041,Customer 01041,SmallBusiness,Logistics,Canada Central,CA,Active,2024-03-27,2024-04-24,USD,0.0725,590,0
1042,CUST-001042,Customer 01042,MidMarket,Education,Canada Central,CA,Active,2025-05-24,2025-05-30,USD,0.0500,669,1
1043,CUST-001043,Customer 01043,SmallBusiness,Media,Canada Central,CA,Active,2023-11-10,2023-12-10,USD,0.0000,750,1
1044,CUST-001044,Customer 01044,Enterprise,Healthcare,Canada Central,CA,Active,2023-07-20,2023-07-30,USD,0.0825,771,1
1045,CUST-001045,Customer 01045,SmallBusiness,Energy,Canada Central,CA,Active,2024-02-09,2024-03-28,USD,0.0825,616,1
1046,CUST-001046,Customer 01046,Enterprise,Retail,East US,US,Active,2023-05-08,2023-06-02,USD,0.0725,710,0
1047,CUST-001047,Customer 01047,SmallBusiness,Manufacturing,Central US,US,Active,2024-06-05,2024-07-21,USD,0.0725,797,0
1048,CUST-001048,Customer 01048,Enterprise,Manufacturing,West US,US,Active,2024-05-04,2024-05-07,USD,0.0000,655,1
1049,CUST-001049,Customer 01049,SmallBusiness,Retail,Canada Central,CA,Active,2024-11-28,2024-12-08,USD,0.0000,776,1
1050,CUST-001050,Customer 01050,Enterprise,Logistics,UK South,GB,Active,2023-03-24,2023-04-27,USD,0.0725,709,0
1051,CUST-001051,Customer 01051,Enterprise,Education,UK South,GB,Active,2024-06-29,2024-08-11,USD,0.0000,635,1
1052,CUST-001052,Customer 01052,SmallBusiness,Technology,Central US,US,Churned,2025-04-13,2025-04-23,USD,0.0725,737,1
1053,CUST-001053,Customer 01053,SmallBusiness,Finance,West US,US,Active,2025-04-15,2025-05-17,USD,0.0725,793,1
1054,CUST-001054,Customer 01054,SmallBusiness,Retail,Canada Central,CA,Active,2023-06-24,2023-07-06,USD,0.0500,837,0
1055,CUST-001055,Customer 01055,SmallBusiness,Technology,Canada Central,CA,Active,2024-08-03,2024-09-25,USD,0.0500,678,1
1056,CUST-001056,Customer 01056,Enterprise,Finance,Canada Central,CA,Suspended,2024-03-27,2024-05-07,USD,0.0500,620,1
1057,CUST-001057,Customer 01057,SmallBusiness,Healthcare,Canada Central,CA,Active,2023-05-08,2023-05-26,USD,0.0725,828,1
1058,CUST-001058,Customer 01058,SmallBusiness,Healthcare,East US,US,Active,2023-01-10,2023-01-14,USD,0.0000,629,1
1059,CUST-001059,Customer 01059,SmallBusiness,Education,East US,US,Churned,2024-01-20,2024-02-28,USD,0.0725,752,1
1060,CUST-001060,Customer 01060,Enterprise,Manufacturing,Central US,US,Suspended,2024-01-15,2024-02-28,USD,0.0650,784,1
1061,CUST-001061,Customer 01061,SmallBusiness,Finance,East US,US,Active,2023-12-31,2024-02-25,USD,0.0725,651,1
1062,CUST-001062,Customer 01062,SmallBusiness,Technology,East US,US,Active,2025-06-08,2025-07-12,USD,0.0825,823,1
1063,CUST-001063,Customer 01063,Enterprise,Manufacturing,West US,US,Active,2023-01-04,2023-02-14,USD,0.0650,603,0
1064,CUST-001064,Customer 01064,SmallBusiness,Energy,Central US,US,Active,2024-11-25,2024-12-24,USD,0.0825,621,1
1065,CUST-001065,Customer 01065,MidMarket,Finance,Canada Central,CA,Active,2024-11-05,2024-12-30,USD,0.0650,679,0
1066,CUST-001066,Customer 01066,MidMarket,Media,UK South,GB,Active,2025-06-16,2025-07-23,USD,0.0725,624,1
1067,CUST-001067,Customer 01067,SmallBusiness,Energy,UK South,GB,Churned,2025-06-14,2025-07-14,USD,0.0725,703,1
1068,CUST-001068,Customer 01068,MidMarket,Finance,West US,US,Active,2025-02-10,2025-03-25,USD,0.0000,662,0
1069,CUST-001069,Customer 01069,SmallBusiness,Education,Central US,US,Active,2024-01-28,2024-03-18,USD,0.0000,649,0
1070,CUST-001070,Customer 01070,MidMarket,Technology,Canada Central,CA,Churned,2023-04-03,2023-05-24,USD,0.0825,613,1
1071,CUST-001071,Customer 01071,MidMarket,Logistics,Canada Central,CA,Active,2025-01-04,2025-02-21,USD,0.0825,803,0
1072,CUST-001072,Customer 01072,SmallBusiness,Finance,West US,US,Active,2023-09-23,2023-10-01,USD,0.0825,676,0
1073,CUST-001073,Customer 01073,SmallBusiness,Manufacturing,East US,US,Churned,2024-08-09,2024-09-02,USD,0.0825,580,1
1074,CUST-001074,Customer 01074,MidMarket,Logistics,UK South,GB,Active,2024-07-02,2024-07-15,USD,0.0650,644,1
1075,CUST-001075,Customer 01075,SmallBusiness,Healthcare,UK South,GB,Active,2024-08-27,2024-09-11,USD,0.0725,741,1
1076,CUST-001076,Customer 01076,SmallBusiness,Energy,Central US,US,Active,2025-05-07,2025-05-22,USD,0.0650,654,0
1077,CUST-001077,Customer 01077,SmallBusiness,Finance,East US,US,Active,2024-09-05,2024-09-26,USD,0.0825,824,1
1078,CUST-001078,Customer 01078,MidMarket,Logistics,West US,US,Active,2024-05-21,2024-06-09,USD,0.0650,658,0
1079,CUST-001079,Customer 01079,Enterprise,Technology,West US,US,Active,2025-05-18,2025-07-04,USD,0.0000,671,0
1080,CUST-001080,Customer 01080,MidMarket,Retail,Canada Central,CA,Churned,2023-11-03,2023-12-26,USD,0.0825,780,1
1081,CUST-001081,Customer 01081,SmallBusiness,Finance,Canada Central,CA,Active,2023-12-23,2024-02-10,USD,0.0650,724,0
1082,CUST-001082,Customer 01082,SmallBusiness,Finance,West US,US,Active,2024-12-18,2025-02-11,USD,0.0825,607,0
1083,CUST-001083,Customer 01083,SmallBusiness,Retail,Central US,US,Active,2024-04-13,2024-05-25,USD,0.0725,729,0
1084,CUST-001084,Customer 01084,MidMarket,Healthcare,West US,US,Active,2023-08-12,2023-10-03,USD,0.0825,632,1
1085,CUST-001085,Customer 01085,MidMarket,Retail,West US,US,Churned,2024-01-21,2024-02-18,USD,0.0000,762,0
1086,CUST-001086,Customer 01086,Enterprise,Manufacturing,West US,US,Active,2023-02-23,2023-03-03,USD,0.0500,786,1
1087,CUST-001087,Customer 01087,SmallBusiness,Retail,East US,US,Active,2023-09-04,2023-09-30,USD,0.0725,625,0
1088,CUST-001088,Customer 01088,MidMarket,Manufacturing,Canada Central,CA,Active,2023-10-09,2023-11-19,USD,0.0000,622,1
1089,CUST-001089,Customer 01089,SmallBusiness,Energy,UK South,GB,Active,2023-08-19,2023-08-21,USD,0.0000,672,1
1090,CUST-001090,Customer 01090,SmallBusiness,Manufacturing,Canada Central,CA,Active,2023-11-02,2023-12-09,USD,0.0825,674,1
1091,CUST-001091,Customer 01091,MidMarket,Media,East US,US,Active,2024-02-08,2024-03-15,USD,0.0825,643,0
1092,CUST-001092,Customer 01092,SmallBusiness,Retail,West US,US,Active,2024-11-05,2025-01-02,USD,0.0725,740,1
1093,CUST-001093,Customer 01093,MidMarket,Finance,West US,US,Active,2024-08-11,2024-08-25,USD,0.0000,623,0
1094,CUST-001094,Customer 01094,Enterprise,Retail,UK South,GB,Active,2023-11-02,2023-11-26,USD,0.0000,707,1
1095,CUST-001095,Customer 01095,MidMarket,Energy,UK South,GB,Active,2025-03-12,2025-03-31,USD,0.0725,740,1
1096,CUST-001096,Customer 01096,SmallBusiness,Finance,Central US,US,Active,2024-09-12,2024-10-17,USD,0.0000,701,1
1097,CUST-001097,Customer 01097,MidMarket,Retail,West US,US,Active,2023-11-03,2023-12-28,USD,0.0500,763,1
1098,CUST-001098,Customer 01098,SmallBusiness,Education,UK South,GB,Active,2024-03-08,2024-03-13,USD,0.0500,784,1
1099,CUST-001099,Customer 01099,Enterprise,Retail,Central US,US,Active,2024-11-23,2024-12-21,USD,0.0000,717,0
1100,CUST-001100,Customer 01100,SmallBusiness,Media,West US,US,Active,2025-01-01,2025-01-25,USD,0.0725,658,1
1101,CUST-001101,Customer 01101,Enterprise,Technology,Canada Central,CA,Active,2024-01-24,2024-01-26,USD,0.0000,636,0
1102,CUST-001102,Customer 01102,MidMarket,Manufacturing,Canada Central,CA,Suspended,2023-03-09,2023-03-31,USD,0.0650,654,0
1103,CUST-001103,Customer 01103,SmallBusiness,Technology,West US,US,Active,2023-10-08,2023-10-09,USD,0.0000,643,1
1104,CUST-001104,Customer 01104,MidMarket,Finance,Central US,US,Active,2024-08-25,2024-10-17,USD,0.0825,724,1
1105,CUST-001105,Customer 01105,SmallBusiness,Manufacturing,UK South,GB,Churned,2023-04-12,2023-06-09,USD,0.0725,672,1
1106,CUST-001106,Customer 01106,Enterprise,Logistics,UK South,GB,Active,2024-07-18,2024-08-26,USD,0.0500,712,1
1107,CUST-001107,Customer 01107,MidMarket,Retail,UK South,GB,Active,2024-12-31,2025-01-10,USD,0.0650,607,0
1108,CUST-001108,Customer 01108,SmallBusiness,Logistics,Central US,US,Active,2024-12-25,2025-02-13,USD,0.0500,804,0
1109,CUST-001109,Customer 01109,SmallBusiness,Logistics,Canada Central,CA,Active,2024-05-29,2024-06-17,USD,0.0500,736,1
1110,CUST-001110,Customer 01110,MidMarket,Finance,East US,US,Active,2023-11-09,2023-12-06,USD,0.0000,702,0
1111,CUST-001111,Customer 01111,SmallBusiness,Education,West US,US,Active,2024-08-12,2024-08-16,USD,0.0725,585,0
1112,CUST-001112,Customer 01112,Enterprise,Retail,Canada Central,CA,Active,2024-11-24,2024-12-27,USD,0.0825,643,1
1113,CUST-001113,Customer 01113,MidMarket,Healthcare,UK South,GB,Active,2023-07-14,2023-09-11,USD,0.0825,756,1
1114,CUST-001114,Customer 01114,SmallBusiness,Energy,UK South,GB,Churned,2024-12-01,2025-01-09,USD,0.0825,695,1
1115,CUST-001115,Customer 01115,SmallBusiness,Healthcare,Central US,US,Active,2025-05-09,2025-05-18,USD,0.0725,667,1
1116,CUST-001116,Customer 01116,MidMarket,Media,East US,US,Suspended,2023-12-13,2024-02-10,USD,0.0000,728,1
1117,CUST-001117,Customer 01117,SmallBusiness,Logistics,Central US,US,Active,2023-09-29,2023-10-13,USD,0.0650,598,0
1118,CUST-001118,Customer 01118,SmallBusiness,Healthcare,UK South,GB,Active,2025-05-18,2025-06-19,USD,0.0650,732,1
1119,CUST-001119,Customer 01119,MidMarket,Logistics,East US,US,Active,2023-12-25,2024-02-20,USD,0.0000,800,1
1120,CUST-001120,Customer 01120,Enterprise,Logistics,East US,US,Active,2024-06-25,2024-07-28,USD,0.0725,583,1
1121,CUST-001121,Customer 01121,SmallBusiness,Education,Central US,US,Active,2023-08-20,2023-09-20,USD,0.0500,717,1
1122,CUST-001122,Customer 01122,SmallBusiness,Retail,Canada Central,CA,Active,2024-11-03,2024-12-27,USD,0.0725,582,1
1123,CUST-001123,Customer 01123,SmallBusiness,Retail,West US,US,Active,2023-04-24,2023-05-07,USD,0.0650,596,1
1124,CUST-001124,Customer 01124,Enterprise,Finance,West US,US,Active,2024-05-05,2024-06-17,USD,0.0825,833,0
1125,CUST-001125,Customer 01125,MidMarket,Logistics,West US,US,Active,2023-11-29,2024-01-17,USD,0.0725,647,1
1126,CUST-001126,Customer 01126,SmallBusiness,Manufacturing,East US,US,Active,2025-03-22,2025-03-24,USD,0.0500,606,1
1127,CUST-001127,Customer 01127,MidMarket,Logistics,Central US,US,Active,2024-03-15,2024-04-23,USD,0.0650,828,1
1128,CUST-001128,Customer 01128,SmallBusiness,Media,Canada Central,CA,Active,2023-09-11,2023-10-21,USD,0.0650,638,0
1129,CUST-001129,Customer 01129,SmallBusiness,Energy,West US,US,Active,2024-11-13,2025-01-05,USD,0.0000,837,1
1130,CUST-001130,Customer 01130,MidMarket,Retail,West US,US,Active,2025-05-25,2025-07-02,USD,0.0500,785,1
1131,CUST-001131,Customer 01131,SmallBusiness,Technology,West US,US,Active,2023-05-30,2023-06-27,USD,0.0000,774,1
1132,CUST-001132,Customer 01132,Enterprise,Technology,Central US,US,Active,2024-12-17,2025-01-27,USD,0.0725,611,1
1133,CUST-001133,Customer 01133,SmallBusiness,Education,East US,US,Churned,2023-11-08,2023-11-16,USD,0.0725,706,1
1134,CUST-001134,Customer 01134,SmallBusiness,Manufacturing,East US,US,Active,2023-07-06,2023-07-09,USD,0.0725,723,0
1135,CUST-001135,Customer 01135,SmallBusiness,Energy,East US,US,Active,2024-03-17,2024-03-29,USD,0.0650,637,1
1136,CUST-001136,Customer 01136,MidMarket,Retail,East US,US,Active,2024-11-30,2025-01-05,USD,0.0650,770,1
1137,CUST-001137,Customer 01137,SmallBusiness,Finance,Central US,US,Active,2023-08-04,2023-09-11,USD,0.0825,641,1
1138,CUST-001138,Customer 01138,SmallBusiness,Finance,West US,US,Active,2023-07-17,2023-09-01,USD,0.0825,755,1
1139,CUST-001139,Customer 01139,SmallBusiness,Retail,Canada Central,CA,Active,2025-02-18,2025-03-03,USD,0.0500,794,1
1140,CUST-001140,Customer 01140,MidMarket,Media,Central US,US,Churned,2025-06-17,2025-08-05,USD,0.0650,809,1
1141,CUST-001141,Customer 01141,SmallBusiness,Media,East US,US,Churned,2024-03-22,2024-03-27,USD,0.0825,591,1
1142,CUST-001142,Customer 01142,SmallBusiness,Healthcare,Central US,US,Active,2024-12-14,2024-12-23,USD,0.0500,783,1
1143,CUST-001143,Customer 01143,Enterprise,Retail,UK South,GB,Active,2025-06-10,2025-07-13,USD,0.0825,776,1
1144,CUST-001144,Customer 01144,SmallBusiness,Retail,Canada Central,CA,Active,2024-02-15,2024-03-25,USD,0.0825,691,1
1145,CUST-001145,Customer 01145,MidMarket,Energy,East US,US,Active,2025-06-19,2025-08-18,USD,0.0825,712,1
1146,CUST-001146,Customer 01146,SmallBusiness,Finance,West US,US,Active,2023-10-31,2023-12-16,USD,0.0000,701,1
1147,CUST-001147,Customer 01147,Enterprise,Education,West US,US,Suspended,2025-06-23,2025-07-11,USD,0.0000,707,0
1148,CUST-001148,Customer 01148,SmallBusiness,Manufacturing,West US,US,Active,2024-07-01,2024-07-09,USD,0.0650,746,1
1149,CUST-001149,Customer 01149,SmallBusiness,Education,UK South,GB,Active,2023-09-28,2023-11-14,USD,0.0000,585,0
1150,CUST-001150,Customer 01150,SmallBusiness,Healthcare,West US,US,Active,2025-01-18,2025-02-05,USD,0.0825,634,0
1151,CUST-001151,Customer 01151,MidMarket,Media,Canada Central,CA,Active,2024-10-31,2024-11-17,USD,0.0725,692,1
1152,CUST-001152,Customer 01152,MidMarket,Logistics,West US,US,Active,2024-08-18,2024-09-28,USD,0.0500,802,1
1153,CUST-001153,Customer 01153,SmallBusiness,Retail,Canada Central,CA,Suspended,2023-04-06,2023-05-08,USD,0.0500,676,1
1154,CUST-001154,Customer 01154,SmallBusiness,Retail,West US,US,Suspended,2024-10-25,2024-11-13,USD,0.0725,676,1
1155,CUST-001155,Customer 01155,SmallBusiness,Logistics,East US,US,Active,2024-03-12,2024-03-28,USD,0.0825,650,0
1156,CUST-001156,Customer 01156,SmallBusiness,Healthcare,East US,US,Active,2024-09-09,2024-09-16,USD,0.0000,602,1
1157,CUST-001157,Customer 01157,Enterprise,Healthcare,East US,US,Active,2023-10-02,2023-10-12,USD,0.0000,634,1
1158,CUST-001158,Customer 01158,SmallBusiness,Retail,Central US,US,Active,2025-05-23,2025-07-08,USD,0.0825,807,0
1159,CUST-001159,Customer 01159,SmallBusiness,Healthcare,Central US,US,Active,2023-12-06,2024-01-06,USD,0.0650,643,1
1160,CUST-001160,Customer 01160,SmallBusiness,Media,East US,US,Suspended,2023-04-16,2023-05-21,USD,0.0725,652,1
1161,CUST-001161,Customer 01161,SmallBusiness,Retail,West US,US,Active,2023-01-25,2023-02-09,USD,0.0650,695,0
1162,CUST-001162,Customer 01162,MidMarket,Finance,Canada Central,CA,Active,2024-12-04,2025-01-30,USD,0.0000,694,1
1163,CUST-001163,Customer 01163,MidMarket,Finance,Central US,US,Active,2024-01-01,2024-01-06,USD,0.0000,602,1
1164,CUST-001164,Customer 01164,SmallBusiness,Retail,West US,US,Active,2024-03-14,2024-04-17,USD,0.0500,734,1
1165,CUST-001165,Customer 01165,SmallBusiness,Energy,Central US,US,Active,2023-12-23,2024-02-18,USD,0.0650,619,0
1166,CUST-001166,Customer 01166,SmallBusiness,Retail,West US,US,Active,2025-03-07,2025-04-18,USD,0.0725,614,1
1167,CUST-001167,Customer 01167,SmallBusiness,Manufacturing,Canada Central,CA,Churned,2025-01-14,2025-02-01,USD,0.0500,777,1
1168,CUST-001168,Customer 01168,MidMarket,Logistics,Canada Central,CA,Active,2024-03-10,2024-04-10,USD,0.0650,650,0
1169,CUST-001169,Customer 01169,SmallBusiness,Media,West US,US,Active,2024-01-28,2024-02-24,USD,0.0825,697,1
1170,CUST-001170,Customer 01170,SmallBusiness,Technology,UK South,GB,Active,2025-01-02,2025-01-29,USD,0.0500,765,1
1171,CUST-001171,Customer 01171,SmallBusiness,Retail,East US,US,Churned,2024-01-07,2024-02-12,USD,0.0000,758,1
1172,CUST-001172,Customer 01172,SmallBusiness,Media,West US,US,Churned,2023-10-29,2023-11-28,USD,0.0725,704,1
1173,CUST-001173,Customer 01173,SmallBusiness,Retail,West US,US,Active,2023-02-27,2023-04-16,USD,0.0000,797,1
1174,CUST-001174,Customer 01174,SmallBusiness,Retail,East US,US,Active,2024-11-09,2024-12-17,USD,0.0650,652,1
1175,CUST-001175,Customer 01175,MidMarket,Logistics,East US,US,Active,2023-01-13,2023-02-19,USD,0.0500,820,0
1176,CUST-001176,Customer 01176,SmallBusiness,Manufacturing,UK South,GB,Active,2024-12-16,2025-01-05,USD,0.0000,726,1
1177,CUST-001177,Customer 01177,SmallBusiness,Retail,East US,US,Active,2025-06-21,2025-08-02,USD,0.0000,782,0
1178,CUST-001178,Customer 01178,MidMarket,Media,Canada Central,CA,Active,2024-07-21,2024-09-05,USD,0.0500,796,0
1179,CUST-001179,Customer 01179,SmallBusiness,Retail,Central US,US,Active,2023-04-05,2023-05-09,USD,0.0725,608,1
1180,CUST-001180,Customer 01180,Enterprise,Finance,West US,US,Suspended,2025-04-22,2025-06-09,USD,0.0725,824,1
1181,CUST-001181,Customer 01181,SmallBusiness,Manufacturing,Canada Central,CA,Active,2025-04-27,2025-05-22,USD,0.0500,718,1
1182,CUST-001182,Customer 01182,MidMarket,Manufacturing,East US,US,Active,2024-01-07,2024-02-15,USD,0.0650,663,1
1183,CUST-001183,Customer 01183,SmallBusiness,Education,East US,US,Active,2023-08-05,2023-09-13,USD,0.0500,596,1
1184,CUST-001184,Customer 01184,SmallBusiness,Energy,East US,US,Active,2024-08-06,2024-09-12,USD,0.0650,627,0
1185,CUST-001185,Customer 01185,SmallBusiness,Logistics,East US,US,Active,2024-01-01,2024-02-19,USD,0.0650,780,0
1186,CUST-001186,Customer 01186,SmallBusiness,Logistics,West US,US,Suspended,2024-12-20,2025-02-02,USD,0.0825,631,1
1187,CUST-001187,Customer 01187,MidMarket,Energy,West US,US,Active,2023-01-25,2023-03-04,USD,0.0000,728,1
1188,CUST-001188,Customer 01188,MidMarket,Technology,Canada Central,CA,Suspended,2023-03-22,2023-05-18,USD,0.0500,662,0
1189,CUST-001189,Customer 01189,MidMarket,Media,UK South,GB,Churned,2024-06-12,2024-07-29,USD,0.0650,809,0
1190,CUST-001190,Customer 01190,MidMarket,Logistics,Central US,US,Active,2023-10-25,2023-11-18,USD,0.0725,702,1
1191,CUST-001191,Customer 01191,Enterprise,Energy,UK South,GB,Active,2024-09-13,2024-09-18,USD,0.0000,653,0
1192,CUST-001192,Customer 01192,Enterprise,Finance,Central US,US,Active,2024-07-14,2024-09-08,USD,0.0725,740,1
1193,CUST-001193,Customer 01193,SmallBusiness,Manufacturing,Central US,US,Active,2023-06-15,2023-06-20,USD,0.0000,671,0
1194,CUST-001194,Customer 01194,Enterprise,Energy,Canada Central,CA,Active,2023-09-22,2023-10-23,USD,0.0500,643,0
1195,CUST-001195,Customer 01195,MidMarket,Logistics,Canada Central,CA,Active,2023-02-10,2023-03-06,USD,0.0825,646,1
1196,CUST-001196,Customer 01196,Enterprise,Manufacturing,UK South,GB,Active,2025-05-15,2025-06-24,USD,0.0725,839,1
1197,CUST-001197,Customer 01197,SmallBusiness,Technology,East US,US,Active,2024-09-27,2024-11-08,USD,0.0825,584,1
1198,CUST-001198,Customer 01198,SmallBusiness,Logistics,East US,US,Suspended,2023-10-25,2023-11-19,USD,0.0500,778,0
1199,CUST-001199,Customer 01199,SmallBusiness,Media,East US,US,Suspended,2023-12-24,2024-01-23,USD,0.0725,635,1
1200,CUST-001200,Customer 01200,SmallBusiness,Logistics,East US,US,Active,2024-02-11,2024-04-01,USD,0.0650,755,0
1201,CUST-001201,Customer 01201,MidMarket,Finance,Canada Central,CA,Active,2023-08-06,2023-09-20,USD,0.0000,659,0
1202,CUST-001202,Customer 01202,SmallBusiness,Healthcare,West US,US,Churned,2024-10-17,2024-10-31,USD,0.0725,611,0
1203,CUST-001203,Customer 01203,Enterprise,Technology,Central US,US,Active,2025-03-19,2025-04-16,USD,0.0000,796,1
1204,CUST-001204,Customer 01204,SmallBusiness,Logistics,West US,US,Active,2023-03-27,2023-04-06,USD,0.0725,794,1
1205,CUST-001205,Customer 01205,SmallBusiness,Logistics,Central US,US,Active,2023-07-08,2023-08-31,USD,0.0650,664,1
1206,CUST-001206,Customer 01206,SmallBusiness,Retail,Canada Central,CA,Churned,2024-05-08,2024-06-08,USD,0.0725,761,0
1207,CUST-001207,Customer 01207,SmallBusiness,Technology,UK South,GB,Active,2024-02-03,2024-03-27,USD,0.0825,654,1
1208,CUST-001208,Customer 01208,Enterprise,Retail,Central US,US,Active,2023-01-15,2023-01-25,USD,0.0650,638,0
1209,CUST-001209,Customer 01209,MidMarket,Energy,Canada Central,CA,Churned,2023-09-27,2023-10-31,USD,0.0500,810,1
1210,CUST-001210,Customer 01210,SmallBusiness,Technology,UK South,GB,Active,2023-04-10,2023-04-13,USD,0.0825,665,1
1211,CUST-001211,Customer 01211,Enterprise,Healthcare,West US,US,Active,2023-12-23,2024-01-06,USD,0.0650,588,1
1212,CUST-001212,Customer 01212,MidMarket,Energy,Central US,US,Active,2024-05-29,2024-07-21,USD,0.0725,791,1
1213,CUST-001213,Customer 01213,SmallBusiness,Manufacturing,Central US,US,Active,2025-04-28,2025-06-02,USD,0.0500,814,1
1214,CUST-001214,Customer 01214,SmallBusiness,Logistics,West US,US,Active,2024-07-20,2024-08-28,USD,0.0725,725,0
1215,CUST-001215,Customer 01215,MidMarket,Finance,East US,US,Active,2023-03-31,2023-05-22,USD,0.0825,790,1
1216,CUST-001216,Customer 01216,MidMarket,Media,UK South,GB,Active,2024-07-11,2024-07-18,USD,0.0000,728,0
1217,CUST-001217,Customer 01217,SmallBusiness,Logistics,West US,US,Active,2023-08-17,2023-10-06,USD,0.0725,643,1
1218,CUST-001218,Customer 01218,MidMarket,Logistics,Canada Central,CA,Active,2024-02-27,2024-04-26,USD,0.0650,694,1
1219,CUST-001219,Customer 01219,SmallBusiness,Logistics,Central US,US,Active,2025-06-19,2025-08-01,USD,0.0000,792,1
1220,CUST-001220,Customer 01220,SmallBusiness,Media,East US,US,Suspended,2023-06-07,2023-07-28,USD,0.0825,742,1
1221,CUST-001221,Customer 01221,SmallBusiness,Logistics,UK South,GB,Active,2024-03-16,2024-04-01,USD,0.0725,606,0
1222,CUST-001222,Customer 01222,Enterprise,Logistics,UK South,GB,Churned,2024-03-15,2024-03-24,USD,0.0500,786,0
1223,CUST-001223,Customer 01223,SmallBusiness,Retail,UK South,GB,Active,2023-06-12,2023-07-10,USD,0.0825,780,0
1224,CUST-001224,Customer 01224,SmallBusiness,Manufacturing,Central US,US,Active,2025-05-07,2025-06-12,USD,0.0000,593,1
1225,CUST-001225,Customer 01225,MidMarket,Media,UK South,GB,Churned,2023-06-06,2023-06-08,USD,0.0000,775,1
1226,CUST-001226,Customer 01226,MidMarket,Manufacturing,West US,US,Active,2024-04-09,2024-05-20,USD,0.0500,732,1
1227,CUST-001227,Customer 01227,MidMarket,Logistics,West US,US,Active,2025-01-13,2025-03-04,USD,0.0000,720,1
1228,CUST-001228,Customer 01228,MidMarket,Finance,West US,US,Active,2024-10-04,2024-10-06,USD,0.0825,642,1
1229,CUST-001229,Customer 01229,SmallBusiness,Finance,Central US,US,Active,2023-09-26,2023-11-23,USD,0.0650,686,1
1230,CUST-001230,Customer 01230,SmallBusiness,Energy,Canada Central,CA,Churned,2025-03-25,2025-03-27,USD,0.0000,687,0
1231,CUST-001231,Customer 01231,MidMarket,Energy,Canada Central,CA,Suspended,2025-06-30,2025-07-21,USD,0.0500,732,1
1232,CUST-001232,Customer 01232,MidMarket,Healthcare,West US,US,Active,2024-11-06,2024-12-13,USD,0.0650,757,1
1233,CUST-001233,Customer 01233,SmallBusiness,Media,UK South,GB,Active,2024-09-06,2024-10-11,USD,0.0000,678,1
1234,CUST-001234,Customer 01234,SmallBusiness,Retail,UK South,GB,Active,2023-01-24,2023-02-27,USD,0.0650,638,0
1235,CUST-001235,Customer 01235,SmallBusiness,Retail,East US,US,Active,2023-12-02,2023-12-11,USD,0.0725,682,0
1236,CUST-001236,Customer 01236,MidMarket,Energy,Central US,US,Active,2024-12-26,2025-01-31,USD,0.0725,803,1
1237,CUST-001237,Customer 01237,SmallBusiness,Education,Canada Central,CA,Churned,2023-07-17,2023-08-03,USD,0.0000,739,1
1238,CUST-001238,Customer 01238,SmallBusiness,Energy,West US,US,Active,2025-01-09,2025-02-10,USD,0.0650,743,1
1239,CUST-001239,Customer 01239,SmallBusiness,Manufacturing,UK South,GB,Active,2024-01-28,2024-02-25,USD,0.0000,810,1
1240,CUST-001240,Customer 01240,SmallBusiness,Education,East US,US,Active,2024-06-07,2024-06-24,USD,0.0825,760,1
1241,CUST-001241,Customer 01241,SmallBusiness,Retail,East US,US,Active,2023-07-04,2023-08-25,USD,0.0000,690,1
1242,CUST-001242,Customer 01242,SmallBusiness,Healthcare,Central US,US,Active,2023-05-29,2023-07-18,USD,0.0000,748,1
1243,CUST-001243,Customer 01243,Enterprise,Media,UK South,GB,Active,2025-03-25,2025-04-15,USD,0.0650,688,1
1244,CUST-001244,Customer 01244,MidMarket,Finance,East US,US,Active,2024-07-28,2024-08-15,USD,0.0725,802,1
1245,CUST-001245,Customer 01245,SmallBusiness,Energy,Central US,US,Active,2023-07-22,2023-08-04,USD,0.0650,795,1
1246,CUST-001246,Customer 01246,SmallBusiness,Logistics,Canada Central,CA,Active,2023-06-25,2023-08-03,USD,0.0000,725,1
1247,CUST-001247,Customer 01247,SmallBusiness,Retail,UK South,GB,Suspended,2023-01-05,2023-03-05,USD,0.0725,598,0
1248,CUST-001248,Customer 01248,MidMarket,Finance,UK South,GB,Active,2023-02-10,2023-03-04,USD,0.0725,734,1
1249,CUST-001249,Customer 01249,SmallBusiness,Manufacturing,Central US,US,Active,2024-02-14,2024-02-20,USD,0.0000,781,1
1250,CUST-001250,Customer 01250,MidMarket,Finance,Canada Central,CA,Suspended,2024-05-20,2024-07-14,USD,0.0825,632,1
1251,CUST-001251,Customer 01251,SmallBusiness,Manufacturing,East US,US,Suspended,2025-04-25,2025-04-26,USD,0.0725,695,1
1252,CUST-001252,Customer 01252,MidMarket,Media,West US,US,Churned,2025-01-11,2025-03-10,USD,0.0000,712,0
1253,CUST-001253,Customer 01253,Enterprise,Finance,East US,US,Active,2023-04-24,2023-04-28,USD,0.0825,774,1
1254,CUST-001254,Customer 01254,SmallBusiness,Retail,West US,US,Active,2023-05-22,2023-06-29,USD,0.0500,791,1
1255,CUST-001255,Customer 01255,SmallBusiness,Energy,East US,US,Active,2024-06-18,2024-07-22,USD,0.0650,744,0
1256,CUST-001256,Customer 01256,SmallBusiness,Education,Canada Central,CA,Active,2023-08-20,2023-08-26,USD,0.0650,704,1
1257,CUST-001257,Customer 01257,SmallBusiness,Energy,West US,US,Active,2024-12-12,2024-12-17,USD,0.0000,690,1
1258,CUST-001258,Customer 01258,SmallBusiness,Technology,Canada Central,CA,Suspended,2023-07-12,2023-08-13,USD,0.0825,740,0
1259,CUST-001259,Customer 01259,MidMarket,Media,Central US,US,Active,2024-12-26,2025-01-25,USD,0.0500,692,0
1260,CUST-001260,Customer 01260,MidMarket,Technology,Canada Central,CA,Active,2024-04-08,2024-06-03,USD,0.0500,615,1
1261,CUST-001261,Customer 01261,Enterprise,Finance,West US,US,Active,2024-12-03,2024-12-23,USD,0.0000,636,1
1262,CUST-001262,Customer 01262,SmallBusiness,Media,Canada Central,CA,Active,2023-07-11,2023-07-29,USD,0.0650,640,0
1263,CUST-001263,Customer 01263,SmallBusiness,Logistics,East US,US,Active,2023-12-29,2024-01-26,USD,0.0825,750,1
1264,CUST-001264,Customer 01264,SmallBusiness,Logistics,Central US,US,Active,2024-01-14,2024-01-21,USD,0.0725,679,1
1265,CUST-001265,Customer 01265,SmallBusiness,Energy,Canada Central,CA,Active,2023-06-30,2023-08-08,USD,0.0000,605,1
1266,CUST-001266,Customer 01266,SmallBusiness,Healthcare,East US,US,Active,2023-08-13,2023-08-21,USD,0.0500,613,1
1267,CUST-001267,Customer 01267,MidMarket,Logistics,Central US,US,Active,2023-08-20,2023-10-16,USD,0.0000,692,0
1268,CUST-001268,Customer 01268,SmallBusiness,Technology,Central US,US,Active,2024-05-22,2024-06-05,USD,0.0650,727,0
1269,CUST-001269,Customer 01269,Enterprise,Energy,East US,US,Active,2023-07-09,2023-08-11,USD,0.0500,667,1
1270,CUST-001270,Customer 01270,SmallBusiness,Energy,East US,US,Active,2023-06-20,2023-07-02,USD,0.0000,822,1
1271,CUST-001271,Customer 01271,Enterprise,Retail,East US,US,Active,2023-07-01,2023-07-18,USD,0.0000,760,0
1272,CUST-001272,Customer 01272,MidMarket,Energy,UK South,GB,Active,2023-01-02,2023-02-03,USD,0.0000,728,0
1273,CUST-001273,Customer 01273,MidMarket,Finance,UK South,GB,Active,2024-05-30,2024-06-10,USD,0.0650,811,1
1274,CUST-001274,Customer 01274,MidMarket,Education,Central US,US,Active,2024-07-12,2024-07-29,USD,0.0000,760,1
1275,CUST-001275,Customer 01275,MidMarket,Energy,Central US,US,Active,2024-06-14,2024-08-03,USD,0.0825,590,1
1276,CUST-001276,Customer 01276,MidMarket,Retail,Canada Central,CA,Active,2025-05-26,2025-06-10,USD,0.0000,705,1
1277,CUST-001277,Customer 01277,MidMarket,Technology,Canada Central,CA,Churned,2024-01-04,2024-01-18,USD,0.0725,635,0
1278,CUST-001278,Customer 01278,SmallBusiness,Education,UK South,GB,Suspended,2024-04-05,2024-06-01,USD,0.0650,749,1
1279,CUST-001279,Customer 01279,SmallBusiness,Media,Canada Central,CA,Active,2023-10-10,2023-10-30,USD,0.0825,642,1
1280,CUST-001280,Customer 01280,MidMarket,Education,Canada Central,CA,Active,2024-08-03,2024-09-23,USD,0.0000,835,0
1281,CUST-001281,Customer 01281,SmallBusiness,Education,West US,US,Active,2024-04-22,2024-06-05,USD,0.0500,735,1
1282,CUST-001282,Customer 01282,SmallBusiness,Healthcare,East US,US,Active,2025-03-29,2025-04-17,USD,0.0825,643,1
1283,CUST-001283,Customer 01283,SmallBusiness,Healthcare,Central US,US,Active,2023-01-06,2023-02-03,USD,0.0500,759,0
1284,CUST-001284,Customer 01284,SmallBusiness,Finance,UK South,GB,Active,2024-11-12,2025-01-01,USD,0.0500,680,1
1285,CUST-001285,Customer 01285,SmallBusiness,Manufacturing,East US,US,Active,2023-10-25,2023-11-09,USD,0.0725,796,1
1286,CUST-001286,Customer 01286,SmallBusiness,Education,East US,US,Active,2023-09-25,2023-11-23,USD,0.0725,745,0
1287,CUST-001287,Customer 01287,SmallBusiness,Retail,West US,US,Active,2024-11-30,2025-01-19,USD,0.0500,734,1
1288,CUST-001288,Customer 01288,MidMarket,Media,Central US,US,Active,2024-08-03,2024-10-02,USD,0.0725,629,1
1289,CUST-001289,Customer 01289,SmallBusiness,Manufacturing,Canada Central,CA,Active,2024-12-11,2025-01-01,USD,0.0725,818,1
1290,CUST-001290,Customer 01290,Enterprise,Healthcare,Canada Central,CA,Churned,2024-04-17,2024-04-19,USD,0.0725,625,0
1291,CUST-001291,Customer 01291,SmallBusiness,Media,UK South,GB,Active,2023-11-06,2023-12-27,USD,0.0825,730,1
1292,CUST-001292,Customer 01292,MidMarket,Energy,Canada Central,CA,Suspended,2023-05-09,2023-06-04,USD,0.0825,815,0
1293,CUST-001293,Customer 01293,MidMarket,Finance,East US,US,Active,2023-02-26,2023-03-16,USD,0.0000,728,1
1294,CUST-001294,Customer 01294,SmallBusiness,Media,Central US,US,Active,2025-06-04,2025-06-08,USD,0.0000,684,1
1295,CUST-001295,Customer 01295,SmallBusiness,Retail,UK South,GB,Active,2025-01-28,2025-03-01,USD,0.0650,583,0
1296,CUST-001296,Customer 01296,SmallBusiness,Healthcare,UK South,GB,Active,2024-12-05,2024-12-18,USD,0.0000,629,1
1297,CUST-001297,Customer 01297,MidMarket,Energy,East US,US,Active,2024-04-30,2024-05-02,USD,0.0000,733,1
1298,CUST-001298,Customer 01298,MidMarket,Media,West US,US,Active,2025-04-19,2025-05-05,USD,0.0825,804,0
1299,CUST-001299,Customer 01299,SmallBusiness,Healthcare,UK South,GB,Active,2023-05-07,2023-06-04,USD,0.0500,667,1
1300,CUST-001300,Customer 01300,SmallBusiness,Education,UK South,GB,Active,2023-07-25,2023-08-25,USD,0.0825,832,1
1301,CUST-001301,Customer 01301,MidMarket,Finance,Central US,US,Active,2024-02-05,2024-03-01,USD,0.0725,655,1
1302,CUST-001302,Customer 01302,SmallBusiness,Education,Canada Central,CA,Active,2023-05-04,2023-06-10,USD,0.0825,807,1
1303,CUST-001303,Customer 01303,Enterprise,Energy,Central US,US,Active,2023-05-23,2023-06-22,USD,0.0500,763,1
1304,CUST-001304,Customer 01304,Enterprise,Media,UK South,GB,Active,2023-08-04,2023-08-27,USD,0.0000,669,1
1305,CUST-001305,Customer 01305,SmallBusiness,Energy,Central US,US,Active,2024-11-02,2024-12-19,USD,0.0500,722,0
1306,CUST-001306,Customer 01306,Enterprise,Energy,Central US,US,Active,2024-02-08,2024-02-13,USD,0.0725,672,1
1307,CUST-001307,Customer 01307,SmallBusiness,Retail,UK South,GB,Active,2025-03-05,2025-04-17,USD,0.0825,758,1
1308,CUST-001308,Customer 01308,SmallBusiness,Retail,Canada Central,CA,Active,2023-03-11,2023-03-14,USD,0.0000,835,0
1309,CUST-001309,Customer 01309,SmallBusiness,Technology,Canada Central,CA,Active,2023-11-28,2024-01-16,USD,0.0500,776,0
1310,CUST-001310,Customer 01310,MidMarket,Finance,Canada Central,CA,Active,2023-03-07,2023-03-11,USD,0.0000,806,0
1311,CUST-001311,Customer 01311,SmallBusiness,Retail,UK South,GB,Active,2024-10-08,2024-12-01,USD,0.0725,773,1
1312,CUST-001312,Customer 01312,SmallBusiness,Energy,UK South,GB,Active,2024-07-23,2024-08-05,USD,0.0650,695,1
1313,CUST-001313,Customer 01313,SmallBusiness,Technology,West US,US,Active,2024-03-20,2024-05-12,USD,0.0000,629,1
1314,CUST-001314,Customer 01314,MidMarket,Media,West US,US,Suspended,2023-01-06,2023-01-30,USD,0.0650,674,0
1315,CUST-001315,Customer 01315,MidMarket,Energy,UK South,GB,Active,2024-05-23,2024-06-05,USD,0.0650,650,0
1316,CUST-001316,Customer 01316,SmallBusiness,Finance,Canada Central,CA,Active,2024-03-13,2024-04-23,USD,0.0500,732,1
1317,CUST-001317,Customer 01317,MidMarket,Manufacturing,Canada Central,CA,Active,2023-08-25,2023-08-29,USD,0.0650,708,1
1318,CUST-001318,Customer 01318,MidMarket,Education,Central US,US,Active,2023-03-11,2023-05-06,USD,0.0825,703,0
1319,CUST-001319,Customer 01319,SmallBusiness,Healthcare,UK South,GB,Active,2024-05-27,2024-06-16,USD,0.0000,821,0
1320,CUST-001320,Customer 01320,SmallBusiness,Logistics,Central US,US,Active,2024-10-30,2024-11-01,USD,0.0650,610,1
1321,CUST-001321,Customer 01321,SmallBusiness,Healthcare,UK South,GB,Active,2025-04-16,2025-06-02,USD,0.0000,598,1
1322,CUST-001322,Customer 01322,MidMarket,Finance,East US,US,Suspended,2024-03-02,2024-04-10,USD,0.0725,646,1
1323,CUST-001323,Customer 01323,SmallBusiness,Technology,East US,US,Active,2023-04-17,2023-04-20,USD,0.0725,824,1
1324,CUST-001324,Customer 01324,SmallBusiness,Technology,West US,US,Active,2023-01-22,2023-03-23,USD,0.0725,589,1
1325,CUST-001325,Customer 01325,SmallBusiness,Retail,East US,US,Active,2024-02-01,2024-03-22,USD,0.0725,650,1
1326,CUST-001326,Customer 01326,SmallBusiness,Technology,East US,US,Active,2024-09-22,2024-11-19,USD,0.0000,701,1
1327,CUST-001327,Customer 01327,SmallBusiness,Media,UK South,GB,Active,2023-01-11,2023-01-26,USD,0.0000,707,0
1328,CUST-001328,Customer 01328,SmallBusiness,Education,East US,US,Active,2023-02-28,2023-03-09,USD,0.0650,705,0
1329,CUST-001329,Customer 01329,SmallBusiness,Finance,West US,US,Active,2024-09-12,2024-10-08,USD,0.0000,708,0
1330,CUST-001330,Customer 01330,MidMarket,Manufacturing,West US,US,Suspended,2024-05-21,2024-07-06,USD,0.0500,807,0
1331,CUST-001331,Customer 01331,SmallBusiness,Technology,Central US,US,Active,2025-03-09,2025-04-14,USD,0.0650,743,0
1332,CUST-001332,Customer 01332,SmallBusiness,Logistics,UK South,GB,Active,2023-04-17,2023-04-21,USD,0.0825,828,1
1333,CUST-001333,Customer 01333,Enterprise,Technology,West US,US,Active,2023-05-21,2023-07-14,USD,0.0825,687,1
1334,CUST-001334,Customer 01334,MidMarket,Energy,West US,US,Churned,2023-02-06,2023-02-22,USD,0.0000,835,0
1335,CUST-001335,Customer 01335,SmallBusiness,Finance,Central US,US,Active,2023-10-12,2023-11-19,USD,0.0825,776,1
1336,CUST-001336,Customer 01336,SmallBusiness,Technology,Canada Central,CA,Active,2024-01-29,2024-02-27,USD,0.0725,606,1
1337,CUST-001337,Customer 01337,SmallBusiness,Healthcare,East US,US,Suspended,2024-07-08,2024-08-26,USD,0.0650,714,0
1338,CUST-001338,Customer 01338,SmallBusiness,Logistics,UK South,GB,Suspended,2023-08-10,2023-09-28,USD,0.0000,635,1
1339,CUST-001339,Customer 01339,SmallBusiness,Media,Central US,US,Active,2025-05-29,2025-07-03,USD,0.0725,819,0
1340,CUST-001340,Customer 01340,SmallBusiness,Education,West US,US,Active,2023-05-16,2023-07-14,USD,0.0500,731,1
1341,CUST-001341,Customer 01341,SmallBusiness,Education,Canada Central,CA,Active,2023-02-09,2023-03-21,USD,0.0825,586,1
1342,CUST-001342,Customer 01342,MidMarket,Retail,UK South,GB,Active,2024-11-07,2024-11-28,USD,0.0000,805,1
1343,CUST-001343,Customer 01343,MidMarket,Media,East US,US,Active,2024-01-03,2024-02-03,USD,0.0000,620,1
1344,CUST-001344,Customer 01344,Enterprise,Energy,UK South,GB,Active,2024-07-18,2024-08-08,USD,0.0650,712,0
1345,CUST-001345,Customer 01345,SmallBusiness,Healthcare,West US,US,Active,2023-08-21,2023-10-01,USD,0.0000,674,0
1346,CUST-001346,Customer 01346,SmallBusiness,Technology,Canada Central,CA,Active,2024-08-16,2024-09-06,USD,0.0650,711,1
1347,CUST-001347,Customer 01347,SmallBusiness,Technology,Central US,US,Active,2024-07-07,2024-08-22,USD,0.0000,839,1
1348,CUST-001348,Customer 01348,SmallBusiness,Manufacturing,UK South,GB,Suspended,2023-03-21,2023-04-06,USD,0.0725,616,1
1349,CUST-001349,Customer 01349,SmallBusiness,Manufacturing,Central US,US,Active,2023-05-27,2023-05-29,USD,0.0725,771,1
1350,CUST-001350,Customer 01350,SmallBusiness,Healthcare,Central US,US,Active,2024-09-28,2024-09-30,USD,0.0500,593,1
1351,CUST-001351,Customer 01351,SmallBusiness,Media,West US,US,Active,2025-04-07,2025-04-28,USD,0.0650,690,1
1352,CUST-001352,Customer 01352,MidMarket,Logistics,UK South,GB,Active,2023-02-03,2023-03-18,USD,0.0000,619,0
1353,CUST-001353,Customer 01353,Enterprise,Media,West US,US,Active,2024-08-01,2024-09-03,USD,0.0825,642,0
1354,CUST-001354,Customer 01354,MidMarket,Media,UK South,GB,Active,2025-03-28,2025-04-01,USD,0.0650,717,1
1355,CUST-001355,Customer 01355,SmallBusiness,Technology,UK South,GB,Active,2023-10-28,2023-12-26,USD,0.0650,698,1
1356,CUST-001356,Customer 01356,SmallBusiness,Logistics,East US,US,Active,2024-12-10,2024-12-26,USD,0.0650,838,1
1357,CUST-001357,Customer 01357,MidMarket,Energy,Central US,US,Active,2024-10-31,2024-12-01,USD,0.0500,644,0
1358,CUST-001358,Customer 01358,SmallBusiness,Retail,West US,US,Active,2025-03-06,2025-05-04,USD,0.0650,754,1
1359,CUST-001359,Customer 01359,SmallBusiness,Retail,East US,US,Active,2024-02-23,2024-03-21,USD,0.0500,672,0
1360,CUST-001360,Customer 01360,SmallBusiness,Media,East US,US,Active,2023-06-20,2023-06-28,USD,0.0725,631,1
1361,CUST-001361,Customer 01361,SmallBusiness,Retail,East US,US,Churned,2025-05-03,2025-05-31,USD,0.0500,778,0
1362,CUST-001362,Customer 01362,MidMarket,Technology,Central US,US,Active,2023-05-11,2023-06-06,USD,0.0000,752,0
1363,CUST-001363,Customer 01363,MidMarket,Healthcare,Central US,US,Active,2024-08-28,2024-10-06,USD,0.0650,809,0
1364,CUST-001364,Customer 01364,SmallBusiness,Energy,Canada Central,CA,Active,2025-01-28,2025-03-23,USD,0.0500,840,1
1365,CUST-001365,Customer 01365,SmallBusiness,Energy,East US,US,Active,2024-08-30,2024-10-07,USD,0.0725,670,1
1366,CUST-001366,Customer 01366,SmallBusiness,Education,UK South,GB,Active,2023-10-14,2023-12-03,USD,0.0000,840,0
1367,CUST-001367,Customer 01367,SmallBusiness,Retail,Canada Central,CA,Churned,2023-10-20,2023-11-10,USD,0.0000,687,1
1368,CUST-001368,Customer 01368,MidMarket,Finance,Central US,US,Active,2024-08-11,2024-10-07,USD,0.0500,640,1
1369,CUST-001369,Customer 01369,Enterprise,Education,Canada Central,CA,Churned,2024-03-25,2024-04-09,USD,0.0650,634,0
1370,CUST-001370,Customer 01370,SmallBusiness,Media,Central US,US,Active,2023-05-25,2023-06-01,USD,0.0000,600,0
1371,CUST-001371,Customer 01371,SmallBusiness,Energy,UK South,GB,Suspended,2024-07-04,2024-08-25,USD,0.0000,769,1
1372,CUST-001372,Customer 01372,SmallBusiness,Retail,UK South,GB,Suspended,2024-03-12,2024-04-28,USD,0.0650,636,0
1373,CUST-001373,Customer 01373,SmallBusiness,Education,East US,US,Active,2024-03-31,2024-05-27,USD,0.0500,722,0
1374,CUST-001374,Customer 01374,SmallBusiness,Technology,East US,US,Active,2023-12-29,2024-02-19,USD,0.0650,660,1
1375,CUST-001375,Customer 01375,MidMarket,Finance,Central US,US,Active,2024-04-09,2024-05-20,USD,0.0650,599,1
1376,CUST-001376,Customer 01376,MidMarket,Healthcare,UK South,GB,Churned,2023-11-22,2023-12-05,USD,0.0000,705,1
1377,CUST-001377,Customer 01377,MidMarket,Education,Canada Central,CA,Active,2025-06-12,2025-06-27,USD,0.0725,675,0
1378,CUST-001378,Customer 01378,MidMarket,Finance,Central US,US,Churned,2023-05-15,2023-05-28,USD,0.0500,581,1
1379,CUST-001379,Customer 01379,SmallBusiness,Retail,Canada Central,CA,Active,2024-07-25,2024-09-03,USD,0.0650,774,1
1380,CUST-001380,Customer 01380,SmallBusiness,Retail,West US,US,Suspended,2024-10-15,2024-11-07,USD,0.0500,729,1
1381,CUST-001381,Customer 01381,SmallBusiness,Manufacturing,Canada Central,CA,Active,2025-03-26,2025-05-06,USD,0.0650,629,1
1382,CUST-001382,Customer 01382,SmallBusiness,Logistics,Central US,US,Active,2024-03-05,2024-04-03,USD,0.0725,743,1
1383,CUST-001383,Customer 01383,MidMarket,Energy,Central US,US,Suspended,2024-12-14,2025-01-09,USD,0.0725,790,0
1384,CUST-001384,Customer 01384,SmallBusiness,Logistics,East US,US,Active,2023-10-25,2023-11-12,USD,0.0650,713,1
1385,CUST-001385,Customer 01385,SmallBusiness,Logistics,Canada Central,CA,Active,2024-02-05,2024-03-28,USD,0.0000,717,1
1386,CUST-001386,Customer 01386,MidMarket,Education,West US,US,Active,2023-12-14,2024-01-24,USD,0.0500,665,1
1387,CUST-001387,Customer 01387,SmallBusiness,Media,East US,US,Active,2024-09-20,2024-10-30,USD,0.0000,774,1
1388,CUST-001388,Customer 01388,MidMarket,Finance,Central US,US,Active,2023-12-28,2024-02-16,USD,0.0825,687,1
1389,CUST-001389,Customer 01389,SmallBusiness,Technology,West US,US,Active,2023-06-10,2023-08-03,USD,0.0500,771,1
1390,CUST-001390,Customer 01390,SmallBusiness,Healthcare,West US,US,Active,2024-07-20,2024-09-05,USD,0.0000,632,1
1391,CUST-001391,Customer 01391,SmallBusiness,Healthcare,Canada Central,CA,Active,2023-02-13,2023-02-24,USD,0.0500,597,1
1392,CUST-001392,Customer 01392,SmallBusiness,Logistics,East US,US,Active,2025-04-12,2025-06-02,USD,0.0650,623,1
1393,CUST-001393,Customer 01393,MidMarket,Logistics,UK South,GB,Active,2025-01-09,2025-02-24,USD,0.0825,657,1
1394,CUST-001394,Customer 01394,SmallBusiness,Education,UK South,GB,Active,2025-03-22,2025-04-17,USD,0.0725,591,1
1395,CUST-001395,Customer 01395,SmallBusiness,Energy,Canada Central,CA,Active,2023-07-27,2023-08-03,USD,0.0725,627,1
1396,CUST-001396,Customer 01396,SmallBusiness,Media,Canada Central,CA,Active,2024-07-28,2024-08-15,USD,0.0725,588,0
1397,CUST-001397,Customer 01397,SmallBusiness,Finance,Canada Central,CA,Active,2024-01-17,2024-03-06,USD,0.0825,592,1
1398,CUST-001398,Customer 01398,SmallBusiness,Finance,West US,US,Active,2024-04-02,2024-04-26,USD,0.0650,653,0
1399,CUST-001399,Customer 01399,SmallBusiness,Energy,East US,US,Active,2023-04-08,2023-05-14,USD,0.0000,652,1
1400,CUST-001400,Customer 01400,MidMarket,Technology,Canada Central,CA,Active,2024-06-19,2024-08-05,USD,0.0725,709,1
1401,CUST-001401,Customer 01401,SmallBusiness,Logistics,Central US,US,Suspended,2025-05-04,2025-05-14,USD,0.0650,687,0
1402,CUST-001402,Customer 01402,SmallBusiness,Technology,Canada Central,CA,Active,2024-07-12,2024-08-13,USD,0.0725,621,0
1403,CUST-001403,Customer 01403,SmallBusiness,Healthcare,Canada Central,CA,Active,2024-12-17,2024-12-22,USD,0.0000,665,1
1404,CUST-001404,Customer 01404,SmallBusiness,Retail,East US,US,Active,2023-02-09,2023-04-07,USD,0.0825,829,1
1405,CUST-001405,Customer 01405,SmallBusiness,Finance,UK South,GB,Active,2024-03-04,2024-03-30,USD,0.0650,718,1
1406,CUST-001406,Customer 01406,SmallBusiness,Retail,UK South,GB,Active,2025-06-29,2025-07-23,USD,0.0825,684,0
1407,CUST-001407,Customer 01407,SmallBusiness,Energy,Central US,US,Active,2024-06-15,2024-07-24,USD,0.0650,649,1
1408,CUST-001408,Customer 01408,SmallBusiness,Retail,Canada Central,CA,Active,2023-01-11,2023-02-01,USD,0.0000,739,0
1409,CUST-001409,Customer 01409,SmallBusiness,Manufacturing,West US,US,Active,2024-12-11,2024-12-18,USD,0.0825,819,1
1410,CUST-001410,Customer 01410,SmallBusiness,Technology,East US,US,Active,2023-12-25,2024-02-04,USD,0.0000,678,1
1411,CUST-001411,Customer 01411,SmallBusiness,Logistics,Canada Central,CA,Churned,2024-08-21,2024-10-07,USD,0.0825,683,1
1412,CUST-001412,Customer 01412,SmallBusiness,Retail,West US,US,Active,2023-04-16,2023-06-02,USD,0.0000,644,0
1413,CUST-001413,Customer 01413,SmallBusiness,Education,UK South,GB,Churned,2024-10-22,2024-12-11,USD,0.0825,822,1
1414,CUST-001414,Customer 01414,Enterprise,Finance,East US,US,Churned,2025-03-13,2025-03-28,USD,0.0825,655,1
1415,CUST-001415,Customer 01415,SmallBusiness,Healthcare,Canada Central,CA,Active,2025-06-14,2025-06-15,USD,0.0725,797,1
1416,CUST-001416,Customer 01416,MidMarket,Technology,Central US,US,Active,2023-11-06,2023-12-09,USD,0.0725,777,0
1417,CUST-001417,Customer 01417,SmallBusiness,Media,Central US,US,Active,2023-11-16,2024-01-09,USD,0.0825,689,0
1418,CUST-001418,Customer 01418,MidMarket,Media,Central US,US,Active,2024-12-29,2025-01-08,USD,0.0650,641,1
1419,CUST-001419,Customer 01419,SmallBusiness,Manufacturing,Canada Central,CA,Suspended,2024-10-29,2024-11-21,USD,0.0650,797,1
1420,CUST-001420,Customer 01420,Enterprise,Logistics,UK South,GB,Active,2025-06-16,2025-08-14,USD,0.0000,680,1
1421,CUST-001421,Customer 01421,SmallBusiness,Manufacturing,UK South,GB,Active,2023-07-19,2023-07-20,USD,0.0650,709,1
1422,CUST-001422,Customer 01422,SmallBusiness,Education,East US,US,Active,2024-09-13,2024-10-01,USD,0.0725,602,0
1423,CUST-001423,Customer 01423,SmallBusiness,Healthcare,Central US,US,Suspended,2023-10-08,2023-11-18,USD,0.0725,812,1
1424,CUST-001424,Customer 01424,MidMarket,Media,Canada Central,CA,Suspended,2025-02-06,2025-04-03,USD,0.0000,769,1
1425,CUST-001425,Customer 01425,SmallBusiness,Retail,West US,US,Active,2024-12-23,2025-02-09,USD,0.0000,608,1
1426,CUST-001426,Customer 01426,MidMarket,Education,East US,US,Churned,2023-11-18,2023-11-25,USD,0.0500,588,1
1427,CUST-001427,Customer 01427,Enterprise,Manufacturing,Central US,US,Active,2024-12-27,2025-01-07,USD,0.0725,793,0
1428,CUST-001428,Customer 01428,MidMarket,Media,East US,US,Active,2023-03-08,2023-03-21,USD,0.0650,622,1
1429,CUST-001429,Customer 01429,SmallBusiness,Media,East US,US,Active,2023-10-10,2023-11-18,USD,0.0000,739,1
1430,CUST-001430,Customer 01430,SmallBusiness,Finance,Central US,US,Active,2023-05-01,2023-05-23,USD,0.0725,625,1
1431,CUST-001431,Customer 01431,SmallBusiness,Manufacturing,East US,US,Active,2023-07-06,2023-08-22,USD,0.0000,666,0
1432,CUST-001432,Customer 01432,SmallBusiness,Technology,West US,US,Active,2024-10-15,2024-11-08,USD,0.0500,647,1
1433,CUST-001433,Customer 01433,SmallBusiness,Retail,Canada Central,CA,Active,2024-12-23,2025-01-11,USD,0.0725,695,0
1434,CUST-001434,Customer 01434,SmallBusiness,Education,Central US,US,Active,2025-06-23,2025-07-06,USD,0.0725,715,1
1435,CUST-001435,Customer 01435,SmallBusiness,Media,Central US,US,Active,2024-08-15,2024-09-08,USD,0.0500,598,0
1436,CUST-001436,Customer 01436,SmallBusiness,Technology,UK South,GB,Churned,2024-01-30,2024-02-09,USD,0.0725,757,1
1437,CUST-001437,Customer 01437,MidMarket,Media,Central US,US,Active,2023-08-01,2023-08-23,USD,0.0650,626,1
1438,CUST-001438,Customer 01438,SmallBusiness,Healthcare,West US,US,Churned,2023-09-22,2023-10-06,USD,0.0825,675,1
1439,CUST-001439,Customer 01439,SmallBusiness,Logistics,Canada Central,CA,Active,2024-08-23,2024-09-13,USD,0.0000,745,0
1440,CUST-001440,Customer 01440,SmallBusiness,Logistics,Central US,US,Active,2025-06-09,2025-08-06,USD,0.0650,631,1
1441,CUST-001441,Customer 01441,SmallBusiness,Retail,Central US,US,Active,2023-11-10,2023-11-21,USD,0.0725,813,1
1442,CUST-001442,Customer 01442,SmallBusiness,Technology,Canada Central,CA,Active,2025-01-18,2025-02-13,USD,0.0650,752,1
1443,CUST-001443,Customer 01443,Enterprise,Technology,Canada Central,CA,Active,2023-11-04,2023-11-07,USD,0.0825,635,1
1444,CUST-001444,Customer 01444,SmallBusiness,Retail,Central US,US,Active,2024-08-14,2024-09-09,USD,0.0650,681,0
1445,CUST-001445,Customer 01445,SmallBusiness,Manufacturing,UK South,GB,Active,2025-02-08,2025-02-17,USD,0.0000,626,1
1446,CUST-001446,Customer 01446,SmallBusiness,Retail,West US,US,Active,2025-03-31,2025-04-23,USD,0.0500,682,0
1447,CUST-001447,Customer 01447,SmallBusiness,Technology,Central US,US,Active,2023-11-11,2023-11-17,USD,0.0500,658,0
1448,CUST-001448,Customer 01448,SmallBusiness,Finance,Central US,US,Active,2023-01-06,2023-02-06,USD,0.0725,688,0
1449,CUST-001449,Customer 01449,MidMarket,Finance,Canada Central,CA,Active,2025-05-01,2025-05-31,USD,0.0650,648,1
1450,CUST-001450,Customer 01450,MidMarket,Logistics,Central US,US,Active,2023-10-17,2023-12-09,USD,0.0825,616,1
1451,CUST-001451,Customer 01451,Enterprise,Retail,UK South,GB,Active,2023-01-28,2023-02-12,USD,0.0650,765,1
1452,CUST-001452,Customer 01452,MidMarket,Finance,East US,US,Active,2024-09-17,2024-10-26,USD,0.0500,835,1
1453,CUST-001453,Customer 01453,SmallBusiness,Logistics,West US,US,Active,2023-11-06,2023-12-04,USD,0.0725,657,1
1454,CUST-001454,Customer 01454,SmallBusiness,Education,Canada Central,CA,Churned,2024-11-22,2025-01-14,USD,0.0725,671,1
1455,CUST-001455,Customer 01455,SmallBusiness,Finance,UK South,GB,Active,2025-05-04,2025-05-11,USD,0.0000,787,0
1456,CUST-001456,Customer 01456,SmallBusiness,Media,East US,US,Active,2023-06-14,2023-07-05,USD,0.0725,585,1
1457,CUST-001457,Customer 01457,SmallBusiness,Logistics,Canada Central,CA,Active,2024-03-08,2024-04-27,USD,0.0000,810,1
1458,CUST-001458,Customer 01458,MidMarket,Manufacturing,Canada Central,CA,Active,2024-12-30,2025-01-21,USD,0.0500,797,1
1459,CUST-001459,Customer 01459,SmallBusiness,Healthcare,Canada Central,CA,Active,2025-06-10,2025-07-24,USD,0.0825,712,1
1460,CUST-001460,Customer 01460,SmallBusiness,Healthcare,UK South,GB,Active,2025-01-15,2025-03-12,USD,0.0000,642,0
1461,CUST-001461,Customer 01461,Enterprise,Manufacturing,Canada Central,CA,Active,2024-01-11,2024-01-15,USD,0.0650,731,0
1462,CUST-001462,Customer 01462,SmallBusiness,Manufacturing,East US,US,Active,2024-07-09,2024-07-27,USD,0.0725,746,1
1463,CUST-001463,Customer 01463,SmallBusiness,Healthcare,East US,US,Active,2024-09-02,2024-09-10,USD,0.0725,707,1
1464,CUST-001464,Customer 01464,MidMarket,Energy,UK South,GB,Active,2023-04-07,2023-04-16,USD,0.0650,756,0
1465,CUST-001465,Customer 01465,MidMarket,Media,UK South,GB,Active,2023-09-07,2023-11-05,USD,0.0000,619,1
1466,CUST-001466,Customer 01466,Enterprise,Finance,East US,US,Active,2023-05-31,2023-07-09,USD,0.0000,752,0
1467,CUST-001467,Customer 01467,SmallBusiness,Education,Central US,US,Active,2024-03-08,2024-04-03,USD,0.0000,801,0
1468,CUST-001468,Customer 01468,Enterprise,Media,West US,US,Active,2024-08-07,2024-08-24,USD,0.0500,605,1
1469,CUST-001469,Customer 01469,Enterprise,Education,Canada Central,CA,Active,2023-08-09,2023-09-27,USD,0.0500,721,1
1470,CUST-001470,Customer 01470,Enterprise,Education,East US,US,Active,2024-09-11,2024-10-07,USD,0.0725,686,1
1471,CUST-001471,Customer 01471,SmallBusiness,Energy,Canada Central,CA,Active,2024-11-03,2024-11-12,USD,0.0650,629,1
1472,CUST-001472,Customer 01472,SmallBusiness,Education,East US,US,Active,2024-12-27,2025-01-17,USD,0.0825,815,1
1473,CUST-001473,Customer 01473,SmallBusiness,Media,UK South,GB,Active,2023-12-03,2024-01-07,USD,0.0650,743,1
1474,CUST-001474,Customer 01474,MidMarket,Energy,Canada Central,CA,Active,2023-06-05,2023-07-05,USD,0.0500,779,1
1475,CUST-001475,Customer 01475,SmallBusiness,Finance,East US,US,Active,2024-11-07,2025-01-01,USD,0.0825,756,1
1476,CUST-001476,Customer 01476,SmallBusiness,Manufacturing,UK South,GB,Active,2024-01-14,2024-02-03,USD,0.0725,595,1
1477,CUST-001477,Customer 01477,SmallBusiness,Logistics,UK South,GB,Active,2023-06-20,2023-07-30,USD,0.0000,725,1
1478,CUST-001478,Customer 01478,Enterprise,Retail,Canada Central,CA,Active,2023-08-29,2023-09-23,USD,0.0000,629,1
1479,CUST-001479,Customer 01479,SmallBusiness,Retail,West US,US,Active,2023-04-24,2023-05-31,USD,0.0725,789,1
1480,CUST-001480,Customer 01480,SmallBusiness,Manufacturing,West US,US,Active,2024-03-04,2024-05-01,USD,0.0000,742,1
1481,CUST-001481,Customer 01481,MidMarket,Energy,UK South,GB,Active,2024-02-06,2024-02-21,USD,0.0650,810,1
1482,CUST-001482,Customer 01482,SmallBusiness,Manufacturing,West US,US,Active,2024-02-14,2024-03-04,USD,0.0500,630,1
1483,CUST-001483,Customer 01483,SmallBusiness,Healthcare,Canada Central,CA,Active,2024-03-04,2024-03-31,USD,0.0500,837,0
1484,CUST-001484,Customer 01484,SmallBusiness,Healthcare,UK South,GB,Active,2024-08-07,2024-09-23,USD,0.0500,665,1
1485,CUST-001485,Customer 01485,Enterprise,Healthcare,Canada Central,CA,Active,2024-12-01,2024-12-07,USD,0.0725,678,0
1486,CUST-001486,Customer 01486,MidMarket,Technology,West US,US,Active,2024-04-13,2024-05-07,USD,0.0500,745,1
1487,CUST-001487,Customer 01487,SmallBusiness,Energy,East US,US,Active,2023-02-01,2023-02-15,USD,0.0825,807,0
1488,CUST-001488,Customer 01488,MidMarket,Manufacturing,West US,US,Suspended,2024-04-17,2024-05-20,USD,0.0500,705,1
1489,CUST-001489,Customer 01489,SmallBusiness,Logistics,East US,US,Suspended,2023-01-08,2023-02-25,USD,0.0725,777,1
1490,CUST-001490,Customer 01490,MidMarket,Finance,Canada Central,CA,Active,2023-09-24,2023-11-20,USD,0.0825,592,1
1491,CUST-001491,Customer 01491,SmallBusiness,Healthcare,East US,US,Active,2023-10-27,2023-12-18,USD,0.0825,805,1
1492,CUST-001492,Customer 01492,MidMarket,Finance,East US,US,Active,2023-04-17,2023-04-27,USD,0.0650,791,1
1493,CUST-001493,Customer 01493,SmallBusiness,Education,West US,US,Active,2023-09-06,2023-10-27,USD,0.0000,814,0
1494,CUST-001494,Customer 01494,MidMarket,Manufacturing,Canada Central,CA,Active,2025-02-09,2025-02-25,USD,0.0725,749,0
1495,CUST-001495,Customer 01495,SmallBusiness,Retail,Central US,US,Active,2024-08-04,2024-08-22,USD,0.0650,593,1
1496,CUST-001496,Customer 01496,MidMarket,Education,Central US,US,Churned,2024-07-31,2024-08-24,USD,0.0500,736,1
1497,CUST-001497,Customer 01497,SmallBusiness,Retail,Canada Central,CA,Active,2024-11-20,2024-12-09,USD,0.0650,776,1
1498,CUST-001498,Customer 01498,SmallBusiness,Education,West US,US,Active,2023-01-29,2023-03-25,USD,0.0000,712,1
1499,CUST-001499,Customer 01499,Enterprise,Logistics,UK South,GB,Active,2025-02-02,2025-03-30,USD,0.0500,756,1
1500,CUST-001500,Customer 01500,SmallBusiness,Manufacturing,UK South,GB,Active,2025-05-23,2025-06-25,USD,0.0725,666,0
