SubscriptionId,CustomerId,RatePlanId,SubscriptionNumber,StartDate,EndDate,Status,Quantity,DiscountPercent,ContractTermMonths,RenewalDate,SalesChannel
1,1,21,SUB-00000001,2024-03-07,,Active,2,5.0000,24,2026-02-25,Marketplace
2,1,10,SUB-00000002,2025-05-25,,Active,1,2.5000,24,2027-05-15,Marketplace
3,1,17,SUB-00000003,2024-04-11,,Active,5,0.0000,24,2026-04-01,Direct
4,1,1,SUB-00000004,2024-09-19,,Active,2,2.5000,36,2027-09-04,Marketplace
5,2,17,SUB-00000005,2024-10-11,,Active,1,0.0000,12,2025-10-06,Marketplace
6,2,5,SUB-00000006,2025-08-22,,Active,1,7.5000,36,2028-08-06,Marketplace
7,2,21,SUB-00000007,2024-03-26,,Active,2,12.5000,24,2026-03-16,Partner
8,2,1,SUB-00000008,2025-03-29,,Active,5,12.5000,36,2028-03-13,Direct
9,3,14,SUB-00000009,2024-06-29,,Active,3,5.0000,24,2026-06-19,Marketplace
10,3,17,SUB-00000010,2024-04-24,,Active,5,12.5000,12,2025-04-19,Partner
11,3,9,SUB-00000011,2024-04-06,,Active,2,2.5000,24,2026-03-27,Direct
12,4,9,SUB-00000012,2025-06-27,,Active,5,2.5000,24,2027-06-17,Marketplace
13,4,6,SUB-00000013,2025-02-09,,Active,2,7.5000,12,2026-02-04,Marketplace
14,5,7,SUB-00000014,2024-09-27,,Active,12,0.0000,24,2026-09-17,Partner
15,5,18,SUB-00000015,2024-11-11,,Active,1,10.0000,24,2026-11-01,Direct
16,5,24,SUB-00000016,2024-10-07,,Active,22,5.0000,12,2025-10-02,Partner
17,5,11,SUB-00000017,2025-01-26,,Active,7,12.5000,24,2027-01-16,Partner
18,6,21,SUB-00000018,2025-08-20,,Active,1,10.0000,36,2028-08-04,Marketplace
19,7,2,SUB-00000019,2025-06-09,,Active,12,12.5000,12,2026-06-04,Partner
20,7,14,SUB-00000020,2025-06-09,,Active,19,2.5000,12,2026-06-04,Marketplace
21,7,18,SUB-00000021,2025-07-24,,Active,5,0.0000,36,2028-07-08,Marketplace
22,7,11,SUB-00000022,2025-06-09,,Active,12,7.5000,12,2026-06-04,Direct
23,8,6,SUB-00000023,2024-12-05,,Active,16,0.0000,36,2027-11-20,Marketplace
24,8,2,SUB-00000024,2025-08-02,,Active,11,12.5000,24,2027-07-23,Partner
25,8,11,SUB-00000025,2025-08-01,,Active,18,0.0000,12,2026-07-27,Marketplace
26,9,3,SUB-00000026,2025-03-17,,Active,24,0.0000,24,2027-03-07,Marketplace
27,10,13,SUB-00000027,2025-06-24,,Active,1,10.0000,36,2028-06-08,Marketplace
28,10,1,SUB-00000028,2025-04-25,,Active,2,7.5000,12,2026-04-20,Marketplace
29,10,17,SUB-00000029,2025-08-13,,Active,3,0.0000,12,2026-08-08,Direct
30,11,20,SUB-00000030,2024-12-22,,Active,8,2.5000,12,2025-12-17,Direct
31,12,5,SUB-00000031,2024-12-29,,Active,4,0.0000,12,2025-12-24,Partner
32,12,17,SUB-00000032,2024-02-20,,Active,4,0.0000,24,2026-02-09,Direct
33,12,11,SUB-00000033,2024-08-02,,Active,3,7.5000,12,2025-07-28,Partner
34,13,13,SUB-00000034,2025-06-08,,Active,1,10.0000,36,2028-05-23,Partner
35,13,9,SUB-00000035,2025-06-08,,Active,3,2.5000,12,2026-06-03,Marketplace
36,14,2,SUB-00000036,2024-10-08,,Active,2,2.5000,36,2027-09-23,Direct
37,15,22,SUB-00000037,2025-04-26,2025-11-09,Cancelled,24,5.0000,12,2026-04-21,Partner
38,16,6,SUB-00000038,2025-06-15,,Active,2,7.5000,12,2026-06-10,Direct
39,16,10,SUB-00000039,2024-11-09,,Active,3,7.5000,24,2026-10-30,Direct
40,16,22,SUB-00000040,2024-07-15,,Active,1,10.0000,36,2027-06-30,Marketplace
41,16,2,SUB-00000041,2024-07-15,,Active,1,0.0000,24,2026-07-05,Partner
42,17,7,SUB-00000042,2025-09-09,2026-08-08,Cancelled,4,5.0000,36,2028-08-24,Direct
43,17,21,SUB-00000043,2024-04-08,,Active,5,2.5000,24,2026-03-29,Direct
44,17,9,SUB-00000044,2024-03-25,,Active,5,0.0000,36,2027-03-10,Direct
45,17,13,SUB-00000045,2025-04-18,,Active,3,0.0000,36,2028-04-02,Partner
46,18,24,SUB-00000046,2025-01-29,2025-08-08,Cancelled,6,0.0000,36,2028-01-14,Direct
47,18,16,SUB-00000047,2024-11-26,,Active,12,2.5000,12,2025-11-21,Marketplace
48,18,20,SUB-00000048,2024-08-07,,Active,4,5.0000,24,2026-07-28,Marketplace
49,18,4,SUB-00000049,2024-09-18,,Active,18,12.5000,24,2026-09-08,Marketplace
50,19,4,SUB-00000050,2025-04-20,,Active,5,0.0000,24,2027-04-10,Direct
51,20,7,SUB-00000051,2024-12-21,,Active,3,0.0000,24,2026-12-11,Partner
52,20,11,SUB-00000052,2024-08-15,,Active,17,0.0000,12,2025-08-10,Marketplace
53,20,19,SUB-00000053,2025-07-06,,Active,6,7.5000,12,2026-07-01,Direct
54,20,22,SUB-00000054,2024-06-04,,Active,7,5.0000,36,2027-05-20,Direct
55,21,13,SUB-00000055,2025-04-24,,Active,1,0.0000,24,2027-04-14,Partner
56,21,6,SUB-00000056,2025-09-19,,Active,4,0.0000,36,2028-09-03,Direct
57,21,21,SUB-00000057,2024-12-30,,Active,2,7.5000,36,2027-12-15,Direct
58,21,9,SUB-00000058,2024-12-30,,Active,2,2.5000,36,2027-12-15,Partner
59,22,22,SUB-00000059,2024-09-30,,Active,5,12.5000,36,2027-09-15,Direct
60,22,18,SUB-00000060,2025-09-16,,Active,3,5.0000,24,2027-09-06,Direct
61,23,22,SUB-00000061,2025-06-21,,Active,4,5.0000,24,2027-06-11,Direct
62,23,5,SUB-00000062,2025-06-21,,Active,1,5.0000,36,2028-06-05,Marketplace
63,23,18,SUB-00000063,2025-06-21,,Active,4,2.5000,24,2027-06-11,Marketplace
64,23,13,SUB-00000064,2025-06-21,,Active,4,10.0000,12,2026-06-16,Marketplace
65,24,17,SUB-00000065,2024-09-13,,Active,5,10.0000,12,2025-09-08,Partner
66,24,14,SUB-00000066,2025-04-16,,Paused,4,10.0000,36,2028-03-31,Marketplace
67,24,2,SUB-00000067,2024-12-02,,Active,1,12.5000,12,2025-11-27,Partner
68,24,9,SUB-00000068,2024-09-13,,Active,4,5.0000,24,2026-09-03,Direct
69,25,21,SUB-00000069,2025-02-14,,Active,4,0.0000,24,2027-02-04,Partner
70,25,9,SUB-00000070,2024-11-09,,Active,4,7.5000,12,2025-11-04,Marketplace
71,26,9,SUB-00000071,2025-05-25,,Active,3,0.0000,24,2027-05-15,Direct
72,26,21,SUB-00000072,2025-05-25,,Active,5,0.0000,36,2028-05-09,Partner
73,26,1,SUB-00000073,2025-05-25,,Active,4,5.0000,36,2028-05-09,Direct
74,26,14,SUB-00000074,2025-05-25,,Active,3,0.0000,24,2027-05-15,Partner
75,27,19,SUB-00000075,2024-06-07,,Paused,8,2.5000,36,2027-05-23,Direct
76,27,7,SUB-00000076,2024-05-04,,Paused,20,12.5000,24,2026-04-24,Partner
77,28,16,SUB-00000077,2025-05-07,,Active,13,5.0000,36,2028-04-21,Marketplace
78,28,20,SUB-00000078,2025-05-07,,Active,11,7.5000,24,2027-04-27,Direct
79,28,8,SUB-00000079,2025-07-05,,Active,17,12.5000,36,2028-06-19,Marketplace
80,28,24,SUB-00000080,2025-05-07,,Active,8,12.5000,36,2028-04-21,Partner
81,29,17,SUB-00000081,2025-03-22,,Active,5,12.5000,12,2026-03-17,Marketplace
82,30,2,SUB-00000082,2024-12-28,,Active,3,0.0000,12,2025-12-23,Marketplace
83,31,5,SUB-00000083,2025-04-07,,Active,3,2.5000,24,2027-03-28,Marketplace
84,31,10,SUB-00000084,2025-07-06,,Active,5,0.0000,36,2028-06-20,Marketplace
85,31,2,SUB-00000085,2025-09-20,,Active,2,2.5000,12,2026-09-15,Marketplace
86,31,14,SUB-00000086,2025-05-21,,Active,4,10.0000,36,2028-05-05,Partner
87,32,7,SUB-00000087,2024-09-06,,Active,9,12.5000,24,2026-08-27,Direct
88,32,10,SUB-00000088,2024-12-25,,Active,25,0.0000,36,2027-12-10,Marketplace
89,32,2,SUB-00000089,2025-01-17,,Active,17,0.0000,12,2026-01-12,Direct
90,32,22,SUB-00000090,2025-07-30,,Active,7,12.5000,24,2027-07-20,Direct
91,33,19,SUB-00000091,2025-01-18,,Active,2,0.0000,36,2028-01-03,Partner
92,33,9,SUB-00000092,2024-10-25,,Active,5,0.0000,12,2025-10-20,Direct
93,34,13,SUB-00000093,2025-07-15,,Active,5,0.0000,24,2027-07-05,Partner
94,34,17,SUB-00000094,2024-07-11,2024-11-08,Cancelled,4,0.0000,24,2026-07-01,Marketplace
95,34,21,SUB-00000095,2025-07-13,,Active,4,2.5000,36,2028-06-27,Partner
96,34,6,SUB-00000096,2025-01-21,,Active,3,12.5000,12,2026-01-16,Marketplace
97,35,17,SUB-00000097,2024-02-12,,Active,5,0.0000,12,2025-02-06,Marketplace
98,35,1,SUB-00000098,2024-11-06,,Active,1,10.0000,24,2026-10-27,Marketplace
99,35,5,SUB-00000099,2024-08-07,,Active,2,7.5000,12,2025-08-02,Direct
100,35,22,SUB-00000100,2025-09-19,2026-07-01,Cancelled,2,0.0000,12,2026-09-14,Partner
101,36,6,SUB-00000101,2025-02-03,,Active,1,0.0000,12,2026-01-29,Direct
102,37,23,SUB-00000102,2025-08-07,,Active,7,5.0000,36,2028-07-22,Partner
103,37,15,SUB-00000103,2024-10-11,,Active,20,0.0000,12,2025-10-06,Marketplace
104,38,21,SUB-00000104,2024-08-16,,Active,4,0.0000,12,2025-08-11,Direct
105,38,13,SUB-00000105,2024-10-18,,Active,3,0.0000,36,2027-10-03,Direct
106,38,17,SUB-00000106,2024-07-24,,Paused,4,0.0000,12,2025-07-19,Direct
107,38,1,SUB-00000107,2024-03-10,,Active,2,12.5000,12,2025-03-05,Marketplace
108,39,6,SUB-00000108,2025-05-17,,Active,3,5.0000,12,2026-05-12,Direct
109,40,13,SUB-00000109,2025-01-24,,Active,2,0.0000,12,2026-01-19,Marketplace
110,40,1,SUB-00000110,2025-03-27,,Active,3,0.0000,12,2026-03-22,Direct
111,40,5,SUB-00000111,2025-01-20,,Paused,2,7.5000,24,2027-01-10,Partner
112,41,1,SUB-00000112,2025-01-25,,Active,5,0.0000,12,2026-01-20,Direct
113,42,21,SUB-00000113,2025-05-02,,Active,5,10.0000,36,2028-04-16,Partner
114,43,12,SUB-00000114,2025-06-15,,Active,18,7.5000,24,2027-06-05,Direct
115,43,19,SUB-00000115,2025-06-15,,Paused,10,0.0000,12,2026-06-10,Direct
116,44,13,SUB-00000116,2025-05-11,,Active,4,10.0000,36,2028-04-25,Partner
117,44,18,SUB-00000117,2025-05-11,,Active,5,2.5000,24,2027-05-01,Direct
118,44,9,SUB-00000118,2025-05-11,,Active,3,5.0000,36,2028-04-25,Direct
119,44,21,SUB-00000119,2025-05-11,,Active,5,10.0000,24,2027-05-01,Direct
120,45,22,SUB-00000120,2025-01-28,,Active,1,2.5000,36,2028-01-13,Partner
121,45,19,SUB-00000121,2024-06-08,,Active,7,0.0000,36,2027-05-24,Partner
122,46,13,SUB-00000122,2024-11-19,,Active,1,0.0000,36,2027-11-04,Direct
123,46,9,SUB-00000123,2024-04-02,,Active,2,2.5000,24,2026-03-23,Partner
124,46,22,SUB-00000124,2025-05-01,,Active,1,0.0000,24,2027-04-21,Direct
125,47,5,SUB-00000125,2025-07-29,,Active,3,2.5000,36,2028-07-13,Direct
126,47,2,SUB-00000126,2025-01-19,,Active,4,0.0000,12,2026-01-14,Direct
127,48,14,SUB-00000127,2024-01-21,,Active,3,0.0000,24,2026-01-10,Partner
128,48,17,SUB-00000128,2024-06-02,,Active,2,7.5000,12,2025-05-28,Partner
129,48,22,SUB-00000129,2024-01-17,,Active,2,7.5000,36,2027-01-01,Partner
130,49,16,SUB-00000130,2024-11-22,2025-06-22,Cancelled,23,5.0000,12,2025-11-17,Partner
131,49,4,SUB-00000131,2024-10-06,,Active,22,0.0000,36,2027-09-21,Partner
132,50,23,SUB-00000132,2025-08-10,,Active,16,10.0000,12,2026-08-05,Partner
133,51,10,SUB-00000133,2025-03-06,,Active,4,7.5000,36,2028-02-19,Direct
134,52,14,SUB-00000134,2024-10-15,,Active,1,7.5000,24,2026-10-05,Marketplace
135,52,2,SUB-00000135,2024-09-05,,Active,5,2.5000,12,2025-08-31,Direct
136,52,18,SUB-00000136,2025-09-24,,Active,4,7.5000,12,2026-09-19,Marketplace
137,53,5,SUB-00000137,2024-03-24,,Active,1,10.0000,12,2025-03-19,Marketplace
138,54,13,SUB-00000138,2024-11-24,,Active,2,12.5000,36,2027-11-09,Marketplace
139,54,22,SUB-00000139,2024-11-11,,Paused,2,2.5000,24,2026-11-01,Partner
140,55,22,SUB-00000140,2024-05-06,,Active,3,2.5000,36,2027-04-21,Direct
141,55,17,SUB-00000141,2025-02-26,,Active,3,7.5000,36,2028-02-11,Marketplace
142,56,11,SUB-00000142,2024-06-14,2025-05-22,Cancelled,12,0.0000,12,2025-06-09,Marketplace
143,56,19,SUB-00000143,2024-01-13,,Active,25,7.5000,36,2026-12-28,Marketplace
144,57,13,SUB-00000144,2025-04-05,,Active,3,12.5000,36,2028-03-20,Partner
145,58,22,SUB-00000145,2024-12-27,,Active,13,12.5000,24,2026-12-17,Partner
146,58,15,SUB-00000146,2024-04-21,,Active,21,0.0000,12,2025-04-16,Partner
147,59,6,SUB-00000147,2025-08-30,,Paused,16,0.0000,12,2026-08-25,Partner
148,59,18,SUB-00000148,2024-11-11,,Active,9,2.5000,24,2026-11-01,Direct
149,59,23,SUB-00000149,2025-03-21,,Active,12,0.0000,12,2026-03-16,Direct
150,60,7,SUB-00000150,2024-08-28,,Active,14,12.5000,36,2027-08-13,Direct
151,60,16,SUB-00000151,2024-11-14,,Active,20,0.0000,36,2027-10-30,Marketplace
152,60,10,SUB-00000152,2025-01-13,,Active,15,7.5000,36,2027-12-29,Partner
153,61,10,SUB-00000153,2025-05-02,,Active,11,2.5000,24,2027-04-22,Direct
154,61,24,SUB-00000154,2025-09-16,,Active,19,12.5000,12,2026-09-11,Direct
155,62,5,SUB-00000155,2025-09-30,,Active,5,5.0000,24,2027-09-20,Direct
156,62,9,SUB-00000156,2025-01-07,,Active,1,7.5000,12,2026-01-02,Partner
157,62,18,SUB-00000157,2024-11-23,,Active,5,2.5000,24,2026-11-13,Marketplace
158,63,12,SUB-00000158,2024-03-03,,Active,17,5.0000,36,2027-02-16,Direct
159,63,15,SUB-00000159,2024-09-24,,Paused,21,10.0000,12,2025-09-19,Direct
160,64,21,SUB-00000160,2025-01-26,,Active,3,0.0000,36,2028-01-11,Partner
161,64,9,SUB-00000161,2024-06-15,,Active,1,0.0000,36,2027-05-31,Partner
162,64,13,SUB-00000162,2025-01-19,2025-11-27,Cancelled,3,10.0000,36,2028-01-04,Direct
163,65,12,SUB-00000163,2025-08-02,2026-07-19,Cancelled,2,0.0000,36,2028-07-17,Partner
164,65,7,SUB-00000164,2025-05-08,,Active,3,7.5000,36,2028-04-22,Partner
165,65,4,SUB-00000165,2025-05-19,,Active,21,10.0000,24,2027-05-09,Marketplace
166,66,15,SUB-00000166,2024-12-29,,Active,8,2.5000,12,2025-12-24,Direct
167,66,3,SUB-00000167,2024-12-29,2025-07-19,Cancelled,25,2.5000,24,2026-12-19,Direct
168,67,21,SUB-00000168,2025-02-09,,Active,1,10.0000,12,2026-02-04,Marketplace
169,67,5,SUB-00000169,2024-09-12,,Active,1,7.5000,36,2027-08-28,Marketplace
170,68,21,SUB-00000170,2025-09-29,,Active,4,0.0000,24,2027-09-19,Direct
171,68,6,SUB-00000171,2024-11-30,,Active,4,0.0000,24,2026-11-20,Partner
172,69,13,SUB-00000172,2024-04-19,,Active,5,5.0000,36,2027-04-04,Marketplace
173,69,10,SUB-00000173,2025-04-19,,Active,3,2.5000,12,2026-04-14,Marketplace
174,69,5,SUB-00000174,2024-12-07,,Active,3,12.5000,12,2025-12-02,Partner
175,69,17,SUB-00000175,2025-07-28,,Active,2,0.0000,36,2028-07-12,Marketplace
176,70,2,SUB-00000176,2025-04-21,,Active,5,0.0000,12,2026-04-16,Direct
177,71,14,SUB-00000177,2025-01-16,,Active,10,0.0000,12,2026-01-11,Direct
178,72,1,SUB-00000178,2025-03-22,,Active,2,12.5000,24,2027-03-12,Marketplace
179,72,6,SUB-00000179,2025-07-30,2026-01-14,Cancelled,2,0.0000,24,2027-07-20,Partner
180,72,22,SUB-00000180,2025-03-22,,Active,5,0.0000,24,2027-03-12,Marketplace
181,73,24,SUB-00000181,2025-05-05,,Paused,9,2.5000,12,2026-04-30,Direct
182,74,19,SUB-00000182,2025-03-21,,Active,8,0.0000,36,2028-03-05,Partner
183,74,14,SUB-00000183,2025-04-28,,Active,12,0.0000,36,2028-04-12,Partner
184,74,7,SUB-00000184,2025-08-17,,Active,25,5.0000,24,2027-08-07,Direct
185,74,11,SUB-00000185,2025-03-18,,Active,11,7.5000,12,2026-03-13,Marketplace
186,75,1,SUB-00000186,2024-12-17,,Active,2,7.5000,36,2027-12-02,Marketplace
187,75,21,SUB-00000187,2024-12-02,,Active,4,0.0000,12,2025-11-27,Marketplace
188,75,5,SUB-00000188,2024-12-02,,Active,2,7.5000,36,2027-11-17,Partner
189,75,17,SUB-00000189,2025-02-08,,Active,5,7.5000,36,2028-01-24,Marketplace
190,76,23,SUB-00000190,2025-04-09,,Active,7,0.0000,12,2026-04-04,Marketplace
191,76,3,SUB-00000191,2024-12-09,,Active,7,0.0000,12,2025-12-04,Direct
192,76,6,SUB-00000192,2024-12-09,,Active,3,5.0000,12,2025-12-04,Partner
193,76,20,SUB-00000193,2025-02-16,,Active,13,7.5000,12,2026-02-11,Direct
194,77,21,SUB-00000194,2025-09-21,2026-08-28,Cancelled,1,12.5000,36,2028-09-05,Partner
195,77,13,SUB-00000195,2025-07-05,,Active,3,12.5000,12,2026-06-30,Direct
196,77,17,SUB-00000196,2025-04-04,,Active,1,12.5000,36,2028-03-19,Partner
197,78,9,SUB-00000197,2024-11-13,,Active,2,10.0000,36,2027-10-29,Direct
198,78,21,SUB-00000198,2025-03-31,,Active,5,10.0000,12,2026-03-26,Marketplace
199,78,2,SUB-00000199,2025-06-13,,Active,2,0.0000,24,2027-06-03,Partner
200,79,1,SUB-00000200,2024-07-22,,Paused,2,10.0000,24,2026-07-12,Direct
201,79,21,SUB-00000201,2025-05-20,,Active,1,0.0000,12,2026-05-15,Direct
202,79,17,SUB-00000202,2025-05-23,,Active,5,7.5000,24,2027-05-13,Marketplace
203,80,15,SUB-00000203,2025-07-24,,Active,9,7.5000,36,2028-07-08,Partner
204,81,1,SUB-00000204,2024-05-24,,Active,2,12.5000,12,2025-05-19,Marketplace
205,81,19,SUB-00000205,2024-05-24,,Active,5,0.0000,36,2027-05-09,Direct
206,81,21,SUB-00000206,2024-05-24,2024-08-28,Cancelled,1,5.0000,24,2026-05-14,Marketplace
207,81,9,SUB-00000207,2024-09-06,,Active,4,12.5000,24,2026-08-27,Partner
208,82,5,SUB-00000208,2024-06-04,,Active,4,0.0000,36,2027-05-20,Marketplace
209,82,13,SUB-00000209,2024-08-18,,Active,1,7.5000,24,2026-08-08,Partner
210,83,13,SUB-00000210,2025-04-05,,Active,2,12.5000,36,2028-03-20,Marketplace
211,84,7,SUB-00000211,2025-09-05,,Active,14,0.0000,36,2028-08-20,Partner
212,84,2,SUB-00000212,2025-01-13,,Active,11,5.0000,24,2027-01-03,Marketplace
213,84,23,SUB-00000213,2025-01-30,,Active,22,0.0000,36,2028-01-15,Partner
214,84,14,SUB-00000214,2025-06-29,,Active,21,5.0000,36,2028-06-13,Partner
215,85,9,SUB-00000215,2024-09-02,,Active,2,7.5000,36,2027-08-18,Marketplace
216,85,22,SUB-00000216,2025-03-10,,Active,2,5.0000,36,2028-02-23,Direct
217,85,6,SUB-00000217,2025-04-18,,Active,3,2.5000,36,2028-04-02,Direct
218,86,10,SUB-00000218,2024-09-08,,Active,19,12.5000,24,2026-08-29,Marketplace
219,86,14,SUB-00000219,2024-08-08,,Active,1,0.0000,24,2026-07-29,Direct
220,86,23,SUB-00000220,2025-07-17,,Active,14,2.5000,36,2028-07-01,Partner
221,87,19,SUB-00000221,2024-04-20,,Active,2,0.0000,24,2026-04-10,Direct
222,88,2,SUB-00000222,2024-10-11,,Active,1,10.0000,12,2025-10-06,Direct
223,88,5,SUB-00000223,2024-04-24,,Active,3,10.0000,24,2026-04-14,Direct
224,88,17,SUB-00000224,2024-08-30,2025-05-09,Cancelled,2,0.0000,12,2025-08-25,Partner
225,89,4,SUB-00000225,2025-08-07,,Active,16,0.0000,36,2028-07-22,Direct
226,89,11,SUB-00000226,2025-04-15,,Active,8,5.0000,36,2028-03-30,Direct
227,90,17,SUB-00000227,2025-09-06,,Active,1,10.0000,24,2027-08-27,Marketplace
228,91,19,SUB-00000228,2025-03-06,,Active,22,12.5000,12,2026-03-01,Partner
229,91,11,SUB-00000229,2025-03-06,,Active,15,2.5000,24,2027-02-24,Partner
230,91,6,SUB-00000230,2025-03-06,,Active,9,2.5000,12,2026-03-01,Marketplace
231,91,22,SUB-00000231,2025-04-25,,Active,21,0.0000,12,2026-04-20,Partner
232,92,13,SUB-00000232,2024-01-21,,Active,4,0.0000,24,2026-01-10,Partner
233,93,9,SUB-00000233,2025-05-05,,Active,5,2.5000,12,2026-04-30,Direct
234,93,7,SUB-00000234,2024-04-02,,Active,5,0.0000,36,2027-03-18,Partner
235,93,13,SUB-00000235,2024-10-27,,Active,2,2.5000,12,2025-10-22,Partner
236,94,1,SUB-00000236,2025-09-27,,Active,2,5.0000,12,2026-09-22,Marketplace
237,94,9,SUB-00000237,2024-01-18,,Active,1,5.0000,12,2025-01-12,Direct
238,94,13,SUB-00000238,2024-06-05,,Active,1,7.5000,36,2027-05-21,Direct
239,95,15,SUB-00000239,2024-10-19,2025-04-06,Cancelled,5,2.5000,12,2025-10-14,Marketplace
240,95,19,SUB-00000240,2024-10-19,,Active,8,0.0000,24,2026-10-09,Marketplace
241,95,23,SUB-00000241,2024-10-19,,Active,16,10.0000,12,2025-10-14,Marketplace
242,96,18,SUB-00000242,2025-08-14,,Active,3,10.0000,36,2028-07-29,Direct
243,96,1,SUB-00000243,2024-07-30,,Active,3,0.0000,12,2025-07-25,Marketplace
244,96,14,SUB-00000244,2025-01-17,,Active,1,2.5000,12,2026-01-12,Partner
245,96,22,SUB-00000245,2024-07-01,,Active,2,0.0000,36,2027-06-16,Direct
246,97,23,SUB-00000246,2025-04-21,,Active,14,0.0000,24,2027-04-11,Direct
247,97,12,SUB-00000247,2025-01-18,,Active,21,10.0000,12,2026-01-13,Direct
248,97,4,SUB-00000248,2025-05-05,,Active,17,0.0000,12,2026-04-30,Direct
249,97,8,SUB-00000249,2024-01-26,,Active,1,12.5000,36,2027-01-10,Partner
250,98,19,SUB-00000250,2024-11-30,,Active,19,0.0000,24,2026-11-20,Partner
251,98,23,SUB-00000251,2025-08-02,2026-01-17,Cancelled,13,7.5000,36,2028-07-17,Marketplace
252,98,7,SUB-00000252,2024-05-30,,Active,13,2.5000,12,2025-05-25,Direct
253,99,13,SUB-00000253,2025-08-05,,Active,2,10.0000,12,2026-07-31,Marketplace
254,100,4,SUB-00000254,2024-06-16,,Active,3,2.5000,12,2025-06-11,Partner
255,100,8,SUB-00000255,2024-03-22,,Active,20,7.5000,36,2027-03-07,Partner
256,100,20,SUB-00000256,2025-06-23,,Active,19,5.0000,12,2026-06-18,Marketplace
257,101,14,SUB-00000257,2025-03-28,,Active,24,10.0000,24,2027-03-18,Direct
258,101,4,SUB-00000258,2025-03-28,,Active,8,12.5000,36,2028-03-12,Direct
259,102,15,SUB-00000259,2025-02-13,,Active,8,0.0000,24,2027-02-03,Marketplace
260,103,12,SUB-00000260,2024-02-28,,Active,14,12.5000,24,2026-02-17,Direct
261,103,16,SUB-00000261,2024-08-29,,Active,13,2.5000,24,2026-08-19,Partner
262,103,8,SUB-00000262,2025-09-17,,Active,19,10.0000,12,2026-09-12,Direct
263,103,3,SUB-00000263,2025-07-07,,Active,23,0.0000,24,2027-06-27,Direct
264,104,9,SUB-00000264,2025-01-10,,Active,3,0.0000,36,2027-12-26,Direct
265,105,3,SUB-00000265,2025-08-19,,Active,7,0.0000,12,2026-08-14,Partner
266,105,15,SUB-00000266,2025-08-30,,Active,20,5.0000,24,2027-08-20,Direct
267,106,21,SUB-00000267,2025-06-11,,Active,3,0.0000,12,2026-06-06,Partner
268,107,15,SUB-00000268,2025-04-22,,Active,13,10.0000,36,2028-04-06,Direct
269,107,7,SUB-00000269,2025-04-22,,Active,3,0.0000,24,2027-04-12,Marketplace
270,107,23,SUB-00000270,2025-04-22,,Active,11,7.5000,12,2026-04-17,Marketplace
271,108,3,SUB-00000271,2025-07-19,,Active,7,12.5000,36,2028-07-03,Marketplace
272,108,10,SUB-00000272,2025-02-02,2025-09-09,Cancelled,13,0.0000,12,2026-01-28,Partner
273,109,14,SUB-00000273,2025-03-27,,Active,3,0.0000,24,2027-03-17,Direct
274,109,18,SUB-00000274,2025-03-27,,Active,1,0.0000,24,2027-03-17,Direct
275,109,5,SUB-00000275,2025-03-27,2025-06-29,Cancelled,3,7.5000,24,2027-03-17,Marketplace
276,109,9,SUB-00000276,2025-05-28,,Active,5,5.0000,12,2026-05-23,Marketplace
277,110,15,SUB-00000277,2024-02-10,,Active,10,12.5000,24,2026-01-30,Direct
278,110,22,SUB-00000278,2024-03-05,,Active,15,2.5000,24,2026-02-23,Partner
279,110,11,SUB-00000279,2024-11-03,,Active,22,5.0000,36,2027-10-19,Partner
280,110,2,SUB-00000280,2024-08-15,,Paused,2,0.0000,24,2026-08-05,Partner
281,111,17,SUB-00000281,2024-07-06,,Active,5,5.0000,24,2026-06-26,Direct
282,111,6,SUB-00000282,2025-07-12,,Active,1,7.5000,36,2028-06-26,Marketplace
283,111,1,SUB-00000283,2024-07-06,,Active,3,5.0000,36,2027-06-21,Partner
284,111,21,SUB-00000284,2024-07-06,,Active,3,0.0000,24,2026-06-26,Direct
285,112,2,SUB-00000285,2024-10-03,,Active,1,12.5000,12,2025-09-28,Marketplace
286,112,5,SUB-00000286,2024-12-30,,Active,2,5.0000,12,2025-12-25,Marketplace
287,113,4,SUB-00000287,2024-11-02,,Active,23,2.5000,12,2025-10-28,Partner
288,114,1,SUB-00000288,2025-06-08,,Active,4,0.0000,24,2027-05-29,Marketplace
289,114,21,SUB-00000289,2025-04-13,,Active,1,0.0000,24,2027-04-03,Partner
290,114,5,SUB-00000290,2025-01-16,,Active,1,7.5000,36,2028-01-01,Partner
291,115,18,SUB-00000291,2024-05-19,,Active,24,7.5000,24,2026-05-09,Direct
292,116,6,SUB-00000292,2024-11-15,,Active,1,0.0000,36,2027-10-31,Partner
293,117,10,SUB-00000293,2024-12-14,,Active,3,0.0000,24,2026-12-04,Partner
294,117,1,SUB-00000294,2024-07-22,,Active,2,0.0000,24,2026-07-12,Partner
295,118,11,SUB-00000295,2025-05-03,,Active,3,2.5000,12,2026-04-28,Direct
296,119,22,SUB-00000296,2025-07-16,,Active,18,5.0000,36,2028-06-30,Direct
297,119,15,SUB-00000297,2024-11-13,,Active,5,0.0000,36,2027-10-29,Direct
298,119,4,SUB-00000298,2025-05-03,,Active,18,0.0000,12,2026-04-28,Partner
299,120,1,SUB-00000299,2024-12-08,,Active,1,0.0000,12,2025-12-03,Partner
300,120,9,SUB-00000300,2025-06-05,,Paused,5,5.0000,12,2026-05-31,Marketplace
301,121,13,SUB-00000301,2024-08-04,,Active,5,5.0000,36,2027-07-20,Partner
302,121,21,SUB-00000302,2024-10-21,,Active,1,10.0000,24,2026-10-11,Partner
303,122,17,SUB-00000303,2024-11-04,,Active,2,0.0000,36,2027-10-20,Marketplace
304,122,5,SUB-00000304,2024-11-04,2025-03-10,Cancelled,4,0.0000,36,2027-10-20,Direct
305,122,9,SUB-00000305,2024-11-04,2025-03-28,Cancelled,3,2.5000,36,2027-10-20,Partner
306,122,13,SUB-00000306,2024-11-28,,Active,3,12.5000,24,2026-11-18,Marketplace
307,123,14,SUB-00000307,2024-12-27,,Active,2,12.5000,12,2025-12-22,Partner
308,123,10,SUB-00000308,2024-01-04,,Active,1,12.5000,24,2025-12-24,Marketplace
309,124,5,SUB-00000309,2024-10-17,,Active,4,0.0000,24,2026-10-07,Marketplace
310,124,17,SUB-00000310,2024-07-24,,Active,4,5.0000,36,2027-07-09,Direct
311,124,1,SUB-00000311,2024-08-28,,Active,5,0.0000,36,2027-08-13,Direct
312,125,23,SUB-00000312,2024-04-11,,Active,10,10.0000,24,2026-04-01,Direct
313,125,10,SUB-00000313,2024-09-15,,Active,18,0.0000,12,2025-09-10,Marketplace
314,125,7,SUB-00000314,2024-01-21,,Active,14,7.5000,24,2026-01-10,Direct
315,126,22,SUB-00000315,2025-03-11,,Active,7,10.0000,24,2027-03-01,Marketplace
316,126,3,SUB-00000316,2025-01-24,,Active,11,0.0000,24,2027-01-14,Partner
317,126,18,SUB-00000317,2024-08-21,,Paused,3,0.0000,24,2026-08-11,Marketplace
318,126,7,SUB-00000318,2024-07-28,,Active,3,0.0000,24,2026-07-18,Marketplace
319,127,6,SUB-00000319,2025-01-14,2025-04-19,Cancelled,5,10.0000,12,2026-01-09,Direct
320,127,11,SUB-00000320,2024-04-05,,Active,1,5.0000,24,2026-03-26,Marketplace
321,127,1,SUB-00000321,2025-05-02,,Active,1,12.5000,36,2028-04-16,Direct
322,127,14,SUB-00000322,2025-05-30,,Active,1,10.0000,36,2028-05-14,Marketplace
323,128,2,SUB-00000323,2024-04-09,,Active,2,0.0000,36,2027-03-25,Direct
324,128,9,SUB-00000324,2024-08-02,,Active,4,2.5000,12,2025-07-28,Marketplace
325,128,17,SUB-00000325,2024-11-02,,Active,2,12.5000,36,2027-10-18,Partner
326,129,22,SUB-00000326,2025-03-06,,Active,3,0.0000,12,2026-03-01,Partner
327,130,12,SUB-00000327,2025-06-16,,Active,19,7.5000,36,2028-05-31,Partner
328,131,15,SUB-00000328,2025-03-11,,Active,9,7.5000,12,2026-03-06,Partner
329,131,7,SUB-00000329,2025-02-19,,Active,3,0.0000,24,2027-02-09,Marketplace
330,132,20,SUB-00000330,2025-05-05,,Active,24,0.0000,24,2027-04-25,Direct
331,132,8,SUB-00000331,2024-10-19,,Active,3,2.5000,12,2025-10-14,Marketplace
332,133,9,SUB-00000332,2025-06-18,,Active,1,10.0000,24,2027-06-08,Partner
333,134,18,SUB-00000333,2024-05-31,,Active,21,0.0000,36,2027-05-16,Marketplace
334,134,11,SUB-00000334,2024-12-11,2025-03-16,Cancelled,25,0.0000,12,2025-12-06,Marketplace
335,135,3,SUB-00000335,2024-11-26,,Active,19,0.0000,12,2025-11-21,Direct
336,136,17,SUB-00000336,2025-01-15,,Active,5,0.0000,12,2026-01-10,Marketplace
337,136,13,SUB-00000337,2024-04-27,,Active,3,0.0000,36,2027-04-12,Direct
338,137,11,SUB-00000338,2025-05-17,,Active,6,5.0000,36,2028-05-01,Marketplace
339,137,19,SUB-00000339,2025-04-25,,Active,2,0.0000,12,2026-04-20,Direct
340,138,23,SUB-00000340,2024-12-15,,Active,17,0.0000,12,2025-12-10,Partner
341,138,14,SUB-00000341,2024-06-01,,Active,12,0.0000,24,2026-05-22,Partner
342,138,2,SUB-00000342,2025-07-19,2026-06-14,Cancelled,2,10.0000,36,2028-07-03,Direct
343,139,17,SUB-00000343,2024-12-29,,Active,5,0.0000,12,2025-12-24,Direct
344,139,1,SUB-00000344,2025-02-05,,Active,5,0.0000,24,2027-01-26,Partner
345,140,20,SUB-00000345,2025-04-30,,Active,7,10.0000,24,2027-04-20,Marketplace
346,140,15,SUB-00000346,2024-10-01,,Active,23,10.0000,12,2025-09-26,Marketplace
347,140,11,SUB-00000347,2025-02-21,,Active,14,0.0000,24,2027-02-11,Partner
348,141,3,SUB-00000348,2025-04-18,,Active,21,10.0000,12,2026-04-13,Direct
349,141,8,SUB-00000349,2024-07-10,,Active,12,7.5000,24,2026-06-30,Marketplace
350,141,12,SUB-00000350,2024-07-02,,Active,9,5.0000,24,2026-06-22,Marketplace
351,141,16,SUB-00000351,2024-07-02,,Active,17,0.0000,24,2026-06-22,Partner
352,142,18,SUB-00000352,2024-11-11,,Paused,1,5.0000,36,2027-10-27,Direct
353,142,9,SUB-00000353,2024-11-11,,Active,1,10.0000,36,2027-10-27,Marketplace
354,142,1,SUB-00000354,2024-11-11,,Active,1,0.0000,36,2027-10-27,Marketplace
355,143,14,SUB-00000355,2024-08-09,,Active,8,0.0000,12,2025-08-04,Partner
356,143,3,SUB-00000356,2025-09-18,,Active,13,0.0000,36,2028-09-02,Partner
357,144,3,SUB-00000357,2024-07-08,,Active,1,0.0000,12,2025-07-03,Partner
358,144,23,SUB-00000358,2025-06-20,,Active,16,12.5000,12,2026-06-15,Partner
359,144,19,SUB-00000359,2024-03-21,,Active,20,7.5000,36,2027-03-06,Direct
360,144,15,SUB-00000360,2024-03-21,,Active,19,5.0000,12,2025-03-16,Direct
361,145,10,SUB-00000361,2024-01-29,,Active,7,0.0000,36,2027-01-13,Marketplace
362,145,2,SUB-00000362,2024-09-02,,Active,3,0.0000,24,2026-08-23,Partner
363,145,16,SUB-00000363,2025-06-16,,Active,12,0.0000,36,2028-05-31,Partner
364,146,13,SUB-00000364,2025-04-20,,Active,2,10.0000,36,2028-04-04,Direct
365,146,22,SUB-00000365,2025-04-20,,Active,1,0.0000,24,2027-04-10,Partner
366,147,23,SUB-00000366,2025-08-05,,Active,9,7.5000,12,2026-07-31,Partner
367,147,14,SUB-00000367,2025-08-08,,Active,14,0.0000,12,2026-08-03,Marketplace
368,148,23,SUB-00000368,2024-02-11,,Active,1,12.5000,12,2025-02-05,Direct
369,148,17,SUB-00000369,2025-06-25,,Active,3,0.0000,12,2026-06-20,Direct
370,149,19,SUB-00000370,2024-08-25,,Active,23,0.0000,36,2027-08-10,Partner
371,150,9,SUB-00000371,2025-08-19,,Active,5,10.0000,12,2026-08-14,Marketplace
372,150,21,SUB-00000372,2025-09-11,,Active,4,0.0000,36,2028-08-26,Marketplace
373,150,17,SUB-00000373,2025-08-05,,Active,3,0.0000,12,2026-07-31,Marketplace
374,151,5,SUB-00000374,2024-09-14,,Active,2,5.0000,12,2025-09-09,Direct
375,151,22,SUB-00000375,2025-07-27,,Active,5,12.5000,12,2026-07-22,Direct
376,151,17,SUB-00000376,2024-09-14,,Active,3,2.5000,36,2027-08-30,Marketplace
377,152,21,SUB-00000377,2024-09-06,,Active,1,5.0000,36,2027-08-22,Direct
378,152,6,SUB-00000378,2025-08-02,,Paused,2,10.0000,36,2028-07-17,Marketplace
379,153,23,SUB-00000379,2024-09-29,,Active,13,7.5000,12,2025-09-24,Partner
380,153,19,SUB-00000380,2025-05-08,,Active,5,2.5000,24,2027-04-28,Marketplace
381,153,10,SUB-00000381,2024-07-15,,Active,19,5.0000,24,2026-07-05,Marketplace
382,154,7,SUB-00000382,2025-05-04,2026-04-22,Cancelled,14,10.0000,12,2026-04-29,Partner
383,154,18,SUB-00000383,2025-05-30,2025-12-04,Cancelled,20,7.5000,12,2026-05-25,Direct
384,154,2,SUB-00000384,2025-09-18,,Active,20,0.0000,36,2028-09-02,Marketplace
385,155,22,SUB-00000385,2025-06-18,,Active,21,10.0000,12,2026-06-13,Marketplace
386,155,6,SUB-00000386,2024-10-13,2025-09-21,Cancelled,15,12.5000,24,2026-10-03,Marketplace
387,155,18,SUB-00000387,2024-06-16,,Active,22,0.0000,36,2027-06-01,Marketplace
388,156,21,SUB-00000388,2025-05-18,,Active,4,0.0000,36,2028-05-02,Direct
389,156,9,SUB-00000389,2024-01-24,,Active,3,0.0000,24,2026-01-13,Direct
390,157,5,SUB-00000390,2024-11-17,,Active,3,10.0000,24,2026-11-07,Direct
391,157,1,SUB-00000391,2024-07-28,,Active,2,0.0000,12,2025-07-23,Partner
392,158,17,SUB-00000392,2024-11-21,,Active,3,10.0000,12,2025-11-16,Direct
393,159,9,SUB-00000393,2024-09-27,2025-03-22,Cancelled,5,7.5000,36,2027-09-12,Direct
394,159,21,SUB-00000394,2024-02-14,,Active,1,2.5000,12,2025-02-08,Partner
395,160,15,SUB-00000395,2025-07-01,,Active,24,12.5000,12,2026-06-26,Marketplace
396,160,3,SUB-00000396,2024-06-14,,Active,19,0.0000,36,2027-05-30,Direct
397,161,17,SUB-00000397,2025-07-13,,Active,5,12.5000,24,2027-07-03,Direct
398,161,2,SUB-00000398,2025-06-11,,Active,4,0.0000,12,2026-06-06,Partner
399,162,16,SUB-00000399,2025-08-25,,Active,22,0.0000,36,2028-08-09,Partner
400,162,20,SUB-00000400,2024-08-29,,Active,1,7.5000,24,2026-08-19,Direct
401,163,7,SUB-00000401,2024-08-17,,Active,3,10.0000,36,2027-08-02,Marketplace
402,163,15,SUB-00000402,2025-07-06,,Active,13,0.0000,24,2027-06-26,Marketplace
403,163,2,SUB-00000403,2025-08-07,,Active,15,0.0000,12,2026-08-02,Marketplace
404,163,11,SUB-00000404,2025-03-16,,Active,18,0.0000,36,2028-02-29,Direct
405,164,4,SUB-00000405,2025-09-11,,Active,18,10.0000,36,2028-08-26,Marketplace
406,164,24,SUB-00000406,2024-10-25,,Active,11,0.0000,36,2027-10-10,Marketplace
407,165,1,SUB-00000407,2025-03-27,,Active,5,10.0000,12,2026-03-22,Partner
408,166,1,SUB-00000408,2025-09-22,,Active,5,0.0000,24,2027-09-12,Marketplace
409,166,21,SUB-00000409,2025-06-28,,Active,5,10.0000,24,2027-06-18,Marketplace
410,166,13,SUB-00000410,2025-06-12,,Active,1,7.5000,36,2028-05-27,Marketplace
411,166,17,SUB-00000411,2024-08-31,2025-04-15,Cancelled,1,7.5000,24,2026-08-21,Partner
412,167,19,SUB-00000412,2024-09-10,,Active,18,0.0000,12,2025-09-05,Marketplace
413,167,10,SUB-00000413,2024-09-10,,Active,7,0.0000,36,2027-08-26,Partner
414,167,7,SUB-00000414,2024-09-10,,Active,24,5.0000,36,2027-08-26,Partner
415,167,23,SUB-00000415,2025-08-09,,Active,3,7.5000,12,2026-08-04,Direct
416,168,12,SUB-00000416,2025-02-02,,Active,19,2.5000,12,2026-01-28,Marketplace
417,168,3,SUB-00000417,2024-08-16,,Active,12,7.5000,36,2027-08-01,Direct
418,168,24,SUB-00000418,2025-07-26,2026-04-06,Cancelled,25,12.5000,24,2027-07-16,Marketplace
419,169,7,SUB-00000419,2024-11-09,,Active,17,0.0000,36,2027-10-25,Direct
420,169,12,SUB-00000420,2024-02-18,,Active,19,2.5000,12,2025-02-12,Partner
421,169,15,SUB-00000421,2025-02-07,,Active,4,7.5000,24,2027-01-28,Partner
422,170,10,SUB-00000422,2025-09-26,,Active,17,0.0000,12,2026-09-21,Direct
423,170,3,SUB-00000423,2024-02-28,,Active,23,0.0000,36,2027-02-12,Partner
424,171,13,SUB-00000424,2025-01-27,,Active,5,12.5000,36,2028-01-12,Marketplace
425,172,3,SUB-00000425,2024-12-17,,Active,17,7.5000,24,2026-12-07,Partner
426,173,15,SUB-00000426,2025-04-21,,Active,14,12.5000,24,2027-04-11,Marketplace
427,173,7,SUB-00000427,2025-05-19,,Active,24,5.0000,36,2028-05-03,Marketplace
428,174,12,SUB-00000428,2025-09-20,,Active,20,0.0000,24,2027-09-10,Direct
429,174,4,SUB-00000429,2024-05-19,,Active,10,7.5000,12,2025-05-14,Marketplace
430,174,7,SUB-00000430,2024-08-30,,Active,4,7.5000,12,2025-08-25,Partner
431,175,13,SUB-00000431,2024-02-04,,Active,5,0.0000,36,2027-01-19,Marketplace
432,176,13,SUB-00000432,2025-08-23,,Active,4,2.5000,36,2028-08-07,Partner
433,177,23,SUB-00000433,2025-02-27,,Active,17,0.0000,12,2026-02-22,Partner
434,177,6,SUB-00000434,2025-07-10,,Active,3,0.0000,12,2026-07-05,Direct
435,177,15,SUB-00000435,2024-04-04,,Paused,3,2.5000,12,2025-03-30,Partner
436,177,18,SUB-00000436,2025-07-20,,Active,25,12.5000,24,2027-07-10,Partner
437,178,10,SUB-00000437,2025-05-06,,Active,3,5.0000,24,2027-04-26,Partner
438,179,10,SUB-00000438,2024-05-25,,Active,22,12.5000,36,2027-05-10,Partner
439,179,3,SUB-00000439,2025-02-05,,Active,15,0.0000,12,2026-01-31,Marketplace
440,180,5,SUB-00000440,2025-03-29,,Active,5,0.0000,36,2028-03-13,Direct
441,180,21,SUB-00000441,2025-08-03,,Active,2,0.0000,36,2028-07-18,Marketplace
442,180,13,SUB-00000442,2024-08-29,,Active,2,7.5000,36,2027-08-14,Marketplace
443,180,9,SUB-00000443,2025-07-23,,Active,4,12.5000,24,2027-07-13,Direct
444,181,2,SUB-00000444,2025-08-07,,Active,4,0.0000,24,2027-07-28,Direct
445,181,6,SUB-00000445,2025-05-29,,Active,1,7.5000,36,2028-05-13,Direct
446,182,6,SUB-00000446,2025-05-17,,Active,5,2.5000,36,2028-05-01,Direct
447,182,9,SUB-00000447,2025-01-08,,Active,1,2.5000,24,2026-12-29,Direct
448,182,21,SUB-00000448,2025-09-13,,Active,5,12.5000,36,2028-08-28,Partner
449,182,18,SUB-00000449,2025-06-10,,Active,4,0.0000,24,2027-05-31,Direct
450,183,15,SUB-00000450,2024-03-24,,Active,4,12.5000,36,2027-03-09,Direct
451,183,24,SUB-00000451,2024-04-05,,Active,6,7.5000,12,2025-03-31,Marketplace
452,184,9,SUB-00000452,2025-06-07,2025-12-14,Cancelled,1,10.0000,12,2026-06-02,Partner
453,185,1,SUB-00000453,2025-09-15,,Active,2,0.0000,12,2026-09-10,Direct
454,186,13,SUB-00000454,2025-04-22,,Active,1,0.0000,36,2028-04-06,Direct
455,186,5,SUB-00000455,2024-07-22,,Paused,2,7.5000,12,2025-07-17,Marketplace
456,187,2,SUB-00000456,2024-10-27,,Active,2,0.0000,36,2027-10-12,Marketplace
457,187,21,SUB-00000457,2024-04-18,,Active,1,0.0000,12,2025-04-13,Partner
458,187,9,SUB-00000458,2024-12-11,,Active,2,0.0000,12,2025-12-06,Marketplace
459,187,17,SUB-00000459,2024-07-17,,Active,3,10.0000,36,2027-07-02,Direct
460,188,7,SUB-00000460,2025-08-20,,Active,8,12.5000,24,2027-08-10,Direct
461,189,17,SUB-00000461,2024-11-30,,Active,2,2.5000,36,2027-11-15,Direct
462,189,1,SUB-00000462,2024-05-24,,Active,3,0.0000,24,2026-05-14,Partner
463,190,7,SUB-00000463,2025-09-05,2026-01-16,Cancelled,14,10.0000,36,2028-08-20,Marketplace
464,190,10,SUB-00000464,2024-10-15,,Active,11,7.5000,36,2027-09-30,Partner
465,191,7,SUB-00000465,2025-04-08,,Active,20,7.5000,12,2026-04-03,Partner
466,191,16,SUB-00000466,2025-04-08,,Active,19,7.5000,24,2027-03-29,Partner
467,192,11,SUB-00000467,2025-06-19,,Active,15,10.0000,12,2026-06-14,Direct
468,192,2,SUB-00000468,2025-06-19,2025-09-30,Cancelled,24,10.0000,12,2026-06-14,Marketplace
469,192,18,SUB-00000469,2025-06-19,,Active,18,0.0000,24,2027-06-09,Marketplace
470,193,14,SUB-00000470,2024-04-19,,Active,1,7.5000,12,2025-04-14,Marketplace
471,194,13,SUB-00000471,2025-04-08,,Active,2,7.5000,12,2026-04-03,Direct
472,195,18,SUB-00000472,2024-10-09,,Active,2,0.0000,24,2026-09-29,Marketplace
473,196,5,SUB-00000473,2025-01-10,,Active,4,10.0000,36,2027-12-26,Marketplace
474,196,1,SUB-00000474,2025-01-10,,Active,2,10.0000,12,2026-01-05,Direct
475,197,14,SUB-00000475,2025-05-04,,Active,2,0.0000,12,2026-04-29,Marketplace
476,197,2,SUB-00000476,2025-05-04,,Active,3,0.0000,24,2027-04-24,Direct
477,197,22,SUB-00000477,2025-05-04,,Paused,3,2.5000,12,2026-04-29,Marketplace
478,197,18,SUB-00000478,2025-07-30,,Active,3,0.0000,36,2028-07-14,Partner
479,198,10,SUB-00000479,2025-02-01,,Active,1,5.0000,12,2026-01-27,Marketplace
480,198,22,SUB-00000480,2025-06-25,,Active,2,12.5000,24,2027-06-15,Marketplace
481,199,20,SUB-00000481,2025-07-23,,Active,13,0.0000,36,2028-07-07,Direct
482,199,15,SUB-00000482,2025-05-06,,Active,6,7.5000,36,2028-04-20,Partner
483,199,3,SUB-00000483,2025-09-17,,Active,9,0.0000,24,2027-09-07,Partner
484,199,8,SUB-00000484,2024-08-07,2025-06-28,Cancelled,18,0.0000,24,2026-07-28,Direct
485,200,23,SUB-00000485,2024-09-22,,Active,18,0.0000,12,2025-09-17,Direct
486,201,8,SUB-00000486,2024-04-24,,Active,24,5.0000,12,2025-04-19,Marketplace
487,201,16,SUB-00000487,2024-11-07,,Active,15,7.5000,36,2027-10-23,Marketplace
488,201,20,SUB-00000488,2025-03-24,,Active,1,5.0000,12,2026-03-19,Marketplace
489,202,21,SUB-00000489,2024-08-19,,Active,1,5.0000,12,2025-08-14,Marketplace
490,203,5,SUB-00000490,2025-06-07,,Active,2,10.0000,24,2027-05-28,Marketplace
491,203,18,SUB-00000491,2025-08-15,,Active,1,5.0000,36,2028-07-30,Direct
492,203,13,SUB-00000492,2025-02-04,,Active,1,12.5000,36,2028-01-20,Marketplace
493,203,9,SUB-00000493,2025-07-20,,Active,3,0.0000,36,2028-07-04,Partner
494,204,17,SUB-00000494,2025-03-07,,Active,4,10.0000,36,2028-02-20,Marketplace
495,204,1,SUB-00000495,2024-09-29,,Active,4,0.0000,24,2026-09-19,Direct
496,204,9,SUB-00000496,2024-06-12,,Active,4,5.0000,24,2026-06-02,Marketplace
497,204,13,SUB-00000497,2025-07-01,,Active,5,0.0000,24,2027-06-21,Partner
498,205,8,SUB-00000498,2025-06-23,,Active,1,0.0000,24,2027-06-13,Direct
499,205,22,SUB-00000499,2024-09-11,,Active,21,0.0000,24,2026-09-01,Direct
500,206,23,SUB-00000500,2025-02-21,,Active,2,5.0000,12,2026-02-16,Partner
501,206,12,SUB-00000501,2025-02-13,,Active,25,5.0000,12,2026-02-08,Partner
502,206,19,SUB-00000502,2025-02-13,2025-08-20,Cancelled,23,5.0000,36,2028-01-29,Partner
503,206,7,SUB-00000503,2025-02-13,,Active,24,0.0000,24,2027-02-03,Marketplace
504,207,18,SUB-00000504,2025-07-08,2026-04-29,Cancelled,4,0.0000,36,2028-06-22,Direct
505,207,13,SUB-00000505,2025-06-13,,Active,5,0.0000,12,2026-06-08,Partner
506,208,20,SUB-00000506,2025-07-05,,Active,19,10.0000,36,2028-06-19,Marketplace
507,208,24,SUB-00000507,2025-01-25,,Active,3,7.5000,36,2028-01-10,Partner
508,208,4,SUB-00000508,2024-05-07,,Active,6,0.0000,36,2027-04-22,Marketplace
509,208,16,SUB-00000509,2025-01-25,2025-06-22,Cancelled,3,12.5000,36,2028-01-10,Direct
510,209,20,SUB-00000510,2025-07-04,,Active,11,2.5000,36,2028-06-18,Partner
511,209,4,SUB-00000511,2025-06-11,,Active,2,10.0000,36,2028-05-26,Partner
512,209,11,SUB-00000512,2024-11-01,,Active,2,5.0000,36,2027-10-17,Partner
513,209,24,SUB-00000513,2025-07-24,,Active,2,7.5000,36,2028-07-08,Partner
514,210,13,SUB-00000514,2025-01-07,,Active,1,12.5000,24,2026-12-28,Partner
515,210,22,SUB-00000515,2025-09-15,,Active,3,5.0000,12,2026-09-10,Partner
516,210,18,SUB-00000516,2024-12-10,,Active,3,7.5000,36,2027-11-25,Direct
517,211,5,SUB-00000517,2024-07-10,,Active,4,10.0000,12,2025-07-05,Partner
518,212,20,SUB-00000518,2024-03-09,2024-07-17,Cancelled,6,5.0000,24,2026-02-27,Marketplace
519,212,24,SUB-00000519,2024-09-14,,Active,2,0.0000,36,2027-08-30,Marketplace
520,212,15,SUB-00000520,2025-05-21,,Active,6,7.5000,36,2028-05-05,Partner
521,212,8,SUB-00000521,2024-05-18,,Active,6,10.0000,36,2027-05-03,Direct
522,213,6,SUB-00000522,2025-06-25,,Active,4,7.5000,24,2027-06-15,Direct
523,213,21,SUB-00000523,2024-10-06,,Active,2,7.5000,24,2026-09-26,Partner
524,214,20,SUB-00000524,2024-11-28,,Active,9,0.0000,24,2026-11-18,Direct
525,214,12,SUB-00000525,2025-01-11,,Active,5,2.5000,24,2027-01-01,Direct
526,215,22,SUB-00000526,2025-04-03,,Active,24,12.5000,24,2027-03-24,Marketplace
527,216,5,SUB-00000527,2024-10-27,,Active,4,0.0000,36,2027-10-12,Direct
528,217,22,SUB-00000528,2024-09-23,,Active,1,0.0000,12,2025-09-18,Direct
529,217,1,SUB-00000529,2024-09-23,,Active,4,2.5000,24,2026-09-13,Partner
530,218,5,SUB-00000530,2024-11-08,2025-03-31,Cancelled,5,0.0000,12,2025-11-03,Marketplace
531,218,22,SUB-00000531,2024-10-20,,Active,3,0.0000,36,2027-10-05,Partner
532,219,11,SUB-00000532,2024-09-25,2025-04-10,Cancelled,18,7.5000,24,2026-09-15,Marketplace
533,219,19,SUB-00000533,2025-07-19,2026-03-30,Cancelled,8,0.0000,12,2026-07-14,Direct
534,219,24,SUB-00000534,2025-09-29,,Active,17,0.0000,36,2028-09-13,Marketplace
535,220,17,SUB-00000535,2024-05-16,,Active,2,5.0000,24,2026-05-06,Partner
536,221,23,SUB-00000536,2024-09-15,,Active,18,2.5000,12,2025-09-10,Marketplace
537,221,8,SUB-00000537,2025-08-04,,Active,21,12.5000,12,2026-07-30,Direct
538,222,8,SUB-00000538,2025-08-15,,Active,18,2.5000,36,2028-07-30,Direct
539,222,2,SUB-00000539,2025-08-15,,Paused,3,10.0000,12,2026-08-10,Partner
540,222,11,SUB-00000540,2025-08-15,,Active,22,12.5000,36,2028-07-30,Marketplace
541,222,18,SUB-00000541,2025-08-15,,Active,2,2.5000,24,2027-08-05,Marketplace
542,223,24,SUB-00000542,2025-02-07,,Active,16,5.0000,36,2028-01-23,Partner
543,223,7,SUB-00000543,2025-02-07,,Active,11,0.0000,24,2027-01-28,Direct
544,223,18,SUB-00000544,2025-02-17,2025-10-07,Cancelled,11,10.0000,12,2026-02-12,Partner
545,224,13,SUB-00000545,2025-03-19,,Active,1,0.0000,36,2028-03-03,Marketplace
546,225,24,SUB-00000546,2024-04-02,,Active,8,5.0000,36,2027-03-18,Direct
547,225,3,SUB-00000547,2025-02-12,,Active,9,12.5000,36,2028-01-28,Direct
548,225,11,SUB-00000548,2025-03-16,,Active,5,10.0000,24,2027-03-06,Marketplace
549,225,7,SUB-00000549,2025-02-01,,Paused,8,10.0000,36,2028-01-17,Marketplace
550,226,17,SUB-00000550,2024-03-20,2025-01-23,Cancelled,2,7.5000,24,2026-03-10,Partner
551,227,21,SUB-00000551,2025-08-31,,Active,2,10.0000,12,2026-08-26,Marketplace
552,228,13,SUB-00000552,2025-03-22,,Active,1,7.5000,24,2027-03-12,Direct
553,228,10,SUB-00000553,2025-06-06,,Active,4,12.5000,24,2027-05-27,Partner
554,228,22,SUB-00000554,2025-03-22,,Active,1,0.0000,24,2027-03-12,Partner
555,229,5,SUB-00000555,2025-03-22,,Active,4,7.5000,24,2027-03-12,Marketplace
556,230,21,SUB-00000556,2025-01-10,,Active,5,7.5000,24,2026-12-31,Marketplace
557,231,13,SUB-00000557,2025-06-01,2025-11-10,Cancelled,2,7.5000,12,2026-05-27,Partner
558,231,2,SUB-00000558,2025-04-27,,Active,3,10.0000,36,2028-04-11,Partner
559,231,11,SUB-00000559,2025-04-27,,Active,2,0.0000,24,2027-04-17,Marketplace
560,232,2,SUB-00000560,2024-04-01,,Active,5,0.0000,24,2026-03-22,Direct
561,232,10,SUB-00000561,2024-04-02,,Active,5,7.5000,12,2025-03-28,Direct
562,232,5,SUB-00000562,2024-04-03,,Active,5,0.0000,12,2025-03-29,Partner
563,233,11,SUB-00000563,2025-01-01,,Active,3,2.5000,24,2026-12-22,Partner
564,234,2,SUB-00000564,2024-06-13,2025-04-19,Cancelled,5,7.5000,24,2026-06-03,Marketplace
565,235,21,SUB-00000565,2024-03-29,,Active,3,5.0000,36,2027-03-14,Direct
566,236,16,SUB-00000566,2025-08-30,,Active,14,7.5000,36,2028-08-14,Direct
567,236,4,SUB-00000567,2025-02-27,,Active,24,0.0000,36,2028-02-12,Partner
568,237,8,SUB-00000568,2025-05-11,,Active,12,10.0000,12,2026-05-06,Direct
569,237,16,SUB-00000569,2025-05-11,,Active,25,2.5000,36,2028-04-25,Partner
570,238,11,SUB-00000570,2025-07-12,2026-05-17,Cancelled,15,2.5000,24,2027-07-02,Marketplace
571,238,15,SUB-00000571,2025-07-08,,Active,6,7.5000,36,2028-06-22,Direct
572,239,16,SUB-00000572,2024-05-21,2025-02-06,Cancelled,2,12.5000,36,2027-05-06,Partner
573,239,20,SUB-00000573,2025-01-03,,Active,12,10.0000,24,2026-12-24,Direct
574,239,2,SUB-00000574,2025-07-07,,Active,2,12.5000,24,2027-06-27,Marketplace
575,239,23,SUB-00000575,2025-09-06,,Active,3,0.0000,12,2026-09-01,Partner
576,240,5,SUB-00000576,2024-12-02,,Active,4,0.0000,24,2026-11-22,Marketplace
577,240,18,SUB-00000577,2025-09-27,,Active,3,0.0000,24,2027-09-17,Marketplace
578,240,9,SUB-00000578,2024-07-05,,Active,5,7.5000,24,2026-06-25,Direct
579,240,1,SUB-00000579,2024-11-23,,Active,2,7.5000,12,2025-11-18,Marketplace
580,241,4,SUB-00000580,2025-03-24,2026-03-01,Cancelled,4,12.5000,24,2027-03-14,Marketplace
581,241,23,SUB-00000581,2025-07-17,,Active,19,7.5000,12,2026-07-12,Marketplace
582,241,7,SUB-00000582,2024-04-03,,Active,7,5.0000,24,2026-03-24,Marketplace
583,242,2,SUB-00000583,2025-03-04,,Paused,7,10.0000,24,2027-02-22,Direct
584,243,21,SUB-00000584,2025-09-20,,Active,3,0.0000,12,2026-09-15,Marketplace
585,243,17,SUB-00000585,2024-12-14,2025-09-28,Cancelled,1,0.0000,12,2025-12-09,Direct
586,243,1,SUB-00000586,2025-02-11,,Active,5,0.0000,36,2028-01-27,Direct
587,244,4,SUB-00000587,2024-09-16,,Active,5,2.5000,24,2026-09-06,Marketplace
588,244,23,SUB-00000588,2025-01-18,2025-11-05,Cancelled,16,12.5000,12,2026-01-13,Partner
589,244,16,SUB-00000589,2024-09-16,,Active,1,0.0000,12,2025-09-11,Partner
590,244,11,SUB-00000590,2024-09-16,,Active,18,5.0000,24,2026-09-06,Direct
591,245,5,SUB-00000591,2025-06-23,,Active,1,0.0000,24,2027-06-13,Marketplace
592,246,9,SUB-00000592,2025-01-17,,Active,5,10.0000,12,2026-01-12,Marketplace
593,247,1,SUB-00000593,2025-05-24,,Active,5,0.0000,24,2027-05-14,Partner
594,247,14,SUB-00000594,2025-07-30,,Active,3,0.0000,36,2028-07-14,Direct
595,247,17,SUB-00000595,2025-05-24,2025-12-23,Cancelled,4,0.0000,24,2027-05-14,Direct
596,248,1,SUB-00000596,2024-09-18,,Active,5,0.0000,24,2026-09-08,Direct
597,248,14,SUB-00000597,2024-06-14,,Active,2,2.5000,12,2025-06-09,Partner
598,249,1,SUB-00000598,2024-12-27,,Active,4,0.0000,36,2027-12-12,Marketplace
599,249,5,SUB-00000599,2024-10-05,,Active,3,0.0000,36,2027-09-20,Marketplace
600,250,5,SUB-00000600,2024-04-06,,Active,1,7.5000,24,2026-03-27,Direct
601,250,1,SUB-00000601,2025-07-14,,Active,5,12.5000,24,2027-07-04,Direct
602,250,18,SUB-00000602,2024-02-24,,Active,2,12.5000,36,2027-02-08,Direct
603,251,17,SUB-00000603,2024-10-28,,Active,2,0.0000,36,2027-10-13,Marketplace
604,252,9,SUB-00000604,2025-05-13,,Active,5,0.0000,24,2027-05-03,Direct
605,252,1,SUB-00000605,2024-06-15,,Paused,1,2.5000,36,2027-05-31,Direct
606,253,6,SUB-00000606,2025-01-14,,Active,2,0.0000,12,2026-01-09,Direct
607,253,9,SUB-00000607,2025-05-30,,Active,4,5.0000,12,2026-05-25,Partner
608,253,17,SUB-00000608,2025-09-01,,Active,4,7.5000,12,2026-08-27,Partner
609,254,1,SUB-00000609,2024-01-24,,Active,4,0.0000,36,2027-01-08,Partner
610,255,5,SUB-00000610,2025-08-19,,Active,1,5.0000,36,2028-08-03,Direct
611,255,2,SUB-00000611,2025-09-26,,Active,1,2.5000,24,2027-09-16,Direct
612,255,17,SUB-00000612,2025-02-19,,Active,4,10.0000,36,2028-02-04,Partner
613,256,5,SUB-00000613,2025-01-12,,Active,3,0.0000,36,2027-12-28,Partner
614,257,22,SUB-00000614,2024-12-23,,Active,2,5.0000,24,2026-12-13,Marketplace
615,257,18,SUB-00000615,2025-03-02,2025-12-09,Cancelled,2,12.5000,24,2027-02-20,Direct
616,257,5,SUB-00000616,2025-03-20,,Active,3,2.5000,12,2026-03-15,Partner
617,258,22,SUB-00000617,2025-07-22,,Active,1,0.0000,36,2028-07-06,Marketplace
618,258,18,SUB-00000618,2025-02-21,,Active,1,10.0000,12,2026-02-16,Partner
619,259,6,SUB-00000619,2024-10-15,,Active,12,0.0000,24,2026-10-05,Partner
620,259,15,SUB-00000620,2024-07-26,,Active,3,7.5000,12,2025-07-21,Marketplace
621,260,9,SUB-00000621,2025-04-23,,Active,3,12.5000,36,2028-04-07,Partner
622,260,14,SUB-00000622,2024-07-23,,Active,5,12.5000,24,2026-07-13,Partner
623,260,1,SUB-00000623,2025-03-17,,Active,2,7.5000,12,2026-03-12,Partner
624,260,21,SUB-00000624,2024-12-06,,Active,1,7.5000,36,2027-11-21,Direct
625,261,17,SUB-00000625,2025-01-25,,Active,1,2.5000,24,2027-01-15,Direct
626,261,5,SUB-00000626,2025-01-11,,Active,2,10.0000,36,2027-12-27,Direct
627,261,14,SUB-00000627,2025-07-11,,Active,2,10.0000,36,2028-06-25,Direct
628,261,1,SUB-00000628,2024-04-14,,Active,4,2.5000,24,2026-04-04,Direct
629,262,14,SUB-00000629,2025-06-27,,Active,4,0.0000,24,2027-06-17,Partner
630,263,10,SUB-00000630,2024-10-18,,Active,9,0.0000,12,2025-10-13,Partner
631,263,15,SUB-00000631,2024-10-18,,Active,2,0.0000,36,2027-10-03,Partner
632,263,22,SUB-00000632,2024-12-15,,Active,15,12.5000,36,2027-11-30,Partner
633,263,18,SUB-00000633,2024-11-27,,Active,4,5.0000,24,2026-11-17,Direct
634,264,8,SUB-00000634,2025-03-25,2025-12-28,Cancelled,11,0.0000,36,2028-03-09,Direct
635,265,22,SUB-00000635,2024-05-11,,Active,2,0.0000,12,2025-05-06,Partner
636,266,8,SUB-00000636,2025-02-11,,Active,16,0.0000,36,2028-01-27,Direct
637,267,9,SUB-00000637,2024-12-02,,Active,1,0.0000,36,2027-11-17,Marketplace
638,267,14,SUB-00000638,2024-12-02,,Active,2,2.5000,36,2027-11-17,Direct
639,268,5,SUB-00000639,2025-09-22,,Active,2,0.0000,12,2026-09-17,Partner
640,268,13,SUB-00000640,2024-08-18,,Active,5,7.5000,12,2025-08-13,Direct
641,269,4,SUB-00000641,2025-06-07,,Active,4,0.0000,12,2026-06-02,Direct
642,269,20,SUB-00000642,2024-08-25,,Active,18,2.5000,12,2025-08-20,Marketplace
643,269,8,SUB-00000643,2025-05-19,,Active,23,5.0000,36,2028-05-03,Marketplace
644,269,12,SUB-00000644,2024-11-28,,Active,7,2.5000,24,2026-11-18,Marketplace
645,270,23,SUB-00000645,2024-10-30,,Active,12,0.0000,36,2027-10-15,Marketplace
646,270,8,SUB-00000646,2024-12-28,2025-06-29,Cancelled,20,7.5000,24,2026-12-18,Direct
647,271,23,SUB-00000647,2025-05-05,2025-09-30,Cancelled,18,0.0000,12,2026-04-30,Partner
648,271,2,SUB-00000648,2024-09-12,,Active,18,5.0000,12,2025-09-07,Direct
649,271,7,SUB-00000649,2024-09-12,,Active,22,0.0000,12,2025-09-07,Marketplace
650,272,22,SUB-00000650,2025-01-09,2025-08-28,Cancelled,4,0.0000,24,2026-12-30,Partner
651,272,5,SUB-00000651,2024-03-09,,Active,3,0.0000,24,2026-02-27,Direct
652,272,13,SUB-00000652,2025-03-14,2025-07-28,Cancelled,5,10.0000,24,2027-03-04,Marketplace
653,273,9,SUB-00000653,2025-01-04,,Paused,2,0.0000,12,2025-12-30,Partner
654,273,1,SUB-00000654,2025-09-29,,Active,1,0.0000,36,2028-09-13,Partner
655,274,22,SUB-00000655,2025-03-16,,Active,4,10.0000,36,2028-02-29,Direct
656,275,13,SUB-00000656,2025-05-10,2025-11-10,Cancelled,2,12.5000,12,2026-05-05,Marketplace
657,275,9,SUB-00000657,2025-08-13,,Active,5,10.0000,36,2028-07-28,Partner
658,275,17,SUB-00000658,2024-07-26,,Active,4,7.5000,12,2025-07-21,Partner
659,275,1,SUB-00000659,2024-08-26,,Active,5,0.0000,12,2025-08-21,Partner
660,276,10,SUB-00000660,2024-10-16,,Active,3,12.5000,36,2027-10-01,Direct
661,277,14,SUB-00000661,2024-11-09,,Active,16,10.0000,24,2026-10-30,Partner
662,278,15,SUB-00000662,2024-07-25,,Active,2,5.0000,24,2026-07-15,Partner
663,278,10,SUB-00000663,2024-11-18,,Active,19,10.0000,36,2027-11-03,Partner
664,278,23,SUB-00000664,2025-03-27,,Active,21,7.5000,12,2026-03-22,Direct
665,278,7,SUB-00000665,2024-07-29,,Active,24,0.0000,12,2025-07-24,Direct
666,279,13,SUB-00000666,2025-05-30,,Active,1,7.5000,36,2028-05-14,Marketplace
667,279,21,SUB-00000667,2025-05-30,,Active,4,2.5000,24,2027-05-20,Partner
668,279,7,SUB-00000668,2025-05-30,,Active,3,0.0000,36,2028-05-14,Partner
669,280,10,SUB-00000669,2025-08-15,,Active,3,10.0000,24,2027-08-05,Partner
670,280,5,SUB-00000670,2024-08-17,,Active,2,12.5000,12,2025-08-12,Marketplace
671,281,3,SUB-00000671,2024-09-12,,Paused,5,12.5000,12,2025-09-07,Direct
672,281,17,SUB-00000672,2024-02-14,,Active,5,7.5000,24,2026-02-03,Direct
673,282,9,SUB-00000673,2025-06-03,,Active,1,2.5000,36,2028-05-18,Direct
674,282,13,SUB-00000674,2025-06-03,,Active,5,0.0000,12,2026-05-29,Direct
675,282,1,SUB-00000675,2025-06-03,,Active,3,10.0000,12,2026-05-29,Partner
676,283,21,SUB-00000676,2025-05-07,,Active,1,2.5000,12,2026-05-02,Direct
677,283,5,SUB-00000677,2025-05-07,,Active,1,0.0000,36,2028-04-21,Direct
678,283,2,SUB-00000678,2025-05-07,,Active,4,0.0000,24,2027-04-27,Marketplace
679,283,10,SUB-00000679,2025-05-07,,Active,2,0.0000,24,2027-04-27,Direct
680,284,18,SUB-00000680,2025-02-09,,Paused,21,7.5000,36,2028-01-25,Marketplace
681,284,15,SUB-00000681,2025-08-19,,Active,3,12.5000,12,2026-08-14,Partner
682,284,11,SUB-00000682,2024-07-11,,Active,2,0.0000,12,2025-07-06,Direct
683,285,18,SUB-00000683,2025-09-16,,Active,4,7.5000,24,2027-09-06,Marketplace
684,285,6,SUB-00000684,2024-08-19,,Active,2,0.0000,36,2027-08-04,Direct
685,285,1,SUB-00000685,2024-08-19,,Active,2,2.5000,12,2025-08-14,Partner
686,286,24,SUB-00000686,2025-03-14,,Active,15,10.0000,24,2027-03-04,Direct
687,286,12,SUB-00000687,2024-09-26,2025-05-16,Cancelled,21,7.5000,36,2027-09-11,Direct
688,286,15,SUB-00000688,2025-05-14,,Active,23,0.0000,12,2026-05-09,Direct
689,286,3,SUB-00000689,2025-08-18,,Active,1,0.0000,36,2028-08-02,Partner
690,287,11,SUB-00000690,2024-05-19,2025-03-16,Cancelled,3,12.5000,24,2026-05-09,Marketplace
691,287,18,SUB-00000691,2024-11-24,,Active,5,0.0000,24,2026-11-14,Partner
692,288,17,SUB-00000692,2025-03-27,,Active,2,7.5000,12,2026-03-22,Marketplace
693,289,17,SUB-00000693,2025-06-28,,Active,3,0.0000,24,2027-06-18,Direct
694,290,17,SUB-00000694,2024-03-19,,Active,1,0.0000,12,2025-03-14,Marketplace
695,290,5,SUB-00000695,2024-12-20,,Active,5,0.0000,36,2027-12-05,Marketplace
696,290,2,SUB-00000696,2025-05-11,,Active,2,0.0000,24,2027-05-01,Partner
697,290,21,SUB-00000697,2024-12-29,,Active,1,12.5000,12,2025-12-24,Direct
698,291,21,SUB-00000698,2024-09-17,,Active,2,0.0000,12,2025-09-12,Partner
699,291,2,SUB-00000699,2025-01-19,,Active,3,10.0000,12,2026-01-14,Direct
700,292,6,SUB-00000700,2024-12-02,,Active,1,5.0000,24,2026-11-22,Marketplace
701,292,2,SUB-00000701,2024-12-02,2025-05-26,Cancelled,1,7.5000,24,2026-11-22,Marketplace
702,293,3,SUB-00000702,2025-09-18,,Active,16,5.0000,24,2027-09-08,Marketplace
703,293,19,SUB-00000703,2025-02-18,,Active,11,10.0000,12,2026-02-13,Direct
704,293,22,SUB-00000704,2025-02-18,,Active,5,0.0000,12,2026-02-13,Partner
705,293,14,SUB-00000705,2025-02-18,,Active,21,7.5000,12,2026-02-13,Marketplace
706,294,2,SUB-00000706,2024-11-26,,Active,11,7.5000,24,2026-11-16,Marketplace
707,294,19,SUB-00000707,2024-09-07,,Active,21,10.0000,24,2026-08-28,Direct
708,295,14,SUB-00000708,2025-01-21,,Active,5,0.0000,12,2026-01-16,Marketplace
709,295,6,SUB-00000709,2024-07-28,,Active,1,0.0000,36,2027-07-13,Partner
710,295,1,SUB-00000710,2024-07-05,,Active,2,0.0000,12,2025-06-30,Partner
711,296,17,SUB-00000711,2024-06-06,,Active,4,5.0000,24,2026-05-27,Direct
712,296,21,SUB-00000712,2024-11-30,,Active,3,5.0000,24,2026-11-20,Direct
713,296,2,SUB-00000713,2025-02-01,,Active,4,12.5000,12,2026-01-27,Marketplace
714,297,21,SUB-00000714,2025-02-01,,Active,4,5.0000,36,2028-01-17,Marketplace
715,297,5,SUB-00000715,2024-12-27,,Active,4,0.0000,36,2027-12-12,Direct
716,297,13,SUB-00000716,2024-12-27,,Active,5,2.5000,12,2025-12-22,Direct
717,297,1,SUB-00000717,2025-04-27,,Active,4,5.0000,36,2028-04-11,Marketplace
718,298,2,SUB-00000718,2025-07-16,2026-05-23,Cancelled,4,10.0000,12,2026-07-11,Direct
719,299,10,SUB-00000719,2024-07-20,,Active,5,10.0000,36,2027-07-05,Direct
720,299,2,SUB-00000720,2024-11-30,,Active,2,0.0000,12,2025-11-25,Partner
721,300,22,SUB-00000721,2025-08-01,2026-06-17,Cancelled,4,10.0000,36,2028-07-16,Direct
722,300,6,SUB-00000722,2024-06-30,,Active,5,10.0000,36,2027-06-15,Marketplace
723,301,21,SUB-00000723,2024-03-26,,Active,5,10.0000,36,2027-03-11,Direct
724,301,13,SUB-00000724,2025-07-19,,Active,1,2.5000,24,2027-07-09,Direct
725,302,3,SUB-00000725,2025-07-07,,Active,6,12.5000,36,2028-06-21,Marketplace
726,302,16,SUB-00000726,2024-01-21,,Active,13,0.0000,24,2026-01-10,Marketplace
727,303,17,SUB-00000727,2024-06-20,,Active,5,0.0000,12,2025-06-15,Marketplace
728,304,13,SUB-00000728,2025-09-13,,Active,5,0.0000,24,2027-09-03,Partner
729,304,23,SUB-00000729,2024-12-22,,Active,1,0.0000,24,2026-12-12,Marketplace
730,304,17,SUB-00000730,2024-12-22,,Active,1,0.0000,36,2027-12-07,Partner
731,305,9,SUB-00000731,2024-11-29,,Active,1,12.5000,12,2025-11-24,Marketplace
732,305,17,SUB-00000732,2024-10-01,,Active,4,10.0000,36,2027-09-16,Marketplace
733,305,23,SUB-00000733,2025-08-10,,Paused,1,12.5000,36,2028-07-25,Partner
734,305,14,SUB-00000734,2024-12-26,,Active,4,5.0000,36,2027-12-11,Direct
735,306,3,SUB-00000735,2025-02-24,,Active,17,7.5000,24,2027-02-14,Direct
736,306,18,SUB-00000736,2025-02-15,,Active,11,0.0000,36,2028-01-31,Marketplace
737,307,4,SUB-00000737,2024-11-30,,Active,2,0.0000,12,2025-11-25,Partner
738,307,19,SUB-00000738,2025-02-13,,Active,1,0.0000,24,2027-02-03,Partner
739,308,1,SUB-00000739,2025-07-23,,Active,1,7.5000,36,2028-07-07,Partner
740,308,21,SUB-00000740,2025-09-01,,Active,1,7.5000,36,2028-08-16,Partner
741,308,11,SUB-00000741,2025-04-02,,Active,2,0.0000,24,2027-03-23,Marketplace
742,309,3,SUB-00000742,2025-08-29,,Active,12,10.0000,36,2028-08-13,Partner
743,309,18,SUB-00000743,2025-07-08,,Active,14,12.5000,36,2028-06-22,Marketplace
744,309,6,SUB-00000744,2025-06-27,,Active,2,0.0000,24,2027-06-17,Direct
745,310,3,SUB-00000745,2024-08-24,,Active,9,0.0000,24,2026-08-14,Marketplace
746,310,19,SUB-00000746,2024-10-07,,Active,13,7.5000,36,2027-09-22,Direct
747,311,6,SUB-00000747,2024-06-01,,Active,4,12.5000,24,2026-05-22,Direct
748,311,9,SUB-00000748,2024-07-04,,Active,2,5.0000,12,2025-06-29,Partner
749,311,18,SUB-00000749,2025-05-06,,Active,3,7.5000,24,2027-04-26,Marketplace
750,312,1,SUB-00000750,2025-05-25,,Paused,1,0.0000,36,2028-05-09,Partner
751,312,5,SUB-00000751,2025-05-25,,Active,1,0.0000,36,2028-05-09,Marketplace
752,313,1,SUB-00000752,2024-03-10,,Active,2,12.5000,36,2027-02-23,Partner
753,313,21,SUB-00000753,2024-12-20,,Active,5,7.5000,36,2027-12-05,Direct
754,314,23,SUB-00000754,2024-12-20,,Active,13,0.0000,12,2025-12-15,Marketplace
755,314,14,SUB-00000755,2024-03-09,,Active,21,0.0000,12,2025-03-04,Partner
756,315,15,SUB-00000756,2024-11-10,,Active,21,2.5000,24,2026-10-31,Partner
757,315,23,SUB-00000757,2024-10-29,,Active,4,7.5000,12,2025-10-24,Marketplace
758,315,6,SUB-00000758,2024-09-23,,Active,2,7.5000,24,2026-09-13,Direct
759,316,5,SUB-00000759,2024-05-07,,Active,1,2.5000,36,2027-04-22,Direct
760,316,18,SUB-00000760,2024-04-21,,Active,2,0.0000,36,2027-04-06,Partner
761,316,10,SUB-00000761,2024-04-21,,Active,3,0.0000,24,2026-04-11,Partner
762,316,13,SUB-00000762,2024-11-30,,Active,2,12.5000,36,2027-11-15,Marketplace
763,317,9,SUB-00000763,2025-03-11,,Active,4,12.5000,36,2028-02-24,Direct
764,318,17,SUB-00000764,2025-02-11,,Active,2,2.5000,36,2028-01-27,Partner
765,318,13,SUB-00000765,2025-03-16,,Active,5,0.0000,24,2027-03-06,Marketplace
766,318,21,SUB-00000766,2024-08-21,2025-03-18,Cancelled,3,0.0000,36,2027-08-06,Direct
767,318,10,SUB-00000767,2025-06-18,,Active,3,10.0000,24,2027-06-08,Partner
768,319,17,SUB-00000768,2025-01-14,,Active,3,12.5000,24,2027-01-04,Partner
769,319,21,SUB-00000769,2024-09-05,,Active,1,0.0000,36,2027-08-21,Direct
770,319,1,SUB-00000770,2024-09-05,,Active,5,12.5000,24,2026-08-26,Direct
771,320,10,SUB-00000771,2024-12-02,,Active,7,10.0000,12,2025-11-27,Partner
772,320,23,SUB-00000772,2024-04-17,,Active,1,2.5000,12,2025-04-12,Marketplace
773,320,3,SUB-00000773,2025-08-14,,Active,18,0.0000,12,2026-08-09,Partner
774,320,8,SUB-00000774,2025-09-24,,Active,24,0.0000,36,2028-09-08,Direct
775,321,11,SUB-00000775,2024-08-31,,Active,19,2.5000,36,2027-08-16,Direct
776,321,15,SUB-00000776,2025-05-31,,Active,15,0.0000,36,2028-05-15,Marketplace
777,321,2,SUB-00000777,2024-08-31,,Active,3,0.0000,12,2025-08-26,Direct
778,321,24,SUB-00000778,2025-04-30,,Active,12,0.0000,24,2027-04-20,Direct
779,322,18,SUB-00000779,2024-08-03,,Active,11,0.0000,36,2027-07-19,Direct
780,322,6,SUB-00000780,2025-02-14,,Active,17,12.5000,12,2026-02-09,Direct
781,322,22,SUB-00000781,2024-08-03,,Active,20,10.0000,12,2025-07-29,Marketplace
782,322,14,SUB-00000782,2024-08-03,2025-04-20,Cancelled,18,7.5000,36,2027-07-19,Partner
783,323,21,SUB-00000783,2025-04-09,,Active,4,2.5000,12,2026-04-04,Marketplace
784,324,1,SUB-00000784,2025-05-17,,Active,5,0.0000,24,2027-05-07,Marketplace
785,324,17,SUB-00000785,2025-05-17,,Active,5,10.0000,12,2026-05-12,Marketplace
786,324,9,SUB-00000786,2025-05-17,,Active,3,5.0000,12,2026-05-12,Direct
787,324,6,SUB-00000787,2025-05-17,,Active,3,2.5000,12,2026-05-12,Partner
788,325,11,SUB-00000788,2025-03-18,,Active,1,0.0000,12,2026-03-13,Partner
789,325,8,SUB-00000789,2025-05-13,,Active,17,0.0000,24,2027-05-03,Partner
790,325,23,SUB-00000790,2025-03-18,,Active,11,2.5000,36,2028-03-02,Direct
791,326,16,SUB-00000791,2025-02-15,,Active,22,0.0000,24,2027-02-05,Marketplace
792,326,23,SUB-00000792,2025-06-05,,Active,25,7.5000,24,2027-05-26,Direct
793,326,20,SUB-00000793,2024-05-20,,Active,7,0.0000,24,2026-05-10,Marketplace
794,326,4,SUB-00000794,2025-01-27,,Active,2,2.5000,24,2027-01-17,Partner
795,327,17,SUB-00000795,2025-05-20,,Active,3,2.5000,12,2026-05-15,Marketplace
796,327,13,SUB-00000796,2025-04-05,,Active,1,0.0000,12,2026-03-31,Marketplace
797,328,18,SUB-00000797,2025-03-05,,Active,2,7.5000,12,2026-02-28,Partner
798,329,23,SUB-00000798,2025-01-18,,Active,3,12.5000,12,2026-01-13,Partner
799,329,1,SUB-00000799,2025-01-18,,Active,5,5.0000,12,2026-01-13,Direct
800,330,18,SUB-00000800,2024-03-18,,Active,10,0.0000,12,2025-03-13,Marketplace
801,330,24,SUB-00000801,2025-04-21,,Active,16,0.0000,12,2026-04-16,Marketplace
802,331,7,SUB-00000802,2024-10-31,,Active,3,0.0000,12,2025-10-26,Direct
803,331,9,SUB-00000803,2025-03-05,,Active,1,0.0000,12,2026-02-28,Direct
804,331,1,SUB-00000804,2025-01-25,2025-05-01,Cancelled,2,10.0000,12,2026-01-20,Partner
805,331,14,SUB-00000805,2024-10-31,,Active,2,10.0000,12,2025-10-26,Partner
806,332,14,SUB-00000806,2025-07-10,2026-03-30,Cancelled,15,12.5000,36,2028-06-24,Marketplace
807,332,18,SUB-00000807,2025-02-10,,Active,1,0.0000,12,2026-02-05,Partner
808,333,3,SUB-00000808,2025-04-07,,Active,18,10.0000,12,2026-04-02,Marketplace
809,333,6,SUB-00000809,2025-02-17,,Active,9,7.5000,24,2027-02-07,Marketplace
810,334,2,SUB-00000810,2025-08-06,,Active,1,12.5000,12,2026-08-01,Direct
811,334,17,SUB-00000811,2025-05-08,,Active,3,0.0000,12,2026-05-03,Direct
812,334,5,SUB-00000812,2025-05-08,,Active,3,0.0000,24,2027-04-28,Direct
813,335,16,SUB-00000813,2025-04-09,,Active,6,10.0000,24,2027-03-30,Marketplace
814,336,13,SUB-00000814,2025-02-22,,Active,3,0.0000,12,2026-02-17,Marketplace
815,336,21,SUB-00000815,2025-07-07,,Paused,1,0.0000,24,2027-06-27,Marketplace
816,336,6,SUB-00000816,2025-03-16,,Active,3,10.0000,36,2028-02-29,Partner
817,337,5,SUB-00000817,2024-08-07,,Active,1,5.0000,24,2026-07-28,Partner
818,337,17,SUB-00000818,2025-07-24,,Active,1,12.5000,12,2026-07-19,Partner
819,337,1,SUB-00000819,2025-03-23,2026-01-13,Cancelled,5,2.5000,24,2027-03-13,Partner
820,337,9,SUB-00000820,2024-11-29,,Active,4,5.0000,12,2025-11-24,Partner
821,338,19,SUB-00000821,2025-06-24,,Active,5,0.0000,24,2027-06-14,Direct
822,339,23,SUB-00000822,2024-05-31,,Active,2,2.5000,12,2025-05-26,Direct
823,340,5,SUB-00000823,2024-12-20,,Active,2,0.0000,36,2027-12-05,Marketplace
824,341,2,SUB-00000824,2024-09-15,,Paused,19,0.0000,12,2025-09-10,Partner
825,342,6,SUB-00000825,2025-04-12,,Active,5,12.5000,36,2028-03-27,Marketplace
826,342,2,SUB-00000826,2025-07-08,,Active,1,10.0000,36,2028-06-22,Partner
827,343,1,SUB-00000827,2025-09-03,,Active,2,10.0000,36,2028-08-18,Direct
828,343,18,SUB-00000828,2025-06-13,,Active,1,7.5000,12,2026-06-08,Marketplace
829,343,13,SUB-00000829,2025-06-13,,Active,1,0.0000,12,2026-06-08,Partner
830,344,13,SUB-00000830,2025-02-24,,Active,5,5.0000,12,2026-02-19,Partner
831,344,17,SUB-00000831,2025-03-18,,Active,1,0.0000,24,2027-03-08,Partner
832,345,23,SUB-00000832,2025-07-12,,Active,17,12.5000,12,2026-07-07,Marketplace
833,346,7,SUB-00000833,2024-02-04,,Active,4,5.0000,36,2027-01-19,Marketplace
834,346,9,SUB-00000834,2025-01-02,,Active,2,2.5000,36,2027-12-18,Partner
835,346,19,SUB-00000835,2024-03-30,,Active,5,0.0000,12,2025-03-25,Marketplace
836,347,3,SUB-00000836,2024-06-29,,Active,1,5.0000,36,2027-06-14,Marketplace
837,347,8,SUB-00000837,2024-03-03,,Active,9,10.0000,24,2026-02-21,Partner
838,347,15,SUB-00000838,2025-06-18,,Paused,24,0.0000,12,2026-06-13,Direct
839,348,1,SUB-00000839,2024-12-25,,Active,3,7.5000,12,2025-12-20,Direct
840,348,13,SUB-00000840,2024-08-17,,Active,3,10.0000,36,2027-08-02,Marketplace
841,349,7,SUB-00000841,2025-03-26,,Active,3,10.0000,24,2027-03-16,Direct
842,350,1,SUB-00000842,2025-03-23,,Active,2,5.0000,24,2027-03-13,Partner
843,351,3,SUB-00000843,2025-05-17,,Active,11,0.0000,24,2027-05-07,Marketplace
844,351,20,SUB-00000844,2025-04-08,,Active,23,10.0000,12,2026-04-03,Partner
845,352,3,SUB-00000845,2025-09-28,,Active,5,12.5000,24,2027-09-18,Marketplace
846,352,18,SUB-00000846,2025-04-23,,Active,2,7.5000,12,2026-04-18,Direct
847,352,21,SUB-00000847,2025-03-13,,Active,3,2.5000,12,2026-03-08,Partner
848,352,13,SUB-00000848,2025-03-13,,Active,1,7.5000,36,2028-02-26,Marketplace
849,353,7,SUB-00000849,2024-12-31,,Active,13,5.0000,24,2026-12-21,Partner
850,353,3,SUB-00000850,2025-09-19,,Active,3,0.0000,24,2027-09-09,Partner
851,353,14,SUB-00000851,2024-11-10,,Active,10,0.0000,12,2025-11-05,Marketplace
852,353,22,SUB-00000852,2025-03-05,2025-12-27,Cancelled,13,5.0000,36,2028-02-18,Direct
853,354,7,SUB-00000853,2024-07-23,,Active,7,5.0000,12,2025-07-18,Direct
854,354,3,SUB-00000854,2024-07-23,,Active,24,10.0000,36,2027-07-08,Direct
855,354,15,SUB-00000855,2024-07-23,,Active,13,0.0000,36,2027-07-08,Direct
856,355,1,SUB-00000856,2025-08-31,,Active,5,0.0000,24,2027-08-21,Direct
857,355,5,SUB-00000857,2025-04-27,,Active,1,2.5000,24,2027-04-17,Direct
858,356,22,SUB-00000858,2025-07-22,2025-12-12,Cancelled,4,0.0000,24,2027-07-12,Partner
859,356,18,SUB-00000859,2024-10-09,,Active,4,7.5000,12,2025-10-04,Partner
860,356,2,SUB-00000860,2024-10-09,,Active,2,0.0000,24,2026-09-29,Direct
861,356,13,SUB-00000861,2024-10-09,,Active,1,2.5000,24,2026-09-29,Partner
862,357,4,SUB-00000862,2025-07-19,,Active,16,0.0000,36,2028-07-03,Direct
863,358,10,SUB-00000863,2025-05-07,,Active,4,7.5000,24,2027-04-27,Direct
864,358,1,SUB-00000864,2024-07-05,,Active,5,7.5000,24,2026-06-25,Partner
865,359,2,SUB-00000865,2024-06-22,,Active,2,0.0000,36,2027-06-07,Direct
866,359,6,SUB-00000866,2025-02-04,2025-11-17,Cancelled,5,10.0000,36,2028-01-20,Marketplace
867,359,21,SUB-00000867,2025-04-28,,Active,3,0.0000,12,2026-04-23,Partner
868,359,17,SUB-00000868,2025-01-08,,Active,2,0.0000,36,2027-12-24,Partner
869,360,7,SUB-00000869,2025-02-01,2025-05-06,Cancelled,7,2.5000,12,2026-01-27,Partner
870,361,7,SUB-00000870,2024-10-15,,Active,5,2.5000,12,2025-10-10,Marketplace
871,362,5,SUB-00000871,2024-05-14,,Active,4,0.0000,12,2025-05-09,Direct
872,362,9,SUB-00000872,2024-05-14,,Active,3,10.0000,24,2026-05-04,Marketplace
873,363,21,SUB-00000873,2025-09-21,,Active,1,0.0000,24,2027-09-11,Partner
874,363,13,SUB-00000874,2025-03-06,,Active,5,10.0000,24,2027-02-24,Direct
875,363,9,SUB-00000875,2024-04-23,,Active,4,12.5000,12,2025-04-18,Partner
876,364,17,SUB-00000876,2025-05-24,,Active,2,10.0000,36,2028-05-08,Marketplace
877,365,6,SUB-00000877,2024-08-20,,Active,3,10.0000,36,2027-08-05,Marketplace
878,366,14,SUB-00000878,2024-08-24,,Active,1,12.5000,12,2025-08-19,Direct
879,366,1,SUB-00000879,2025-01-05,,Active,4,2.5000,24,2026-12-26,Partner
880,366,6,SUB-00000880,2025-05-13,,Active,1,0.0000,24,2027-05-03,Partner
881,367,22,SUB-00000881,2025-04-15,,Active,5,0.0000,36,2028-03-30,Partner
882,367,5,SUB-00000882,2025-04-06,,Active,1,12.5000,12,2026-04-01,Partner
883,367,17,SUB-00000883,2025-01-21,,Active,1,2.5000,36,2028-01-06,Partner
884,368,16,SUB-00000884,2024-05-21,,Active,17,10.0000,24,2026-05-11,Marketplace
885,368,20,SUB-00000885,2024-01-31,,Active,13,2.5000,24,2026-01-20,Direct
886,369,10,SUB-00000886,2024-05-05,,Active,5,0.0000,24,2026-04-25,Partner
887,370,9,SUB-00000887,2025-09-02,,Active,1,7.5000,24,2027-08-23,Direct
888,370,18,SUB-00000888,2025-05-30,,Active,4,12.5000,12,2026-05-25,Marketplace
889,371,2,SUB-00000889,2025-08-23,,Active,17,5.0000,36,2028-08-07,Direct
890,371,19,SUB-00000890,2024-05-13,,Active,23,0.0000,24,2026-05-03,Direct
891,371,8,SUB-00000891,2024-04-18,,Active,21,12.5000,12,2025-04-13,Partner
892,372,8,SUB-00000892,2024-02-28,,Active,12,0.0000,24,2026-02-17,Partner
893,373,2,SUB-00000893,2025-01-18,,Active,5,0.0000,12,2026-01-13,Direct
894,373,5,SUB-00000894,2024-07-03,,Active,5,0.0000,36,2027-06-18,Direct
895,373,23,SUB-00000895,2024-10-02,,Active,5,0.0000,24,2026-09-22,Direct
896,374,1,SUB-00000896,2025-02-13,,Active,3,0.0000,12,2026-02-08,Direct
897,374,9,SUB-00000897,2025-02-27,,Active,4,2.5000,24,2027-02-17,Direct
898,374,18,SUB-00000898,2025-03-30,,Active,1,2.5000,24,2027-03-20,Marketplace
899,374,13,SUB-00000899,2024-09-26,,Active,5,7.5000,12,2025-09-21,Direct
900,375,14,SUB-00000900,2025-04-17,,Active,2,0.0000,24,2027-04-07,Partner
901,375,9,SUB-00000901,2025-07-30,2026-06-05,Cancelled,4,12.5000,24,2027-07-20,Partner
902,376,19,SUB-00000902,2024-11-07,,Active,9,7.5000,24,2026-10-28,Direct
903,376,11,SUB-00000903,2024-05-11,,Active,25,10.0000,24,2026-05-01,Direct
904,376,2,SUB-00000904,2025-08-01,,Active,25,0.0000,12,2026-07-27,Partner
905,377,10,SUB-00000905,2024-09-22,,Paused,2,0.0000,36,2027-09-07,Direct
906,377,5,SUB-00000906,2024-06-26,,Active,1,0.0000,12,2025-06-21,Direct
907,377,18,SUB-00000907,2024-03-01,,Active,3,5.0000,12,2025-02-24,Partner
908,378,21,SUB-00000908,2024-08-01,,Active,2,0.0000,36,2027-07-17,Partner
909,379,8,SUB-00000909,2024-01-08,2024-08-03,Cancelled,4,0.0000,36,2026-12-23,Partner
910,379,24,SUB-00000910,2024-02-28,,Active,13,7.5000,24,2026-02-17,Marketplace
911,380,7,SUB-00000911,2025-05-23,,Active,3,7.5000,24,2027-05-13,Partner
912,380,9,SUB-00000912,2025-09-01,,Active,4,7.5000,24,2027-08-22,Marketplace
913,381,15,SUB-00000913,2024-03-18,,Active,8,10.0000,36,2027-03-03,Direct
914,382,10,SUB-00000914,2024-06-03,,Active,4,5.0000,36,2027-05-19,Partner
915,382,21,SUB-00000915,2025-03-11,,Active,1,0.0000,12,2026-03-06,Marketplace
916,382,13,SUB-00000916,2024-05-20,2024-11-11,Cancelled,1,0.0000,24,2026-05-10,Partner
917,382,2,SUB-00000917,2024-11-21,,Active,2,0.0000,12,2025-11-16,Marketplace
918,383,18,SUB-00000918,2025-03-28,,Active,5,5.0000,24,2027-03-18,Partner
919,384,6,SUB-00000919,2024-08-30,,Active,9,7.5000,12,2025-08-25,Marketplace
920,384,4,SUB-00000920,2024-11-05,,Active,16,10.0000,36,2027-10-21,Marketplace
921,385,20,SUB-00000921,2025-08-26,,Active,20,0.0000,36,2028-08-10,Direct
922,385,16,SUB-00000922,2025-06-27,,Active,17,7.5000,12,2026-06-22,Marketplace
923,386,10,SUB-00000923,2025-03-23,,Active,2,0.0000,36,2028-03-07,Marketplace
924,386,5,SUB-00000924,2025-08-21,,Active,3,7.5000,12,2026-08-16,Direct
925,387,7,SUB-00000925,2025-01-16,,Active,12,10.0000,12,2026-01-11,Direct
926,387,12,SUB-00000926,2025-07-19,,Active,6,0.0000,24,2027-07-09,Direct
927,387,16,SUB-00000927,2025-01-16,,Active,20,0.0000,12,2026-01-11,Direct
928,387,20,SUB-00000928,2025-01-16,,Active,13,0.0000,36,2028-01-01,Partner
929,388,16,SUB-00000929,2025-06-24,2026-02-14,Cancelled,21,0.0000,12,2026-06-19,Direct
930,388,4,SUB-00000930,2025-06-24,,Active,7,0.0000,36,2028-06-08,Direct
931,388,7,SUB-00000931,2025-08-29,,Paused,2,10.0000,12,2026-08-24,Direct
932,389,11,SUB-00000932,2025-02-13,,Active,24,10.0000,24,2027-02-03,Direct
933,389,19,SUB-00000933,2024-10-15,,Active,12,0.0000,12,2025-10-10,Direct
934,390,11,SUB-00000934,2025-03-09,,Active,5,2.5000,12,2026-03-04,Marketplace
935,390,3,SUB-00000935,2025-02-06,,Active,10,0.0000,36,2028-01-22,Partner
936,390,23,SUB-00000936,2025-02-06,,Active,24,2.5000,24,2027-01-27,Partner
937,391,19,SUB-00000937,2025-01-05,,Active,25,0.0000,24,2026-12-26,Partner
938,391,23,SUB-00000938,2024-10-26,,Active,9,10.0000,12,2025-10-21,Direct
939,392,17,SUB-00000939,2025-07-17,2025-11-28,Cancelled,4,2.5000,24,2027-07-07,Direct
940,392,5,SUB-00000940,2025-05-18,,Active,3,0.0000,36,2028-05-02,Partner
941,392,21,SUB-00000941,2025-05-18,,Active,3,12.5000,12,2026-05-13,Marketplace
942,392,10,SUB-00000942,2025-05-18,,Active,2,10.0000,36,2028-05-02,Marketplace
943,393,5,SUB-00000943,2025-06-12,,Active,1,0.0000,24,2027-06-02,Marketplace
944,394,13,SUB-00000944,2024-10-01,,Active,2,7.5000,12,2025-09-26,Marketplace
945,394,17,SUB-00000945,2025-06-30,,Active,3,12.5000,12,2026-06-25,Marketplace
946,394,9,SUB-00000946,2024-08-15,,Active,3,5.0000,24,2026-08-05,Direct
947,395,1,SUB-00000947,2025-07-09,,Active,3,10.0000,24,2027-06-29,Partner
948,395,18,SUB-00000948,2024-08-27,,Active,1,7.5000,24,2026-08-17,Marketplace
949,395,13,SUB-00000949,2025-06-13,,Paused,1,0.0000,36,2028-05-28,Partner
950,395,21,SUB-00000950,2024-04-22,,Active,1,12.5000,12,2025-04-17,Marketplace
951,396,14,SUB-00000951,2025-03-14,,Paused,23,2.5000,12,2026-03-09,Partner
952,396,6,SUB-00000952,2024-12-16,,Active,7,0.0000,24,2026-12-06,Partner
953,396,11,SUB-00000953,2024-12-16,,Active,19,5.0000,24,2026-12-06,Direct
954,396,23,SUB-00000954,2025-06-03,,Active,11,0.0000,24,2027-05-24,Partner
955,397,6,SUB-00000955,2024-11-07,,Active,5,12.5000,36,2027-10-23,Partner
956,397,1,SUB-00000956,2024-11-05,,Active,4,0.0000,36,2027-10-21,Partner
957,397,9,SUB-00000957,2025-07-12,,Active,4,10.0000,24,2027-07-02,Direct
958,397,17,SUB-00000958,2024-06-15,,Active,1,12.5000,36,2027-05-31,Direct
959,398,22,SUB-00000959,2025-08-03,,Active,5,0.0000,36,2028-07-18,Partner
960,398,14,SUB-00000960,2024-06-24,,Active,5,10.0000,24,2026-06-14,Partner
961,399,5,SUB-00000961,2024-01-31,,Active,2,0.0000,12,2025-01-25,Marketplace
962,399,22,SUB-00000962,2024-01-20,,Active,5,10.0000,12,2025-01-14,Partner
963,399,1,SUB-00000963,2025-09-23,,Active,1,7.5000,24,2027-09-13,Partner
964,400,19,SUB-00000964,2025-06-08,,Active,2,0.0000,36,2028-05-23,Marketplace
965,400,13,SUB-00000965,2025-07-05,,Active,1,10.0000,12,2026-06-30,Marketplace
966,401,24,SUB-00000966,2024-04-26,,Active,25,0.0000,24,2026-04-16,Direct
967,401,18,SUB-00000967,2024-04-05,2025-02-18,Cancelled,25,0.0000,24,2026-03-26,Direct
968,401,15,SUB-00000968,2024-11-01,,Active,1,0.0000,12,2025-10-27,Marketplace
969,401,3,SUB-00000969,2025-02-15,,Active,14,0.0000,12,2026-02-10,Marketplace
970,402,3,SUB-00000970,2024-01-20,,Active,19,7.5000,24,2026-01-09,Marketplace
971,402,14,SUB-00000971,2024-03-31,,Paused,19,0.0000,12,2025-03-26,Marketplace
972,402,11,SUB-00000972,2025-04-28,,Paused,2,0.0000,24,2027-04-18,Direct
973,403,21,SUB-00000973,2024-06-28,,Active,3,5.0000,24,2026-06-18,Partner
974,403,5,SUB-00000974,2024-09-16,,Active,4,0.0000,24,2026-09-06,Direct
975,404,21,SUB-00000975,2024-05-26,,Active,2,10.0000,24,2026-05-16,Marketplace
976,404,5,SUB-00000976,2025-04-14,,Active,3,12.5000,24,2027-04-04,Partner
977,405,1,SUB-00000977,2024-05-15,,Active,3,0.0000,24,2026-05-05,Partner
978,406,17,SUB-00000978,2025-05-22,,Active,3,5.0000,36,2028-05-06,Marketplace
979,406,9,SUB-00000979,2025-06-06,,Active,5,12.5000,36,2028-05-21,Partner
980,406,21,SUB-00000980,2025-05-22,,Active,2,10.0000,12,2026-05-17,Direct
981,407,11,SUB-00000981,2025-08-22,,Active,19,12.5000,12,2026-08-17,Marketplace
982,407,16,SUB-00000982,2024-07-09,,Active,14,0.0000,36,2027-06-24,Direct
983,407,22,SUB-00000983,2025-08-05,,Active,12,10.0000,36,2028-07-20,Marketplace
984,407,20,SUB-00000984,2025-09-09,,Active,25,12.5000,36,2028-08-24,Partner
985,408,12,SUB-00000985,2025-03-20,,Active,17,0.0000,12,2026-03-15,Direct
986,408,4,SUB-00000986,2024-12-01,,Active,25,0.0000,12,2025-11-26,Direct
987,408,8,SUB-00000987,2024-01-05,,Active,22,12.5000,12,2024-12-30,Partner
988,408,19,SUB-00000988,2024-08-20,,Active,19,0.0000,12,2025-08-15,Direct
989,409,10,SUB-00000989,2024-06-04,,Active,2,10.0000,36,2027-05-20,Marketplace
990,409,14,SUB-00000990,2024-06-12,,Active,5,5.0000,36,2027-05-28,Direct
991,409,2,SUB-00000991,2025-06-15,,Active,1,12.5000,12,2026-06-10,Partner
992,410,19,SUB-00000992,2025-09-27,,Active,25,0.0000,24,2027-09-17,Marketplace
993,410,24,SUB-00000993,2024-08-09,,Active,8,0.0000,12,2025-08-04,Partner
994,410,15,SUB-00000994,2025-08-08,,Active,25,5.0000,24,2027-07-29,Direct
995,410,6,SUB-00000995,2024-08-09,,Active,3,2.5000,36,2027-07-25,Partner
996,411,2,SUB-00000996,2025-05-23,,Active,1,12.5000,24,2027-05-13,Partner
997,411,21,SUB-00000997,2024-07-02,,Active,5,0.0000,12,2025-06-27,Marketplace
998,411,9,SUB-00000998,2025-04-15,,Active,3,5.0000,12,2026-04-10,Partner
999,412,10,SUB-00000999,2025-07-13,2026-05-11,Cancelled,5,2.5000,24,2027-07-03,Partner
1000,412,20,SUB-00001000,2025-07-13,,Active,16,0.0000,12,2026-07-08,Marketplace
1001,412,23,SUB-00001001,2025-07-13,,Active,12,0.0000,36,2028-06-27,Partner
1002,412,2,SUB-00001002,2025-09-11,,Active,1,7.5000,12,2026-09-06,Partner
1003,413,15,SUB-00001003,2024-09-23,,Active,22,7.5000,24,2026-09-13,Direct
1004,414,14,SUB-00001004,2024-01-03,,Active,1,5.0000,12,2024-12-28,Partner
1005,415,6,SUB-00001005,2025-09-10,,Active,18,0.0000,36,2028-08-25,Marketplace
1006,415,10,SUB-00001006,2025-07-12,,Active,18,10.0000,12,2026-07-07,Marketplace
1007,415,24,SUB-00001007,2025-07-12,2026-04-28,Cancelled,11,0.0000,36,2028-06-26,Marketplace
1008,416,21,SUB-00001008,2025-03-23,,Active,2,7.5000,36,2028-03-07,Marketplace
1009,416,5,SUB-00001009,2025-09-11,,Active,5,0.0000,24,2027-09-01,Partner
1010,416,1,SUB-00001010,2025-09-02,2026-01-30,Cancelled,5,0.0000,12,2026-08-28,Marketplace
1011,417,6,SUB-00001011,2025-04-24,,Active,5,5.0000,24,2027-04-14,Marketplace
1012,417,9,SUB-00001012,2025-04-24,,Active,5,10.0000,12,2026-04-19,Direct
1013,417,13,SUB-00001013,2025-04-24,,Active,1,12.5000,24,2027-04-14,Partner
1014,418,13,SUB-00001014,2025-07-26,,Active,2,2.5000,36,2028-07-10,Direct
1015,418,17,SUB-00001015,2025-07-26,,Active,5,5.0000,36,2028-07-10,Partner
1016,418,22,SUB-00001016,2025-07-26,,Active,5,10.0000,24,2027-07-16,Direct
1017,419,21,SUB-00001017,2025-01-28,,Active,2,7.5000,12,2026-01-23,Partner
1018,419,6,SUB-00001018,2025-02-01,,Active,1,10.0000,36,2028-01-17,Direct
1019,419,17,SUB-00001019,2024-01-09,2024-05-22,Cancelled,4,5.0000,24,2025-12-29,Direct
1020,420,17,SUB-00001020,2024-11-30,2025-06-29,Cancelled,1,0.0000,12,2025-11-25,Partner
1021,421,6,SUB-00001021,2024-07-23,,Active,23,7.5000,24,2026-07-13,Direct
1022,421,19,SUB-00001022,2024-02-12,,Active,2,0.0000,12,2025-02-06,Partner
1023,422,22,SUB-00001023,2024-11-25,,Active,5,0.0000,24,2026-11-15,Direct
1024,422,9,SUB-00001024,2024-12-03,,Active,1,0.0000,12,2025-11-28,Marketplace
1025,422,13,SUB-00001025,2025-06-26,,Active,3,7.5000,12,2026-06-21,Partner
1026,423,6,SUB-00001026,2024-06-11,,Active,23,10.0000,24,2026-06-01,Partner
1027,423,18,SUB-00001027,2024-06-11,,Paused,1,5.0000,24,2026-06-01,Partner
1028,423,23,SUB-00001028,2024-06-11,,Active,3,7.5000,12,2025-06-06,Marketplace
1029,423,2,SUB-00001029,2024-06-11,,Active,21,0.0000,12,2025-06-06,Partner
1030,424,3,SUB-00001030,2024-12-21,,Active,5,0.0000,36,2027-12-06,Partner
1031,424,22,SUB-00001031,2024-11-30,,Active,23,10.0000,24,2026-11-20,Partner
1032,424,7,SUB-00001032,2024-11-23,,Active,19,0.0000,36,2027-11-08,Partner
1033,424,19,SUB-00001033,2025-06-21,,Active,24,5.0000,36,2028-06-05,Marketplace
1034,425,13,SUB-00001034,2024-05-06,,Active,5,12.5000,36,2027-04-21,Partner
1035,425,17,SUB-00001035,2025-07-14,,Active,2,2.5000,12,2026-07-09,Marketplace
1036,425,10,SUB-00001036,2024-09-07,,Active,2,0.0000,12,2025-09-02,Direct
1037,425,1,SUB-00001037,2024-08-10,,Active,5,12.5000,12,2025-08-05,Direct
1038,426,11,SUB-00001038,2024-07-20,,Active,11,2.5000,12,2025-07-15,Direct
1039,426,24,SUB-00001039,2025-08-30,,Active,16,2.5000,36,2028-08-14,Marketplace
1040,427,21,SUB-00001040,2024-05-24,,Active,1,0.0000,12,2025-05-19,Partner
1041,427,14,SUB-00001041,2025-09-23,,Active,5,5.0000,12,2026-09-18,Partner
1042,428,21,SUB-00001042,2024-03-13,,Active,5,0.0000,36,2027-02-26,Marketplace
1043,428,9,SUB-00001043,2024-10-02,,Active,1,12.5000,36,2027-09-17,Partner
1044,429,7,SUB-00001044,2025-07-18,,Paused,13,5.0000,12,2026-07-13,Direct
1045,429,18,SUB-00001045,2025-01-10,,Active,7,2.5000,12,2026-01-05,Direct
1046,429,23,SUB-00001046,2025-02-15,,Paused,15,0.0000,24,2027-02-05,Direct
1047,429,11,SUB-00001047,2025-01-10,,Active,17,5.0000,24,2026-12-31,Direct
1048,430,23,SUB-00001048,2024-10-31,2025-10-09,Cancelled,9,0.0000,36,2027-10-16,Marketplace
1049,430,12,SUB-00001049,2025-06-02,,Active,12,0.0000,12,2026-05-28,Partner
1050,430,8,SUB-00001050,2025-02-18,,Active,12,10.0000,12,2026-02-13,Partner
1051,431,11,SUB-00001051,2024-11-18,,Active,4,2.5000,36,2027-11-03,Marketplace
1052,431,23,SUB-00001052,2025-07-08,,Active,3,5.0000,36,2028-06-22,Marketplace
1053,431,4,SUB-00001053,2025-08-26,,Active,11,0.0000,36,2028-08-10,Partner
1054,431,7,SUB-00001054,2025-03-02,,Active,24,2.5000,24,2027-02-20,Marketplace
1055,432,2,SUB-00001055,2025-03-05,,Active,5,0.0000,36,2028-02-18,Marketplace
1056,432,22,SUB-00001056,2025-03-05,,Active,1,0.0000,36,2028-02-18,Marketplace
1057,432,17,SUB-00001057,2025-03-05,,Active,5,5.0000,12,2026-02-28,Partner
1058,433,9,SUB-00001058,2025-03-29,,Active,4,0.0000,36,2028-03-13,Marketplace
1059,433,6,SUB-00001059,2025-03-29,,Active,4,0.0000,24,2027-03-19,Partner
1060,433,22,SUB-00001060,2025-06-18,,Active,2,5.0000,12,2026-06-13,Marketplace
1061,434,15,SUB-00001061,2024-04-30,,Active,15,5.0000,36,2027-04-15,Marketplace
1062,434,23,SUB-00001062,2024-09-04,,Active,15,0.0000,12,2025-08-30,Direct
1063,434,2,SUB-00001063,2025-08-10,,Active,5,0.0000,12,2026-08-05,Direct
1064,435,21,SUB-00001064,2025-06-02,,Active,5,10.0000,24,2027-05-23,Partner
1065,435,9,SUB-00001065,2024-07-16,,Active,1,0.0000,12,2025-07-11,Direct
1066,435,17,SUB-00001066,2025-06-27,,Active,1,10.0000,12,2026-06-22,Partner
1067,435,1,SUB-00001067,2024-07-16,,Active,5,12.5000,24,2026-07-06,Partner
1068,436,17,SUB-00001068,2025-02-20,,Paused,2,7.5000,36,2028-02-05,Partner
1069,437,6,SUB-00001069,2025-02-22,2025-10-22,Cancelled,3,0.0000,12,2026-02-17,Direct
1070,438,21,SUB-00001070,2024-02-19,,Active,1,5.0000,36,2027-02-03,Marketplace
1071,438,17,SUB-00001071,2025-03-19,2026-02-15,Cancelled,5,12.5000,36,2028-03-03,Marketplace
1072,438,10,SUB-00001072,2024-06-05,,Active,4,5.0000,36,2027-05-21,Marketplace
1073,438,5,SUB-00001073,2024-07-28,,Active,4,5.0000,24,2026-07-18,Marketplace
1074,439,17,SUB-00001074,2024-09-14,2025-06-03,Cancelled,5,0.0000,36,2027-08-30,Direct
1075,440,9,SUB-00001075,2024-11-19,,Active,2,0.0000,36,2027-11-04,Partner
1076,440,14,SUB-00001076,2025-06-17,,Active,4,2.5000,24,2027-06-07,Partner
1077,440,21,SUB-00001077,2025-04-15,,Active,3,7.5000,24,2027-04-05,Direct
1078,440,18,SUB-00001078,2024-11-19,,Active,1,0.0000,36,2027-11-04,Marketplace
1079,441,23,SUB-00001079,2025-06-10,,Active,8,2.5000,24,2027-05-31,Direct
1080,441,12,SUB-00001080,2025-07-15,,Active,6,12.5000,24,2027-07-05,Partner
1081,441,3,SUB-00001081,2025-03-30,,Active,6,2.5000,12,2026-03-25,Marketplace
1082,442,13,SUB-00001082,2025-07-07,,Active,4,7.5000,36,2028-06-21,Partner
1083,443,13,SUB-00001083,2024-06-05,,Active,2,12.5000,12,2025-05-31,Direct
1084,443,5,SUB-00001084,2024-06-24,,Active,1,0.0000,12,2025-06-19,Marketplace
1085,443,18,SUB-00001085,2025-07-09,,Active,5,5.0000,36,2028-06-23,Partner
1086,444,3,SUB-00001086,2025-04-04,,Active,19,0.0000,24,2027-03-25,Marketplace
1087,444,19,SUB-00001087,2025-04-04,,Active,3,7.5000,24,2027-03-25,Partner
1088,444,15,SUB-00001088,2025-06-06,,Active,6,10.0000,36,2028-05-21,Marketplace
1089,444,10,SUB-00001089,2025-04-04,2025-09-20,Cancelled,1,12.5000,36,2028-03-19,Partner
1090,445,21,SUB-00001090,2024-04-24,,Active,5,0.0000,12,2025-04-19,Marketplace
1091,446,7,SUB-00001091,2025-08-03,,Active,13,0.0000,36,2028-07-18,Marketplace
1092,446,3,SUB-00001092,2025-02-15,,Active,20,0.0000,24,2027-02-05,Direct
1093,446,14,SUB-00001093,2025-05-07,,Active,18,2.5000,12,2026-05-02,Direct
1094,447,24,SUB-00001094,2024-11-07,,Active,8,7.5000,36,2027-10-23,Direct
1095,447,19,SUB-00001095,2025-09-20,,Active,8,2.5000,24,2027-09-10,Partner
1096,447,14,SUB-00001096,2025-03-28,,Active,22,2.5000,12,2026-03-23,Direct
1097,448,22,SUB-00001097,2025-03-24,,Paused,5,0.0000,24,2027-03-14,Marketplace
1098,448,19,SUB-00001098,2025-03-24,,Active,10,7.5000,36,2028-03-08,Marketplace
1099,448,11,SUB-00001099,2025-03-24,,Active,21,0.0000,24,2027-03-14,Direct
1100,449,7,SUB-00001100,2025-02-14,,Active,4,0.0000,36,2028-01-30,Marketplace
1101,449,17,SUB-00001101,2025-09-24,,Active,2,2.5000,24,2027-09-14,Marketplace
1102,450,11,SUB-00001102,2025-06-11,,Active,16,5.0000,36,2028-05-26,Direct
1103,450,20,SUB-00001103,2025-06-11,2025-12-29,Cancelled,5,7.5000,12,2026-06-06,Partner
1104,450,2,SUB-00001104,2025-06-11,,Active,23,0.0000,36,2028-05-26,Marketplace
1105,451,18,SUB-00001105,2025-02-06,,Active,1,0.0000,36,2028-01-22,Marketplace
1106,451,10,SUB-00001106,2024-06-16,,Active,4,7.5000,12,2025-06-11,Direct
1107,452,17,SUB-00001107,2025-06-10,2026-05-04,Cancelled,2,5.0000,24,2027-05-31,Partner
1108,452,14,SUB-00001108,2025-06-10,,Active,5,7.5000,36,2028-05-25,Marketplace
1109,452,9,SUB-00001109,2025-09-16,,Active,3,0.0000,12,2026-09-11,Direct
1110,453,13,SUB-00001110,2025-08-01,2026-03-25,Cancelled,1,2.5000,36,2028-07-16,Partner
1111,453,18,SUB-00001111,2024-02-29,,Active,2,12.5000,36,2027-02-13,Partner
1112,454,17,SUB-00001112,2025-02-18,,Active,2,0.0000,24,2027-02-08,Direct
1113,454,1,SUB-00001113,2025-08-11,,Active,2,0.0000,36,2028-07-26,Marketplace
1114,454,22,SUB-00001114,2025-04-15,,Active,4,10.0000,12,2026-04-10,Partner
1115,455,6,SUB-00001115,2025-04-26,,Active,5,0.0000,12,2026-04-21,Direct
1116,456,1,SUB-00001116,2024-08-01,,Active,2,10.0000,36,2027-07-17,Partner
1117,456,5,SUB-00001117,2025-04-30,,Active,3,5.0000,24,2027-04-20,Partner
1118,457,5,SUB-00001118,2024-09-08,2025-05-11,Cancelled,4,7.5000,24,2026-08-29,Partner
1119,458,2,SUB-00001119,2025-07-16,,Active,13,2.5000,24,2027-07-06,Direct
1120,458,23,SUB-00001120,2025-02-16,,Active,6,12.5000,24,2027-02-06,Marketplace
1121,458,15,SUB-00001121,2025-09-14,2026-05-27,Cancelled,1,0.0000,12,2026-09-09,Marketplace
1122,459,10,SUB-00001122,2024-10-22,,Active,16,0.0000,36,2027-10-07,Direct
1123,459,23,SUB-00001123,2024-05-31,,Active,8,0.0000,24,2026-05-21,Partner
1124,459,4,SUB-00001124,2025-01-17,,Active,7,0.0000,36,2028-01-02,Partner
1125,460,17,SUB-00001125,2025-06-13,,Active,1,0.0000,24,2027-06-03,Marketplace
1126,461,9,SUB-00001126,2024-09-06,,Active,1,2.5000,24,2026-08-27,Direct
1127,462,21,SUB-00001127,2025-07-02,,Active,2,0.0000,24,2027-06-22,Partner
1128,462,5,SUB-00001128,2025-05-07,,Active,1,0.0000,24,2027-04-27,Partner
1129,462,2,SUB-00001129,2025-05-07,,Active,3,10.0000,36,2028-04-21,Partner
1130,463,13,SUB-00001130,2025-07-15,,Active,4,2.5000,36,2028-06-29,Direct
1131,463,10,SUB-00001131,2024-09-26,,Active,4,0.0000,12,2025-09-21,Direct
1132,464,10,SUB-00001132,2024-12-09,2025-08-23,Cancelled,5,0.0000,36,2027-11-24,Partner
1133,464,7,SUB-00001133,2024-01-28,,Paused,11,0.0000,24,2026-01-17,Partner
1134,465,3,SUB-00001134,2024-09-15,,Active,24,0.0000,24,2026-09-05,Direct
1135,465,6,SUB-00001135,2024-09-15,,Active,5,0.0000,24,2026-09-05,Marketplace
1136,465,14,SUB-00001136,2024-09-15,,Active,25,0.0000,12,2025-09-10,Direct
1137,466,6,SUB-00001137,2024-08-16,,Active,2,7.5000,36,2027-08-01,Direct
1138,467,8,SUB-00001138,2024-09-06,,Active,14,5.0000,36,2027-08-22,Partner
1139,467,22,SUB-00001139,2025-02-13,,Active,15,10.0000,24,2027-02-03,Direct
1140,467,18,SUB-00001140,2024-07-16,,Active,19,7.5000,24,2026-07-06,Direct
1141,467,15,SUB-00001141,2024-09-05,,Active,21,7.5000,24,2026-08-26,Direct
1142,468,3,SUB-00001142,2024-12-08,,Active,13,7.5000,36,2027-11-23,Partner
1143,468,19,SUB-00001143,2025-02-03,,Active,21,0.0000,12,2026-01-29,Marketplace
1144,468,8,SUB-00001144,2024-09-29,,Active,8,10.0000,24,2026-09-19,Marketplace
1145,468,15,SUB-00001145,2024-10-04,,Active,8,7.5000,24,2026-09-24,Direct
1146,469,23,SUB-00001146,2024-09-12,,Active,23,10.0000,12,2025-09-07,Partner
1147,469,4,SUB-00001147,2024-12-12,,Active,21,10.0000,24,2026-12-02,Direct
1148,469,16,SUB-00001148,2024-10-04,,Active,18,7.5000,12,2025-09-29,Marketplace
1149,469,12,SUB-00001149,2024-04-13,,Active,19,12.5000,24,2026-04-03,Marketplace
1150,470,13,SUB-00001150,2024-08-14,,Active,5,0.0000,24,2026-08-04,Direct
1151,470,17,SUB-00001151,2024-08-14,,Active,2,12.5000,12,2025-08-09,Direct
1152,471,1,SUB-00001152,2025-01-16,,Active,4,0.0000,24,2027-01-06,Marketplace
1153,471,22,SUB-00001153,2025-01-16,,Active,3,10.0000,12,2026-01-11,Direct
1154,471,17,SUB-00001154,2025-01-16,,Active,5,0.0000,24,2027-01-06,Partner
1155,471,10,SUB-00001155,2025-01-16,,Active,5,5.0000,12,2026-01-11,Direct
1156,472,20,SUB-00001156,2024-04-12,,Active,23,10.0000,36,2027-03-28,Marketplace
1157,472,23,SUB-00001157,2025-02-23,,Paused,22,2.5000,24,2027-02-13,Direct
1158,473,2,SUB-00001158,2025-02-02,,Active,19,0.0000,12,2026-01-28,Direct
1159,473,23,SUB-00001159,2025-09-08,,Paused,25,0.0000,24,2027-08-29,Direct
1160,473,10,SUB-00001160,2025-05-02,,Active,7,5.0000,36,2028-04-16,Marketplace
1161,474,1,SUB-00001161,2024-10-23,,Active,2,0.0000,12,2025-10-18,Direct
1162,475,16,SUB-00001162,2025-01-05,,Active,22,0.0000,24,2026-12-26,Direct
1163,475,2,SUB-00001163,2025-01-05,,Active,14,0.0000,36,2027-12-21,Partner
1164,475,8,SUB-00001164,2025-01-05,,Active,25,2.5000,24,2026-12-26,Partner
1165,476,2,SUB-00001165,2024-08-02,,Active,23,12.5000,24,2026-07-23,Marketplace
1166,476,24,SUB-00001166,2024-04-12,,Active,3,7.5000,12,2025-04-07,Partner
1167,476,18,SUB-00001167,2024-04-28,,Active,4,5.0000,12,2025-04-23,Direct
1168,477,6,SUB-00001168,2025-06-17,,Active,3,0.0000,36,2028-06-01,Direct
1169,477,15,SUB-00001169,2024-05-19,,Active,20,2.5000,24,2026-05-09,Partner
1170,478,14,SUB-00001170,2024-10-28,,Active,5,0.0000,24,2026-10-18,Direct
1171,478,22,SUB-00001171,2024-04-23,,Active,5,5.0000,36,2027-04-08,Direct
1172,478,9,SUB-00001172,2024-10-17,2025-05-16,Cancelled,1,7.5000,12,2025-10-12,Direct
1173,478,17,SUB-00001173,2024-07-08,2025-02-12,Cancelled,3,7.5000,24,2026-06-28,Direct
1174,479,21,SUB-00001174,2024-11-15,2025-08-18,Cancelled,3,12.5000,12,2025-11-10,Marketplace
1175,479,18,SUB-00001175,2025-07-09,,Active,5,7.5000,36,2028-06-23,Partner
1176,479,1,SUB-00001176,2024-02-19,,Active,3,10.0000,24,2026-02-08,Partner
1177,480,10,SUB-00001177,2025-01-07,,Active,2,12.5000,36,2027-12-23,Marketplace
1178,480,18,SUB-00001178,2025-02-17,,Active,3,0.0000,12,2026-02-12,Partner
1179,480,1,SUB-00001179,2024-07-23,,Active,3,0.0000,12,2025-07-18,Direct
1180,481,7,SUB-00001180,2025-03-22,,Active,1,0.0000,12,2026-03-17,Direct
1181,482,23,SUB-00001181,2024-10-05,,Active,1,12.5000,12,2025-09-30,Partner
1182,482,2,SUB-00001182,2024-12-25,,Active,18,0.0000,36,2027-12-10,Direct
1183,482,6,SUB-00001183,2025-07-02,,Active,17,2.5000,24,2027-06-22,Partner
1184,482,12,SUB-00001184,2024-01-02,,Active,18,5.0000,24,2025-12-22,Partner
1185,483,6,SUB-00001185,2024-12-21,2025-08-28,Cancelled,7,7.5000,36,2027-12-06,Partner
1186,484,2,SUB-00001186,2025-03-23,,Active,22,7.5000,24,2027-03-13,Partner
1187,484,23,SUB-00001187,2024-09-07,,Active,3,0.0000,12,2025-09-02,Partner
1188,485,8,SUB-00001188,2024-11-04,,Active,5,0.0000,12,2025-10-30,Marketplace
1189,486,13,SUB-00001189,2024-10-21,,Active,1,0.0000,36,2027-10-06,Direct
1190,486,1,SUB-00001190,2025-01-29,,Active,5,0.0000,12,2026-01-24,Marketplace
1191,486,11,SUB-00001191,2024-04-09,,Active,4,5.0000,12,2025-04-04,Direct
1192,487,12,SUB-00001192,2025-07-19,,Active,12,5.0000,24,2027-07-09,Marketplace
1193,487,8,SUB-00001193,2025-08-12,2026-06-12,Cancelled,20,10.0000,36,2028-07-27,Marketplace
1194,487,20,SUB-00001194,2024-07-28,,Active,1,10.0000,36,2027-07-13,Direct
1195,487,16,SUB-00001195,2025-04-15,,Active,12,12.5000,12,2026-04-10,Direct
1196,488,16,SUB-00001196,2024-10-14,,Active,10,0.0000,12,2025-10-09,Direct
1197,489,5,SUB-00001197,2025-05-05,,Active,5,10.0000,36,2028-04-19,Partner
1198,489,9,SUB-00001198,2024-11-26,,Active,2,0.0000,12,2025-11-21,Partner
1199,489,1,SUB-00001199,2024-10-07,,Active,1,7.5000,12,2025-10-02,Partner
1200,490,10,SUB-00001200,2025-07-01,,Active,5,0.0000,24,2027-06-21,Partner
1201,490,1,SUB-00001201,2024-11-11,,Active,2,2.5000,24,2026-11-01,Direct
1202,491,11,SUB-00001202,2024-12-28,,Active,18,0.0000,12,2025-12-23,Marketplace
1203,491,2,SUB-00001203,2024-12-28,,Active,23,0.0000,36,2027-12-13,Partner
1204,492,17,SUB-00001204,2025-03-19,2025-07-31,Cancelled,4,12.5000,12,2026-03-14,Marketplace
1205,492,10,SUB-00001205,2025-03-19,,Active,5,2.5000,36,2028-03-03,Partner
1206,493,1,SUB-00001206,2025-04-10,,Active,5,0.0000,12,2026-04-05,Partner
1207,494,13,SUB-00001207,2024-04-09,,Active,2,2.5000,36,2027-03-25,Direct
1208,494,21,SUB-00001208,2025-05-13,,Paused,1,0.0000,12,2026-05-08,Marketplace
1209,494,1,SUB-00001209,2025-01-20,,Active,3,12.5000,12,2026-01-15,Direct
1210,495,2,SUB-00001210,2025-04-05,,Active,5,2.5000,36,2028-03-20,Direct
1211,495,10,SUB-00001211,2024-08-27,,Active,15,12.5000,12,2025-08-22,Marketplace
1212,495,23,SUB-00001212,2024-10-23,,Active,15,0.0000,24,2026-10-13,Marketplace
1213,496,21,SUB-00001213,2025-09-21,,Active,4,12.5000,36,2028-09-05,Partner
1214,497,10,SUB-00001214,2024-06-30,,Active,4,0.0000,36,2027-06-15,Direct
1215,497,21,SUB-00001215,2024-03-29,,Active,1,10.0000,36,2027-03-14,Marketplace
1216,497,5,SUB-00001216,2024-05-15,2024-10-10,Cancelled,4,12.5000,12,2025-05-10,Marketplace
1217,497,13,SUB-00001217,2025-05-04,,Active,2,0.0000,36,2028-04-18,Direct
1218,498,2,SUB-00001218,2024-05-21,,Active,10,7.5000,24,2026-05-11,Partner
1219,498,6,SUB-00001219,2024-10-19,,Active,2,0.0000,12,2025-10-14,Marketplace
1220,498,14,SUB-00001220,2024-09-06,,Active,9,10.0000,36,2027-08-22,Partner
1221,498,19,SUB-00001221,2025-09-19,,Active,18,5.0000,12,2026-09-14,Direct
1222,499,15,SUB-00001222,2024-12-16,2025-09-06,Cancelled,7,0.0000,36,2027-12-01,Direct
1223,499,18,SUB-00001223,2024-12-27,,Active,6,10.0000,12,2025-12-22,Partner
1224,499,3,SUB-00001224,2024-05-27,,Active,12,2.5000,24,2026-05-17,Direct
1225,499,11,SUB-00001225,2025-01-30,,Active,17,12.5000,36,2028-01-15,Marketplace
1226,500,9,SUB-00001226,2025-08-14,,Active,1,5.0000,24,2027-08-04,Partner
1227,500,17,SUB-00001227,2025-08-15,,Active,4,7.5000,12,2026-08-10,Direct
1228,500,21,SUB-00001228,2024-11-16,,Active,2,2.5000,24,2026-11-06,Marketplace
1229,501,18,SUB-00001229,2024-08-08,,Active,2,0.0000,24,2026-07-29,Direct
1230,501,9,SUB-00001230,2024-05-29,,Active,4,12.5000,12,2025-05-24,Marketplace
1231,501,15,SUB-00001231,2024-12-19,,Active,2,7.5000,24,2026-12-09,Direct
1232,502,2,SUB-00001232,2024-07-27,,Active,1,5.0000,12,2025-07-22,Partner
1233,502,9,SUB-00001233,2025-03-31,,Active,1,5.0000,36,2028-03-15,Partner
1234,502,21,SUB-00001234,2025-03-31,,Active,2,0.0000,12,2026-03-26,Marketplace
1235,503,5,SUB-00001235,2024-06-10,,Active,5,5.0000,12,2025-06-05,Marketplace
1236,503,14,SUB-00001236,2025-07-10,,Active,4,12.5000,12,2026-07-05,Marketplace
1237,503,21,SUB-00001237,2025-05-25,,Active,2,10.0000,36,2028-05-09,Direct
1238,503,18,SUB-00001238,2024-10-19,,Active,1,7.5000,24,2026-10-09,Partner
1239,504,5,SUB-00001239,2024-05-29,,Active,1,2.5000,24,2026-05-19,Partner
1240,504,1,SUB-00001240,2024-04-20,,Active,3,0.0000,24,2026-04-10,Marketplace
1241,504,18,SUB-00001241,2024-09-18,2025-05-10,Cancelled,1,5.0000,36,2027-09-03,Direct
1242,505,1,SUB-00001242,2025-01-12,,Active,1,5.0000,24,2027-01-02,Marketplace
1243,506,11,SUB-00001243,2025-06-01,,Active,1,0.0000,12,2026-05-27,Partner
1244,506,15,SUB-00001244,2025-04-03,,Active,18,5.0000,12,2026-03-29,Direct
1245,507,8,SUB-00001245,2025-04-18,,Active,17,2.5000,36,2028-04-02,Partner
1246,508,17,SUB-00001246,2025-02-02,,Active,4,0.0000,24,2027-01-23,Direct
1247,509,10,SUB-00001247,2025-08-16,,Active,2,0.0000,36,2028-07-31,Partner
1248,509,1,SUB-00001248,2025-03-16,,Active,3,0.0000,36,2028-02-29,Marketplace
1249,509,13,SUB-00001249,2025-07-12,,Active,2,0.0000,24,2027-07-02,Partner
1250,509,5,SUB-00001250,2025-04-24,,Active,1,7.5000,36,2028-04-08,Marketplace
1251,510,20,SUB-00001251,2024-11-25,,Active,1,0.0000,12,2025-11-20,Marketplace
1252,510,6,SUB-00001252,2025-05-05,,Active,21,2.5000,24,2027-04-25,Partner
1253,510,2,SUB-00001253,2024-11-25,,Active,10,10.0000,24,2026-11-15,Direct
1254,511,6,SUB-00001254,2024-09-14,,Active,5,0.0000,36,2027-08-30,Marketplace
1255,511,19,SUB-00001255,2025-05-01,,Active,25,0.0000,24,2027-04-21,Direct
1256,512,21,SUB-00001256,2025-05-31,,Active,1,0.0000,24,2027-05-21,Partner
1257,512,2,SUB-00001257,2024-05-24,,Active,3,5.0000,36,2027-05-09,Partner
1258,512,13,SUB-00001258,2025-05-10,,Active,1,10.0000,36,2028-04-24,Direct
1259,513,9,SUB-00001259,2025-06-24,,Active,1,10.0000,24,2027-06-14,Marketplace
1260,513,14,SUB-00001260,2025-06-24,,Active,2,5.0000,12,2026-06-19,Direct
1261,513,7,SUB-00001261,2025-06-24,,Active,2,0.0000,36,2028-06-08,Marketplace
1262,513,21,SUB-00001262,2025-06-24,2026-02-14,Cancelled,4,2.5000,24,2027-06-14,Partner
1263,514,22,SUB-00001263,2025-08-23,,Active,1,0.0000,12,2026-08-18,Direct
1264,515,1,SUB-00001264,2024-02-01,2024-11-22,Cancelled,3,2.5000,36,2027-01-16,Marketplace
1265,516,18,SUB-00001265,2024-07-27,,Active,2,7.5000,12,2025-07-22,Partner
1266,516,2,SUB-00001266,2024-10-17,,Active,3,10.0000,36,2027-10-02,Direct
1267,516,23,SUB-00001267,2024-10-17,,Active,1,2.5000,36,2027-10-02,Direct
1268,517,15,SUB-00001268,2025-01-08,,Active,13,7.5000,12,2026-01-03,Partner
1269,517,19,SUB-00001269,2024-10-24,2025-02-08,Cancelled,23,0.0000,24,2026-10-14,Direct
1270,517,3,SUB-00001270,2024-11-07,,Active,11,0.0000,36,2027-10-23,Marketplace
1271,517,6,SUB-00001271,2024-10-24,,Active,21,2.5000,24,2026-10-14,Marketplace
1272,518,6,SUB-00001272,2024-11-23,,Active,4,2.5000,24,2026-11-13,Direct
1273,519,18,SUB-00001273,2024-02-23,,Active,1,12.5000,36,2027-02-07,Marketplace
1274,520,7,SUB-00001274,2025-06-23,,Active,23,5.0000,36,2028-06-07,Direct
1275,521,17,SUB-00001275,2025-07-08,,Active,3,2.5000,36,2028-06-22,Marketplace
1276,521,5,SUB-00001276,2025-07-08,,Active,1,0.0000,24,2027-06-28,Direct
1277,521,3,SUB-00001277,2025-07-08,,Active,3,12.5000,36,2028-06-22,Direct
1278,522,4,SUB-00001278,2024-02-07,,Active,22,2.5000,24,2026-01-27,Direct
1279,522,11,SUB-00001279,2025-09-11,,Active,5,0.0000,24,2027-09-01,Marketplace
1280,522,15,SUB-00001280,2025-03-08,,Active,24,7.5000,36,2028-02-21,Marketplace
1281,523,14,SUB-00001281,2025-03-13,,Active,4,12.5000,24,2027-03-03,Partner
1282,524,14,SUB-00001282,2024-08-29,,Active,3,0.0000,24,2026-08-19,Direct
1283,524,18,SUB-00001283,2025-02-15,,Active,4,10.0000,12,2026-02-10,Partner
1284,525,13,SUB-00001284,2025-02-10,,Active,3,0.0000,12,2026-02-05,Direct
1285,526,9,SUB-00001285,2025-08-02,,Active,5,12.5000,36,2028-07-17,Partner
1286,527,13,SUB-00001286,2024-10-30,,Active,5,7.5000,12,2025-10-25,Marketplace
1287,527,1,SUB-00001287,2024-10-24,,Active,4,7.5000,12,2025-10-19,Partner
1288,527,9,SUB-00001288,2025-08-27,,Active,1,12.5000,24,2027-08-17,Direct
1289,527,5,SUB-00001289,2024-02-27,,Active,5,0.0000,36,2027-02-11,Partner
1290,528,17,SUB-00001290,2025-04-02,,Active,4,0.0000,36,2028-03-17,Marketplace
1291,528,21,SUB-00001291,2024-07-19,,Active,2,7.5000,12,2025-07-14,Marketplace
1292,528,1,SUB-00001292,2025-05-20,,Active,1,10.0000,24,2027-05-10,Marketplace
1293,529,5,SUB-00001293,2025-01-26,,Active,5,0.0000,24,2027-01-16,Partner
1294,529,17,SUB-00001294,2025-01-26,,Active,2,10.0000,12,2026-01-21,Marketplace
1295,529,22,SUB-00001295,2025-01-26,,Active,3,0.0000,12,2026-01-21,Marketplace
1296,530,21,SUB-00001296,2024-10-10,,Active,5,7.5000,24,2026-09-30,Partner
1297,530,2,SUB-00001297,2025-01-24,,Active,3,5.0000,36,2028-01-09,Partner
1298,530,14,SUB-00001298,2024-04-15,,Active,5,10.0000,24,2026-04-05,Partner
1299,531,10,SUB-00001299,2025-07-29,,Active,3,10.0000,36,2028-07-13,Marketplace
1300,531,5,SUB-00001300,2025-03-20,,Active,2,0.0000,24,2027-03-10,Direct
1301,532,3,SUB-00001301,2025-06-04,,Active,21,10.0000,36,2028-05-19,Marketplace
1302,532,15,SUB-00001302,2025-02-01,,Active,11,0.0000,36,2028-01-17,Partner
1303,532,18,SUB-00001303,2025-02-01,,Paused,6,5.0000,24,2027-01-22,Partner
1304,532,7,SUB-00001304,2025-04-13,,Active,25,2.5000,12,2026-04-08,Marketplace
1305,533,22,SUB-00001305,2025-05-16,,Active,3,7.5000,12,2026-05-11,Marketplace
1306,534,14,SUB-00001306,2025-04-09,,Active,12,0.0000,24,2027-03-30,Marketplace
1307,535,11,SUB-00001307,2024-12-17,,Active,4,5.0000,12,2025-12-12,Direct
1308,535,18,SUB-00001308,2025-09-02,,Active,22,2.5000,24,2027-08-23,Direct
1309,536,3,SUB-00001309,2024-04-12,,Active,19,0.0000,12,2025-04-07,Partner
1310,536,16,SUB-00001310,2024-07-08,,Active,14,10.0000,24,2026-06-28,Direct
1311,536,7,SUB-00001311,2025-06-20,,Active,18,7.5000,24,2027-06-10,Partner
1312,536,22,SUB-00001312,2025-03-17,,Active,21,0.0000,12,2026-03-12,Marketplace
1313,537,22,SUB-00001313,2024-11-07,,Active,22,2.5000,24,2026-10-28,Marketplace
1314,537,7,SUB-00001314,2025-04-30,,Active,15,2.5000,12,2026-04-25,Direct
1315,538,2,SUB-00001315,2024-11-21,,Active,24,0.0000,24,2026-11-11,Partner
1316,538,18,SUB-00001316,2024-01-30,,Active,21,12.5000,36,2027-01-14,Partner
1317,538,22,SUB-00001317,2025-08-07,,Active,8,0.0000,12,2026-08-02,Direct
1318,538,8,SUB-00001318,2025-03-22,,Active,11,0.0000,36,2028-03-06,Marketplace
1319,539,6,SUB-00001319,2025-03-04,,Active,2,2.5000,24,2027-02-22,Partner
1320,539,14,SUB-00001320,2025-05-29,,Active,3,0.0000,24,2027-05-19,Direct
1321,539,21,SUB-00001321,2024-10-31,2025-04-13,Cancelled,5,0.0000,24,2026-10-21,Marketplace
1322,540,15,SUB-00001322,2025-01-05,,Active,20,0.0000,24,2026-12-26,Direct
1323,540,12,SUB-00001323,2024-09-21,,Active,23,2.5000,12,2025-09-16,Marketplace
1324,541,5,SUB-00001324,2024-06-09,,Active,5,12.5000,12,2025-06-04,Partner
1325,541,13,SUB-00001325,2024-06-09,,Active,4,0.0000,24,2026-05-30,Partner
1326,541,22,SUB-00001326,2024-08-06,,Active,2,0.0000,12,2025-08-01,Marketplace
1327,542,18,SUB-00001327,2024-06-08,,Active,4,0.0000,12,2025-06-03,Partner
1328,543,15,SUB-00001328,2024-12-28,,Active,22,12.5000,12,2025-12-23,Partner
1329,543,11,SUB-00001329,2025-09-01,,Active,12,2.5000,36,2028-08-16,Direct
1330,543,3,SUB-00001330,2024-12-28,,Active,24,2.5000,12,2025-12-23,Marketplace
1331,543,8,SUB-00001331,2024-12-28,,Active,20,7.5000,36,2027-12-13,Marketplace
1332,544,5,SUB-00001332,2025-01-08,2025-07-22,Cancelled,3,10.0000,24,2026-12-29,Marketplace
1333,544,14,SUB-00001333,2025-01-08,,Active,4,0.0000,36,2027-12-24,Direct
1334,544,21,SUB-00001334,2025-01-08,2025-09-15,Cancelled,1,2.5000,12,2026-01-03,Direct
1335,544,17,SUB-00001335,2025-01-08,,Active,5,0.0000,12,2026-01-03,Partner
1336,545,21,SUB-00001336,2024-03-19,,Active,4,2.5000,36,2027-03-04,Partner
1337,545,14,SUB-00001337,2024-09-08,,Paused,5,5.0000,36,2027-08-24,Marketplace
1338,546,1,SUB-00001338,2024-08-28,,Active,1,0.0000,24,2026-08-18,Partner
1339,546,18,SUB-00001339,2024-09-04,,Active,1,7.5000,24,2026-08-25,Direct
1340,546,13,SUB-00001340,2024-08-28,,Active,1,5.0000,12,2025-08-23,Marketplace
1341,546,9,SUB-00001341,2025-09-12,,Active,3,10.0000,24,2027-09-02,Direct
1342,547,5,SUB-00001342,2025-03-25,,Active,5,10.0000,24,2027-03-15,Direct
1343,547,18,SUB-00001343,2024-04-19,,Active,4,12.5000,12,2025-04-14,Marketplace
1344,548,16,SUB-00001344,2024-07-31,,Active,17,12.5000,24,2026-07-21,Marketplace
1345,548,7,SUB-00001345,2024-08-10,,Active,10,10.0000,36,2027-07-26,Direct
1346,549,5,SUB-00001346,2025-05-21,,Active,3,0.0000,24,2027-05-11,Direct
1347,549,14,SUB-00001347,2024-10-18,,Active,3,2.5000,36,2027-10-03,Direct
1348,549,9,SUB-00001348,2025-03-01,,Active,4,7.5000,24,2027-02-19,Partner
1349,550,5,SUB-00001349,2025-01-21,,Active,1,0.0000,36,2028-01-06,Partner
1350,550,17,SUB-00001350,2024-08-20,,Active,5,0.0000,36,2027-08-05,Marketplace
1351,550,11,SUB-00001351,2025-05-09,,Active,3,0.0000,12,2026-05-04,Direct
1352,550,22,SUB-00001352,2024-05-28,,Active,2,0.0000,36,2027-05-13,Marketplace
1353,551,2,SUB-00001353,2025-07-14,,Active,25,10.0000,36,2028-06-28,Marketplace
1354,551,18,SUB-00001354,2025-07-14,,Active,17,5.0000,36,2028-06-28,Marketplace
1355,552,18,SUB-00001355,2025-09-06,,Active,2,0.0000,12,2026-09-01,Partner
1356,552,9,SUB-00001356,2025-03-03,,Active,5,0.0000,24,2027-02-21,Direct
1357,552,13,SUB-00001357,2025-02-20,,Active,1,0.0000,12,2026-02-15,Marketplace
1358,552,5,SUB-00001358,2024-07-01,,Active,4,5.0000,36,2027-06-16,Marketplace
1359,553,1,SUB-00001359,2025-08-10,,Active,5,0.0000,12,2026-08-05,Partner
1360,553,5,SUB-00001360,2024-07-31,,Active,4,12.5000,36,2027-07-16,Partner
1361,553,9,SUB-00001361,2025-02-02,,Active,4,0.0000,12,2026-01-28,Direct
1362,553,17,SUB-00001362,2025-08-15,,Active,5,0.0000,12,2026-08-10,Direct
1363,554,22,SUB-00001363,2024-10-29,,Active,2,7.5000,24,2026-10-19,Marketplace
1364,554,5,SUB-00001364,2025-05-08,,Active,2,0.0000,24,2027-04-28,Partner
1365,554,18,SUB-00001365,2024-10-05,,Active,2,7.5000,12,2025-09-30,Marketplace
1366,554,10,SUB-00001366,2025-03-07,,Active,2,2.5000,12,2026-03-02,Partner
1367,555,5,SUB-00001367,2025-08-08,,Active,2,5.0000,36,2028-07-23,Partner
1368,556,1,SUB-00001368,2025-09-09,2026-08-05,Cancelled,5,10.0000,12,2026-09-04,Marketplace
1369,556,22,SUB-00001369,2025-03-14,,Active,5,12.5000,36,2028-02-27,Direct
1370,557,22,SUB-00001370,2025-07-05,,Active,2,7.5000,24,2027-06-25,Marketplace
1371,557,14,SUB-00001371,2025-07-05,2026-01-16,Cancelled,2,12.5000,12,2026-06-30,Direct
1372,557,18,SUB-00001372,2025-07-05,,Active,3,0.0000,12,2026-06-30,Marketplace
1373,558,21,SUB-00001373,2025-06-19,,Active,5,2.5000,36,2028-06-03,Direct
1374,558,5,SUB-00001374,2025-06-19,,Paused,5,0.0000,24,2027-06-09,Marketplace
1375,559,18,SUB-00001375,2024-10-04,,Active,6,5.0000,12,2025-09-29,Direct
1376,559,23,SUB-00001376,2024-11-11,,Active,3,0.0000,24,2026-11-01,Marketplace
1377,559,11,SUB-00001377,2025-03-02,2025-10-23,Cancelled,4,5.0000,24,2027-02-20,Partner
1378,560,6,SUB-00001378,2025-04-23,,Active,5,5.0000,12,2026-04-18,Partner
1379,560,24,SUB-00001379,2024-07-02,,Active,25,0.0000,24,2026-06-22,Direct
1380,560,15,SUB-00001380,2025-09-23,,Active,6,0.0000,24,2027-09-13,Marketplace
1381,561,15,SUB-00001381,2025-08-20,,Active,6,0.0000,36,2028-08-04,Marketplace
1382,561,4,SUB-00001382,2025-08-05,,Active,18,2.5000,24,2027-07-26,Marketplace
1383,562,8,SUB-00001383,2024-10-14,,Active,1,10.0000,36,2027-09-29,Partner
1384,563,15,SUB-00001384,2025-01-15,,Active,18,2.5000,12,2026-01-10,Direct
1385,563,2,SUB-00001385,2025-06-23,,Active,24,0.0000,24,2027-06-13,Marketplace
1386,564,6,SUB-00001386,2024-10-18,,Active,5,0.0000,12,2025-10-13,Marketplace
1387,564,13,SUB-00001387,2024-07-28,,Paused,3,0.0000,24,2026-07-18,Marketplace
1388,564,17,SUB-00001388,2025-05-06,,Active,4,10.0000,36,2028-04-20,Partner
1389,564,9,SUB-00001389,2025-02-18,2026-01-08,Cancelled,1,2.5000,24,2027-02-08,Direct
1390,565,10,SUB-00001390,2024-05-19,,Active,3,5.0000,36,2027-05-04,Marketplace
1391,566,16,SUB-00001391,2025-04-05,,Active,15,0.0000,36,2028-03-20,Partner
1392,566,20,SUB-00001392,2025-08-21,,Active,15,0.0000,12,2026-08-16,Direct
1393,566,23,SUB-00001393,2024-08-08,,Active,14,10.0000,24,2026-07-29,Marketplace
1394,566,4,SUB-00001394,2025-07-09,,Active,22,0.0000,36,2028-06-23,Partner
1395,567,6,SUB-00001395,2024-10-17,,Active,5,10.0000,36,2027-10-02,Marketplace
1396,567,13,SUB-00001396,2024-01-18,,Active,5,2.5000,36,2027-01-02,Partner
1397,567,17,SUB-00001397,2024-07-01,,Active,5,0.0000,36,2027-06-16,Partner
1398,567,2,SUB-00001398,2024-05-13,2024-12-12,Cancelled,5,7.5000,24,2026-05-03,Marketplace
1399,568,11,SUB-00001399,2025-06-10,,Active,8,5.0000,12,2026-06-05,Marketplace
1400,568,22,SUB-00001400,2024-02-23,,Active,12,2.5000,36,2027-02-07,Direct
1401,568,3,SUB-00001401,2024-05-24,,Active,11,0.0000,24,2026-05-14,Marketplace
1402,568,19,SUB-00001402,2025-05-30,,Active,23,12.5000,24,2027-05-20,Partner
1403,569,5,SUB-00001403,2025-01-31,,Active,2,10.0000,24,2027-01-21,Direct
1404,569,9,SUB-00001404,2025-09-01,,Active,4,2.5000,24,2027-08-22,Direct
1405,569,13,SUB-00001405,2025-01-19,,Active,4,0.0000,24,2027-01-09,Partner
1406,570,10,SUB-00001406,2024-12-31,,Active,4,0.0000,24,2026-12-21,Partner
1407,570,21,SUB-00001407,2024-11-16,2025-10-22,Cancelled,4,5.0000,36,2027-11-01,Partner
1408,571,21,SUB-00001408,2024-09-02,,Active,2,7.5000,24,2026-08-23,Direct
1409,571,1,SUB-00001409,2024-09-02,,Active,4,5.0000,24,2026-08-23,Direct
1410,571,17,SUB-00001410,2025-03-07,,Active,4,7.5000,24,2027-02-25,Direct
1411,572,7,SUB-00001411,2024-07-31,,Active,2,0.0000,12,2025-07-26,Marketplace
1412,572,20,SUB-00001412,2025-01-16,,Active,8,5.0000,24,2027-01-06,Marketplace
1413,572,23,SUB-00001413,2025-01-09,,Active,7,0.0000,12,2026-01-04,Partner
1414,573,3,SUB-00001414,2024-09-23,2025-01-31,Cancelled,1,0.0000,24,2026-09-13,Marketplace
1415,573,17,SUB-00001415,2024-08-08,,Active,5,10.0000,12,2025-08-03,Partner
1416,573,15,SUB-00001416,2025-05-29,,Active,3,10.0000,12,2026-05-24,Partner
1417,573,9,SUB-00001417,2025-04-04,,Active,4,12.5000,24,2027-03-25,Marketplace
1418,574,13,SUB-00001418,2025-05-23,,Active,1,7.5000,36,2028-05-07,Marketplace
1419,575,1,SUB-00001419,2025-06-23,,Active,2,2.5000,36,2028-06-07,Marketplace
1420,575,21,SUB-00001420,2025-04-26,,Active,1,7.5000,24,2027-04-16,Partner
1421,576,7,SUB-00001421,2024-06-08,,Active,7,0.0000,12,2025-06-03,Marketplace
1422,576,18,SUB-00001422,2024-11-10,,Active,19,0.0000,24,2026-10-31,Partner
1423,576,11,SUB-00001423,2024-09-24,,Active,5,0.0000,24,2026-09-14,Direct
1424,576,2,SUB-00001424,2024-04-26,,Active,24,2.5000,36,2027-04-11,Marketplace
1425,577,20,SUB-00001425,2025-02-20,,Active,16,12.5000,24,2027-02-10,Partner
1426,577,11,SUB-00001426,2024-03-19,,Paused,12,7.5000,36,2027-03-04,Direct
1427,577,3,SUB-00001427,2024-12-23,,Active,25,7.5000,12,2025-12-18,Marketplace
1428,577,23,SUB-00001428,2025-09-08,,Active,20,0.0000,24,2027-08-29,Marketplace
1429,578,6,SUB-00001429,2025-07-21,,Active,1,10.0000,24,2027-07-11,Partner
1430,578,9,SUB-00001430,2025-07-04,,Active,2,5.0000,12,2026-06-29,Marketplace
1431,578,2,SUB-00001431,2024-02-26,,Active,3,10.0000,12,2025-02-20,Direct
1432,579,10,SUB-00001432,2024-06-09,,Active,19,12.5000,12,2025-06-04,Marketplace
1433,579,7,SUB-00001433,2024-03-05,,Active,7,5.0000,36,2027-02-18,Direct
1434,579,4,SUB-00001434,2024-07-20,,Active,12,7.5000,12,2025-07-15,Direct
1435,580,4,SUB-00001435,2024-07-13,,Active,15,12.5000,12,2025-07-08,Marketplace
1436,581,20,SUB-00001436,2025-02-21,,Active,25,7.5000,24,2027-02-11,Partner
1437,582,7,SUB-00001437,2024-11-08,,Active,18,0.0000,24,2026-10-29,Marketplace
1438,582,23,SUB-00001438,2025-09-04,,Active,10,0.0000,24,2027-08-25,Marketplace
1439,582,20,SUB-00001439,2024-04-17,,Active,13,0.0000,36,2027-04-02,Direct
1440,582,2,SUB-00001440,2024-09-13,,Active,18,0.0000,12,2025-09-08,Partner
1441,583,11,SUB-00001441,2025-02-15,,Active,20,10.0000,12,2026-02-10,Direct
1442,583,19,SUB-00001442,2025-08-09,,Paused,12,2.5000,36,2028-07-24,Direct
1443,584,1,SUB-00001443,2025-04-11,,Active,4,5.0000,12,2026-04-06,Marketplace
1444,584,13,SUB-00001444,2025-04-11,,Active,5,7.5000,36,2028-03-26,Direct
1445,584,17,SUB-00001445,2025-06-08,2025-11-20,Cancelled,5,10.0000,36,2028-05-23,Direct
1446,585,5,SUB-00001446,2025-01-13,2025-10-13,Cancelled,3,12.5000,24,2027-01-03,Partner
1447,585,1,SUB-00001447,2025-08-16,,Active,5,7.5000,12,2026-08-11,Partner
1448,585,13,SUB-00001448,2025-01-13,,Active,3,10.0000,12,2026-01-08,Direct
1449,585,21,SUB-00001449,2025-06-04,,Active,3,10.0000,36,2028-05-19,Marketplace
1450,586,13,SUB-00001450,2025-03-29,,Paused,1,0.0000,12,2026-03-24,Marketplace
1451,586,2,SUB-00001451,2025-03-29,,Active,4,0.0000,24,2027-03-19,Marketplace
1452,587,10,SUB-00001452,2024-05-04,,Active,17,7.5000,36,2027-04-19,Marketplace
1453,588,9,SUB-00001453,2024-03-16,,Active,4,0.0000,36,2027-03-01,Partner
1454,588,21,SUB-00001454,2024-09-02,,Active,4,12.5000,36,2027-08-18,Direct
1455,589,6,SUB-00001455,2025-02-07,2025-09-15,Cancelled,5,10.0000,24,2027-01-28,Marketplace
1456,590,22,SUB-00001456,2025-07-06,,Active,5,0.0000,36,2028-06-20,Direct
1457,590,1,SUB-00001457,2025-07-06,,Active,1,10.0000,12,2026-07-01,Marketplace
1458,590,17,SUB-00001458,2025-07-06,,Active,5,10.0000,24,2027-06-26,Partner
1459,590,9,SUB-00001459,2025-07-06,,Active,5,12.5000,36,2028-06-20,Partner
1460,591,2,SUB-00001460,2025-05-04,,Active,23,7.5000,24,2027-04-24,Marketplace
1461,591,15,SUB-00001461,2025-07-04,,Active,22,0.0000,36,2028-06-18,Marketplace
1462,592,15,SUB-00001462,2025-03-30,,Active,1,12.5000,24,2027-03-20,Partner
1463,592,21,SUB-00001463,2025-02-20,,Active,3,10.0000,24,2027-02-10,Partner
1464,592,18,SUB-00001464,2025-06-26,,Active,1,0.0000,36,2028-06-10,Marketplace
1465,593,1,SUB-00001465,2024-10-08,,Active,1,7.5000,24,2026-09-28,Marketplace
1466,593,9,SUB-00001466,2024-10-14,,Active,5,2.5000,12,2025-10-09,Partner
1467,594,17,SUB-00001467,2025-06-16,,Active,1,0.0000,24,2027-06-06,Partner
1468,594,9,SUB-00001468,2025-07-20,2026-04-06,Cancelled,2,12.5000,12,2026-07-15,Marketplace
1469,595,13,SUB-00001469,2025-05-12,,Active,3,10.0000,12,2026-05-07,Direct
1470,595,17,SUB-00001470,2024-12-06,,Active,3,10.0000,36,2027-11-21,Marketplace
1471,596,24,SUB-00001471,2024-12-04,,Active,10,0.0000,24,2026-11-24,Direct
1472,596,16,SUB-00001472,2025-03-31,,Active,17,7.5000,36,2028-03-15,Marketplace
1473,597,10,SUB-00001473,2025-05-15,,Paused,16,12.5000,36,2028-04-29,Partner
1474,598,16,SUB-00001474,2024-07-05,,Active,12,10.0000,24,2026-06-25,Partner
1475,598,20,SUB-00001475,2024-01-03,,Active,1,12.5000,24,2025-12-23,Partner
1476,598,3,SUB-00001476,2025-04-12,,Active,19,5.0000,24,2027-04-02,Partner
1477,599,10,SUB-00001477,2024-11-19,,Active,5,0.0000,36,2027-11-04,Marketplace
1478,600,21,SUB-00001478,2025-08-07,,Active,3,10.0000,24,2027-07-28,Partner
1479,600,1,SUB-00001479,2025-01-05,,Active,2,5.0000,24,2026-12-26,Direct
1480,601,1,SUB-00001480,2024-12-10,,Active,2,0.0000,24,2026-11-30,Marketplace
1481,601,17,SUB-00001481,2025-02-18,,Active,3,2.5000,36,2028-02-03,Partner
1482,601,5,SUB-00001482,2024-02-18,,Active,3,12.5000,12,2025-02-12,Partner
1483,601,10,SUB-00001483,2024-03-14,,Active,2,0.0000,36,2027-02-27,Partner
1484,602,13,SUB-00001484,2025-04-03,,Active,4,5.0000,12,2026-03-29,Direct
1485,602,17,SUB-00001485,2025-04-03,,Active,2,7.5000,36,2028-03-18,Partner
1486,602,21,SUB-00001486,2025-09-04,,Active,5,0.0000,24,2027-08-25,Marketplace
1487,603,21,SUB-00001487,2025-02-18,,Active,3,12.5000,12,2026-02-13,Direct
1488,603,9,SUB-00001488,2025-02-18,,Active,1,5.0000,36,2028-02-03,Marketplace
1489,603,7,SUB-00001489,2025-02-18,,Active,5,7.5000,12,2026-02-13,Direct
1490,603,13,SUB-00001490,2025-02-18,,Paused,4,0.0000,36,2028-02-03,Direct
1491,604,9,SUB-00001491,2025-09-22,2026-01-10,Cancelled,1,12.5000,36,2028-09-06,Marketplace
1492,604,21,SUB-00001492,2024-10-03,2025-08-10,Cancelled,5,0.0000,36,2027-09-18,Marketplace
1493,604,17,SUB-00001493,2024-09-04,,Active,2,10.0000,12,2025-08-30,Partner
1494,604,1,SUB-00001494,2025-03-14,,Active,3,10.0000,24,2027-03-04,Direct
1495,605,19,SUB-00001495,2025-07-05,,Active,7,2.5000,12,2026-06-30,Partner
1496,605,4,SUB-00001496,2025-04-23,2026-03-18,Cancelled,10,0.0000,12,2026-04-18,Partner
1497,605,24,SUB-00001497,2025-04-23,,Active,23,10.0000,36,2028-04-07,Partner
1498,605,16,SUB-00001498,2025-04-23,,Active,22,0.0000,12,2026-04-18,Marketplace
1499,606,10,SUB-00001499,2025-03-23,,Active,1,0.0000,24,2027-03-13,Partner
1500,607,6,SUB-00001500,2025-04-27,,Active,1,0.0000,36,2028-04-11,Marketplace
1501,607,18,SUB-00001501,2025-08-20,,Active,2,2.5000,12,2026-08-15,Direct
1502,608,9,SUB-00001502,2025-06-17,,Active,4,0.0000,24,2027-06-07,Partner
1503,609,9,SUB-00001503,2025-03-22,,Active,2,7.5000,24,2027-03-12,Marketplace
1504,609,2,SUB-00001504,2025-03-22,,Active,5,7.5000,36,2028-03-06,Direct
1505,609,5,SUB-00001505,2025-03-22,2025-08-10,Cancelled,5,2.5000,12,2026-03-17,Partner
1506,610,15,SUB-00001506,2024-03-23,,Active,1,0.0000,24,2026-03-13,Partner
1507,610,7,SUB-00001507,2024-11-27,,Active,4,0.0000,24,2026-11-17,Partner
1508,610,2,SUB-00001508,2024-07-19,,Active,13,5.0000,12,2025-07-14,Partner
1509,610,20,SUB-00001509,2025-05-09,,Active,25,12.5000,24,2027-04-29,Partner
1510,611,14,SUB-00001510,2025-03-07,,Active,4,0.0000,36,2028-02-20,Direct
1511,611,21,SUB-00001511,2025-06-20,,Active,3,0.0000,36,2028-06-04,Marketplace
1512,612,6,SUB-00001512,2024-06-14,,Active,4,5.0000,24,2026-06-04,Marketplace
1513,612,21,SUB-00001513,2025-09-19,,Active,2,0.0000,12,2026-09-14,Partner
1514,612,18,SUB-00001514,2024-06-06,,Active,1,12.5000,12,2025-06-01,Marketplace
1515,612,13,SUB-00001515,2025-01-17,,Active,5,0.0000,36,2028-01-02,Marketplace
1516,613,9,SUB-00001516,2024-09-25,,Active,1,2.5000,12,2025-09-20,Marketplace
1517,613,14,SUB-00001517,2024-09-25,,Active,1,10.0000,24,2026-09-15,Marketplace
1518,613,18,SUB-00001518,2024-10-09,2025-05-05,Cancelled,2,7.5000,36,2027-09-24,Marketplace
1519,613,1,SUB-00001519,2025-09-28,,Active,4,2.5000,36,2028-09-12,Partner
1520,614,13,SUB-00001520,2025-08-10,,Active,1,0.0000,12,2026-08-05,Direct
1521,615,17,SUB-00001521,2024-09-07,,Active,5,12.5000,12,2025-09-02,Marketplace
1522,616,2,SUB-00001522,2025-05-19,,Active,1,2.5000,24,2027-05-09,Direct
1523,617,20,SUB-00001523,2024-11-15,,Active,23,10.0000,12,2025-11-10,Direct
1524,617,24,SUB-00001524,2024-11-15,,Active,7,2.5000,36,2027-10-31,Partner
1525,617,16,SUB-00001525,2025-02-17,,Active,2,0.0000,24,2027-02-07,Partner
1526,618,21,SUB-00001526,2024-08-26,,Active,2,0.0000,12,2025-08-21,Direct
1527,618,13,SUB-00001527,2024-12-07,,Active,3,0.0000,24,2026-11-27,Direct
1528,618,9,SUB-00001528,2025-03-25,,Active,5,0.0000,36,2028-03-09,Partner
1529,619,6,SUB-00001529,2025-08-01,,Active,19,7.5000,12,2026-07-27,Marketplace
1530,619,19,SUB-00001530,2025-08-01,,Active,19,12.5000,12,2026-07-27,Partner
1531,619,14,SUB-00001531,2025-08-01,,Active,19,12.5000,24,2027-07-22,Direct
1532,619,10,SUB-00001532,2025-08-01,,Active,1,2.5000,24,2027-07-22,Marketplace
1533,620,19,SUB-00001533,2024-12-23,,Active,13,0.0000,36,2027-12-08,Marketplace
1534,621,14,SUB-00001534,2025-07-15,2026-05-27,Cancelled,15,12.5000,24,2027-07-05,Partner
1535,621,7,SUB-00001535,2025-08-06,,Active,13,2.5000,36,2028-07-21,Partner
1536,621,3,SUB-00001536,2025-01-27,,Active,12,0.0000,12,2026-01-22,Direct
1537,621,11,SUB-00001537,2025-01-27,,Active,6,5.0000,24,2027-01-17,Direct
1538,622,2,SUB-00001538,2024-05-26,,Active,9,5.0000,12,2025-05-21,Partner
1539,622,18,SUB-00001539,2025-08-02,,Active,1,10.0000,24,2027-07-23,Marketplace
1540,623,16,SUB-00001540,2025-07-04,,Active,10,0.0000,24,2027-06-24,Direct
1541,623,4,SUB-00001541,2025-01-03,,Active,17,7.5000,24,2026-12-24,Partner
1542,623,8,SUB-00001542,2025-01-03,,Active,17,0.0000,36,2027-12-19,Partner
1543,624,17,SUB-00001543,2024-01-07,,Active,3,0.0000,24,2025-12-27,Partner
1544,624,21,SUB-00001544,2025-03-10,,Active,5,10.0000,36,2028-02-23,Direct
1545,625,7,SUB-00001545,2024-05-19,,Active,2,0.0000,12,2025-05-14,Marketplace
1546,625,20,SUB-00001546,2024-08-01,,Active,18,12.5000,36,2027-07-17,Marketplace
1547,626,5,SUB-00001547,2025-02-12,,Active,5,7.5000,24,2027-02-02,Partner
1548,626,21,SUB-00001548,2025-02-12,,Active,2,2.5000,24,2027-02-02,Direct
1549,626,17,SUB-00001549,2025-02-12,,Active,2,12.5000,12,2026-02-07,Partner
1550,626,1,SUB-00001550,2025-02-12,,Active,1,0.0000,36,2028-01-28,Marketplace
1551,627,1,SUB-00001551,2025-02-11,,Active,1,0.0000,24,2027-02-01,Partner
1552,627,13,SUB-00001552,2024-01-19,,Active,5,12.5000,12,2025-01-13,Partner
1553,627,21,SUB-00001553,2024-02-26,,Active,3,2.5000,24,2026-02-15,Direct
1554,627,5,SUB-00001554,2024-08-31,,Active,1,10.0000,36,2027-08-16,Direct
1555,628,18,SUB-00001555,2024-06-06,,Active,3,7.5000,12,2025-06-01,Marketplace
1556,629,4,SUB-00001556,2025-01-08,,Active,16,12.5000,12,2026-01-03,Marketplace
1557,630,2,SUB-00001557,2025-08-08,2026-01-24,Cancelled,18,7.5000,12,2026-08-03,Direct
1558,630,22,SUB-00001558,2025-04-05,,Active,7,12.5000,12,2026-03-31,Marketplace
1559,631,9,SUB-00001559,2025-07-02,,Active,1,0.0000,36,2028-06-16,Partner
1560,631,2,SUB-00001560,2025-01-01,,Paused,4,7.5000,36,2027-12-17,Partner
1561,631,13,SUB-00001561,2025-01-01,,Active,5,10.0000,36,2027-12-17,Direct
1562,632,18,SUB-00001562,2025-07-12,,Active,21,12.5000,12,2026-07-07,Marketplace
1563,632,15,SUB-00001563,2025-05-06,,Active,7,5.0000,12,2026-05-01,Direct
1564,632,23,SUB-00001564,2025-06-15,,Active,13,7.5000,24,2027-06-05,Partner
1565,632,2,SUB-00001565,2025-06-14,,Active,20,0.0000,36,2028-05-29,Direct
1566,633,22,SUB-00001566,2024-10-30,,Active,4,0.0000,12,2025-10-25,Marketplace
1567,633,1,SUB-00001567,2025-09-07,,Active,2,12.5000,12,2026-09-02,Partner
1568,633,17,SUB-00001568,2024-05-21,,Active,1,2.5000,12,2025-05-16,Partner
1569,634,21,SUB-00001569,2024-03-01,,Active,2,0.0000,12,2025-02-24,Marketplace
1570,634,5,SUB-00001570,2025-02-09,,Active,3,10.0000,24,2027-01-30,Marketplace
1571,635,19,SUB-00001571,2024-09-29,,Active,7,7.5000,12,2025-09-24,Marketplace
1572,636,5,SUB-00001572,2025-08-12,,Active,3,10.0000,36,2028-07-27,Marketplace
1573,636,17,SUB-00001573,2024-03-25,,Active,2,0.0000,24,2026-03-15,Partner
1574,636,22,SUB-00001574,2024-08-29,,Active,2,0.0000,24,2026-08-19,Marketplace
1575,637,13,SUB-00001575,2025-02-28,,Active,3,5.0000,24,2027-02-18,Direct
1576,638,11,SUB-00001576,2024-09-23,,Active,10,0.0000,36,2027-09-08,Marketplace
1577,638,22,SUB-00001577,2024-05-27,,Active,14,12.5000,36,2027-05-12,Partner
1578,638,7,SUB-00001578,2024-11-09,,Active,1,5.0000,12,2025-11-04,Partner
1579,638,19,SUB-00001579,2024-12-21,,Active,8,7.5000,12,2025-12-16,Partner
1580,639,6,SUB-00001580,2024-09-09,,Active,11,2.5000,12,2025-09-04,Marketplace
1581,639,3,SUB-00001581,2024-07-04,,Active,6,0.0000,12,2025-06-29,Partner
1582,640,8,SUB-00001582,2025-04-14,2025-11-07,Cancelled,12,0.0000,12,2026-04-09,Partner
1583,640,12,SUB-00001583,2025-04-04,,Active,16,0.0000,12,2026-03-30,Partner
1584,640,4,SUB-00001584,2025-08-24,,Active,9,0.0000,24,2027-08-14,Direct
1585,640,20,SUB-00001585,2025-04-04,2025-09-21,Cancelled,12,7.5000,24,2027-03-25,Direct
1586,641,13,SUB-00001586,2025-06-13,,Active,3,0.0000,12,2026-06-08,Partner
1587,641,22,SUB-00001587,2024-09-17,,Active,1,7.5000,12,2025-09-12,Marketplace
1588,642,14,SUB-00001588,2024-05-04,,Active,5,0.0000,24,2026-04-24,Partner
1589,642,1,SUB-00001589,2025-02-24,,Active,5,7.5000,12,2026-02-19,Marketplace
1590,642,5,SUB-00001590,2024-01-01,,Active,1,5.0000,24,2025-12-21,Direct
1591,642,21,SUB-00001591,2025-01-02,,Active,4,0.0000,36,2027-12-18,Partner
1592,643,2,SUB-00001592,2025-06-01,,Active,1,0.0000,12,2026-05-27,Direct
1593,643,6,SUB-00001593,2024-08-09,,Active,5,0.0000,36,2027-07-25,Marketplace
1594,644,13,SUB-00001594,2025-02-21,,Active,5,12.5000,36,2028-02-06,Marketplace
1595,644,21,SUB-00001595,2025-02-21,,Active,3,0.0000,24,2027-02-11,Marketplace
1596,645,16,SUB-00001596,2025-05-05,,Paused,5,12.5000,12,2026-04-30,Direct
1597,645,12,SUB-00001597,2025-04-03,,Active,12,10.0000,12,2026-03-29,Partner
1598,645,3,SUB-00001598,2025-06-30,2026-04-20,Cancelled,20,12.5000,12,2026-06-25,Marketplace
1599,645,8,SUB-00001599,2025-03-06,,Active,7,10.0000,24,2027-02-24,Partner
1600,646,18,SUB-00001600,2024-09-27,,Active,14,12.5000,24,2026-09-17,Partner
1601,647,2,SUB-00001601,2024-03-27,,Active,3,7.5000,24,2026-03-17,Partner
1602,648,20,SUB-00001602,2024-02-19,,Active,5,0.0000,36,2027-02-03,Marketplace
1603,648,14,SUB-00001603,2024-12-05,,Active,16,12.5000,12,2025-11-30,Direct
1604,649,14,SUB-00001604,2025-07-24,,Active,4,0.0000,24,2027-07-14,Partner
1605,650,1,SUB-00001605,2024-04-15,,Active,3,5.0000,12,2025-04-10,Partner
1606,650,13,SUB-00001606,2024-10-29,,Active,1,2.5000,36,2027-10-14,Marketplace
1607,650,10,SUB-00001607,2025-06-16,,Active,1,10.0000,36,2028-05-31,Direct
1608,651,17,SUB-00001608,2024-11-22,2025-03-07,Cancelled,5,0.0000,36,2027-11-07,Partner
1609,652,17,SUB-00001609,2024-08-19,,Active,3,0.0000,12,2025-08-14,Partner
1610,652,11,SUB-00001610,2024-10-04,,Active,5,12.5000,24,2026-09-24,Marketplace
1611,653,5,SUB-00001611,2024-05-28,,Active,4,0.0000,24,2026-05-18,Direct
1612,653,9,SUB-00001612,2024-08-17,2025-05-29,Cancelled,4,12.5000,24,2026-08-07,Direct
1613,654,17,SUB-00001613,2025-07-31,2026-03-12,Cancelled,1,0.0000,36,2028-07-15,Marketplace
1614,654,2,SUB-00001614,2025-02-26,,Active,1,0.0000,24,2027-02-16,Direct
1615,655,9,SUB-00001615,2025-05-12,,Active,4,2.5000,36,2028-04-26,Partner
1616,655,17,SUB-00001616,2025-09-18,,Active,3,5.0000,24,2027-09-08,Partner
1617,656,21,SUB-00001617,2025-07-22,,Active,4,2.5000,12,2026-07-17,Marketplace
1618,656,13,SUB-00001618,2025-05-03,,Active,1,0.0000,24,2027-04-23,Marketplace
1619,657,22,SUB-00001619,2025-08-24,,Active,5,2.5000,12,2026-08-19,Marketplace
1620,658,9,SUB-00001620,2025-04-10,,Active,1,0.0000,12,2026-04-05,Marketplace
1621,658,14,SUB-00001621,2025-01-22,,Active,3,12.5000,36,2028-01-07,Partner
1622,658,17,SUB-00001622,2024-03-05,,Active,1,2.5000,12,2025-02-28,Direct
1623,658,5,SUB-00001623,2024-01-10,,Active,2,0.0000,24,2025-12-30,Partner
1624,659,11,SUB-00001624,2024-11-15,2025-08-16,Cancelled,14,0.0000,24,2026-11-05,Marketplace
1625,660,2,SUB-00001625,2024-10-30,,Active,2,0.0000,36,2027-10-15,Direct
1626,660,17,SUB-00001626,2024-10-05,,Active,2,12.5000,24,2026-09-25,Partner
1627,660,6,SUB-00001627,2025-04-10,,Active,4,5.0000,36,2028-03-25,Partner
1628,661,18,SUB-00001628,2024-09-24,,Active,20,5.0000,36,2027-09-09,Direct
1629,661,10,SUB-00001629,2024-09-24,,Paused,6,10.0000,12,2025-09-19,Partner
1630,661,14,SUB-00001630,2025-05-15,,Active,2,0.0000,24,2027-05-05,Direct
1631,661,24,SUB-00001631,2024-12-06,,Active,11,2.5000,24,2026-11-26,Partner
1632,662,1,SUB-00001632,2024-11-01,,Active,4,5.0000,24,2026-10-22,Marketplace
1633,663,19,SUB-00001633,2025-02-03,2025-05-10,Cancelled,21,2.5000,36,2028-01-19,Partner
1634,663,15,SUB-00001634,2025-04-24,,Active,25,2.5000,12,2026-04-19,Marketplace
1635,663,7,SUB-00001635,2025-02-03,,Active,3,12.5000,12,2026-01-29,Direct
1636,663,3,SUB-00001636,2025-02-03,2025-06-20,Cancelled,9,5.0000,36,2028-01-19,Partner
1637,664,20,SUB-00001637,2025-05-27,,Active,22,5.0000,24,2027-05-17,Marketplace
1638,665,7,SUB-00001638,2024-08-22,,Active,1,2.5000,36,2027-08-07,Marketplace
1639,665,1,SUB-00001639,2024-11-14,,Active,2,10.0000,36,2027-10-30,Marketplace
1640,665,21,SUB-00001640,2024-04-24,,Active,4,2.5000,36,2027-04-09,Direct
1641,665,15,SUB-00001641,2024-06-07,,Active,2,2.5000,24,2026-05-28,Marketplace
1642,666,22,SUB-00001642,2025-02-16,,Active,4,12.5000,36,2028-02-01,Marketplace
1643,666,5,SUB-00001643,2025-02-16,,Active,4,10.0000,36,2028-02-01,Partner
1644,666,14,SUB-00001644,2025-02-16,,Active,2,7.5000,36,2028-02-01,Partner
1645,667,15,SUB-00001645,2024-05-31,2024-12-03,Cancelled,12,5.0000,24,2026-05-21,Partner
1646,667,4,SUB-00001646,2024-05-31,,Active,11,7.5000,24,2026-05-21,Partner
1647,668,12,SUB-00001647,2025-03-20,,Active,24,10.0000,24,2027-03-10,Partner
1648,669,10,SUB-00001648,2024-06-26,,Active,2,0.0000,36,2027-06-11,Direct
1649,669,3,SUB-00001649,2024-11-30,2025-04-05,Cancelled,19,12.5000,24,2026-11-20,Direct
1650,670,6,SUB-00001650,2024-12-02,2025-11-19,Cancelled,2,2.5000,12,2025-11-27,Marketplace
1651,670,22,SUB-00001651,2024-12-02,,Active,5,10.0000,36,2027-11-17,Partner
1652,670,1,SUB-00001652,2024-12-02,,Active,4,12.5000,24,2026-11-22,Marketplace
1653,671,9,SUB-00001653,2025-03-05,,Active,1,0.0000,12,2026-02-28,Direct
1654,671,21,SUB-00001654,2025-02-11,,Active,2,0.0000,24,2027-02-01,Direct
1655,672,19,SUB-00001655,2024-09-01,,Active,21,0.0000,24,2026-08-22,Partner
1656,672,3,SUB-00001656,2024-09-06,,Active,3,2.5000,12,2025-09-01,Marketplace
1657,673,24,SUB-00001657,2025-03-31,,Active,20,2.5000,24,2027-03-21,Partner
1658,673,7,SUB-00001658,2025-03-31,,Active,25,5.0000,24,2027-03-21,Partner
1659,674,22,SUB-00001659,2025-03-15,,Active,1,0.0000,36,2028-02-28,Direct
1660,674,1,SUB-00001660,2025-03-12,2026-03-03,Cancelled,1,7.5000,24,2027-03-02,Marketplace
1661,674,13,SUB-00001661,2024-12-22,,Active,1,10.0000,36,2027-12-07,Marketplace
1662,675,18,SUB-00001662,2024-08-26,,Active,2,0.0000,12,2025-08-21,Marketplace
1663,675,14,SUB-00001663,2024-08-26,,Active,4,10.0000,12,2025-08-21,Marketplace
1664,676,18,SUB-00001664,2024-10-31,,Paused,20,7.5000,12,2025-10-26,Partner
1665,677,19,SUB-00001665,2024-10-09,,Active,19,7.5000,36,2027-09-24,Partner
1666,677,10,SUB-00001666,2025-04-07,,Active,16,2.5000,24,2027-03-28,Partner
1667,677,8,SUB-00001667,2025-06-24,,Active,21,12.5000,24,2027-06-14,Partner
1668,677,22,SUB-00001668,2024-10-25,,Active,1,0.0000,36,2027-10-10,Marketplace
1669,678,22,SUB-00001669,2025-06-04,,Active,21,5.0000,36,2028-05-19,Marketplace
1670,679,3,SUB-00001670,2025-01-12,,Active,7,0.0000,24,2027-01-02,Direct
1671,679,15,SUB-00001671,2025-01-12,,Active,16,0.0000,36,2027-12-28,Direct
1672,680,5,SUB-00001672,2025-07-11,,Active,4,0.0000,24,2027-07-01,Partner
1673,681,10,SUB-00001673,2024-03-08,,Active,3,7.5000,12,2025-03-03,Direct
1674,681,14,SUB-00001674,2024-03-23,,Active,5,5.0000,12,2025-03-18,Marketplace
1675,681,5,SUB-00001675,2024-02-18,,Paused,4,0.0000,12,2025-02-12,Direct
1676,681,21,SUB-00001676,2025-06-25,2025-12-29,Cancelled,3,0.0000,12,2026-06-20,Marketplace
1677,682,5,SUB-00001677,2025-08-11,,Active,2,0.0000,12,2026-08-06,Marketplace
1678,682,9,SUB-00001678,2024-08-20,,Active,5,10.0000,24,2026-08-10,Marketplace
1679,682,1,SUB-00001679,2024-09-11,,Active,3,5.0000,12,2025-09-06,Direct
1680,683,9,SUB-00001680,2025-08-17,2026-04-11,Cancelled,3,7.5000,24,2027-08-07,Marketplace
1681,684,13,SUB-00001681,2025-02-20,,Active,2,0.0000,24,2027-02-10,Marketplace
1682,685,2,SUB-00001682,2024-11-21,,Active,14,10.0000,12,2025-11-16,Direct
1683,685,15,SUB-00001683,2024-06-15,,Active,8,0.0000,36,2027-05-31,Direct
1684,686,13,SUB-00001684,2025-05-20,,Active,3,0.0000,36,2028-05-04,Marketplace
1685,687,11,SUB-00001685,2024-07-22,,Active,3,0.0000,36,2027-07-07,Partner
1686,687,23,SUB-00001686,2025-03-21,,Active,18,0.0000,12,2026-03-16,Partner
1687,687,14,SUB-00001687,2025-06-28,2026-01-25,Cancelled,1,5.0000,36,2028-06-12,Partner
1688,688,2,SUB-00001688,2025-07-10,2026-03-15,Cancelled,2,0.0000,24,2027-06-30,Marketplace
1689,689,24,SUB-00001689,2024-10-29,,Active,6,0.0000,36,2027-10-14,Partner
1690,689,16,SUB-00001690,2024-11-24,,Active,3,0.0000,24,2026-11-14,Marketplace
1691,690,2,SUB-00001691,2024-11-08,,Active,4,5.0000,24,2026-10-29,Partner
1692,690,6,SUB-00001692,2025-02-02,,Active,3,12.5000,12,2026-01-28,Direct
1693,691,6,SUB-00001693,2025-05-13,,Active,5,10.0000,12,2026-05-08,Direct
1694,692,16,SUB-00001694,2025-03-19,,Active,17,2.5000,36,2028-03-03,Direct
1695,693,21,SUB-00001695,2024-09-09,,Active,4,0.0000,36,2027-08-25,Partner
1696,693,1,SUB-00001696,2024-08-13,,Active,5,7.5000,12,2025-08-08,Direct
1697,693,5,SUB-00001697,2025-07-13,,Active,4,10.0000,24,2027-07-03,Marketplace
1698,693,17,SUB-00001698,2024-01-05,,Active,5,5.0000,24,2025-12-25,Partner
1699,694,9,SUB-00001699,2024-10-10,,Active,4,0.0000,12,2025-10-05,Marketplace
1700,694,13,SUB-00001700,2024-08-25,,Active,5,0.0000,24,2026-08-15,Marketplace
1701,694,5,SUB-00001701,2024-12-15,,Active,5,7.5000,36,2027-11-30,Marketplace
1702,695,11,SUB-00001702,2025-06-02,,Active,22,12.5000,24,2027-05-23,Partner
1703,696,14,SUB-00001703,2025-05-03,,Active,3,0.0000,36,2028-04-17,Partner
1704,696,2,SUB-00001704,2025-03-29,,Active,4,12.5000,36,2028-03-13,Partner
1705,696,17,SUB-00001705,2024-07-03,,Active,5,2.5000,36,2027-06-18,Partner
1706,696,5,SUB-00001706,2025-05-28,,Active,2,10.0000,24,2027-05-18,Marketplace
1707,697,22,SUB-00001707,2024-09-15,,Active,5,10.0000,36,2027-08-31,Partner
1708,697,10,SUB-00001708,2024-12-04,,Active,9,0.0000,12,2025-11-29,Direct
1709,697,14,SUB-00001709,2025-05-08,2026-03-11,Cancelled,20,7.5000,24,2027-04-28,Direct
1710,698,12,SUB-00001710,2025-04-07,,Active,2,10.0000,12,2026-04-02,Direct
1711,698,20,SUB-00001711,2024-11-12,,Active,19,5.0000,24,2026-11-02,Partner
1712,699,18,SUB-00001712,2025-07-31,,Active,21,0.0000,12,2026-07-26,Partner
1713,699,11,SUB-00001713,2024-01-31,,Active,5,0.0000,24,2026-01-20,Direct
1714,699,4,SUB-00001714,2025-01-08,,Active,23,7.5000,24,2026-12-29,Direct
1715,699,15,SUB-00001715,2024-11-27,,Active,14,2.5000,24,2026-11-17,Marketplace
1716,700,13,SUB-00001716,2025-07-05,,Active,2,2.5000,36,2028-06-19,Marketplace
1717,700,21,SUB-00001717,2025-09-07,,Active,1,0.0000,12,2026-09-02,Marketplace
1718,700,17,SUB-00001718,2025-08-02,,Active,2,10.0000,24,2027-07-23,Marketplace
1719,701,6,SUB-00001719,2024-06-01,,Active,22,0.0000,36,2027-05-17,Partner
1720,702,15,SUB-00001720,2025-04-18,,Active,11,0.0000,12,2026-04-13,Direct
1721,703,10,SUB-00001721,2025-05-26,2026-04-04,Cancelled,20,12.5000,36,2028-05-10,Direct
1722,704,18,SUB-00001722,2024-07-17,,Active,8,0.0000,36,2027-07-02,Marketplace
1723,705,3,SUB-00001723,2025-02-05,,Active,6,0.0000,24,2027-01-26,Partner
1724,705,10,SUB-00001724,2025-06-07,,Active,9,0.0000,12,2026-06-02,Partner
1725,706,13,SUB-00001725,2025-07-08,,Active,5,0.0000,36,2028-06-22,Direct
1726,707,1,SUB-00001726,2025-03-24,,Active,3,5.0000,24,2027-03-14,Partner
1727,707,10,SUB-00001727,2025-03-24,,Active,4,0.0000,24,2027-03-14,Marketplace
1728,707,13,SUB-00001728,2025-03-24,,Active,4,12.5000,24,2027-03-14,Marketplace
1729,707,5,SUB-00001729,2025-03-28,,Active,3,10.0000,12,2026-03-23,Partner
1730,708,1,SUB-00001730,2024-05-25,,Active,2,5.0000,36,2027-05-10,Direct
1731,708,21,SUB-00001731,2024-05-30,,Active,4,5.0000,24,2026-05-20,Direct
1732,708,9,SUB-00001732,2025-05-19,,Active,1,7.5000,12,2026-05-14,Partner
1733,708,6,SUB-00001733,2024-03-17,,Active,4,5.0000,36,2027-03-02,Partner
1734,709,20,SUB-00001734,2025-06-20,,Active,25,5.0000,12,2026-06-15,Direct
1735,709,12,SUB-00001735,2025-03-24,,Active,3,0.0000,12,2026-03-19,Marketplace
1736,709,24,SUB-00001736,2025-03-24,,Paused,17,10.0000,36,2028-03-08,Partner
1737,710,13,SUB-00001737,2025-07-08,,Active,3,0.0000,36,2028-06-22,Partner
1738,711,23,SUB-00001738,2025-03-29,,Active,21,5.0000,36,2028-03-13,Partner
1739,711,3,SUB-00001739,2024-11-06,,Active,1,0.0000,12,2025-11-01,Marketplace
1740,712,17,SUB-00001740,2025-01-05,,Paused,1,0.0000,12,2025-12-31,Partner
1741,712,6,SUB-00001741,2024-08-23,,Active,1,0.0000,36,2027-08-08,Marketplace
1742,712,21,SUB-00001742,2024-10-02,,Active,3,2.5000,36,2027-09-17,Marketplace
1743,712,13,SUB-00001743,2024-11-12,,Active,2,10.0000,24,2026-11-02,Marketplace
1744,713,10,SUB-00001744,2024-03-26,,Active,2,12.5000,24,2026-03-16,Partner
1745,713,1,SUB-00001745,2024-07-11,,Active,5,2.5000,12,2025-07-06,Partner
1746,713,22,SUB-00001746,2025-06-30,,Active,1,7.5000,12,2026-06-25,Partner
1747,714,18,SUB-00001747,2024-12-31,,Active,4,0.0000,24,2026-12-21,Partner
1748,714,21,SUB-00001748,2024-12-31,,Active,5,10.0000,12,2025-12-26,Direct
1749,714,13,SUB-00001749,2024-12-31,,Active,5,10.0000,24,2026-12-21,Direct
1750,714,5,SUB-00001750,2024-12-31,,Active,1,0.0000,24,2026-12-21,Marketplace
1751,715,24,SUB-00001751,2024-10-13,,Active,17,7.5000,36,2027-09-28,Marketplace
1752,716,11,SUB-00001752,2025-08-13,,Active,2,12.5000,24,2027-08-03,Marketplace
1753,716,23,SUB-00001753,2024-01-09,,Active,14,5.0000,12,2025-01-03,Direct
1754,717,4,SUB-00001754,2024-12-08,,Active,19,12.5000,24,2026-11-28,Marketplace
1755,717,8,SUB-00001755,2024-11-15,,Active,24,5.0000,24,2026-11-05,Partner
1756,717,16,SUB-00001756,2025-08-20,,Active,16,5.0000,12,2026-08-15,Marketplace
1757,718,11,SUB-00001757,2025-03-16,,Active,5,0.0000,12,2026-03-11,Partner
1758,718,17,SUB-00001758,2025-04-01,,Active,5,12.5000,24,2027-03-22,Marketplace
1759,718,23,SUB-00001759,2024-12-04,,Active,4,5.0000,24,2026-11-24,Direct
1760,718,13,SUB-00001760,2024-05-19,,Active,2,10.0000,36,2027-05-04,Direct
1761,719,23,SUB-00001761,2025-04-09,,Active,5,2.5000,24,2027-03-30,Partner
1762,719,1,SUB-00001762,2024-06-05,,Active,3,12.5000,24,2026-05-26,Marketplace
1763,719,17,SUB-00001763,2024-05-01,,Active,4,0.0000,12,2025-04-26,Marketplace
1764,720,14,SUB-00001764,2025-03-26,,Active,5,0.0000,36,2028-03-10,Partner
1765,720,3,SUB-00001765,2025-03-26,,Active,3,2.5000,36,2028-03-10,Direct
1766,721,21,SUB-00001766,2025-05-18,,Active,2,5.0000,12,2026-05-13,Partner
1767,722,6,SUB-00001767,2024-03-05,,Active,5,0.0000,12,2025-02-28,Partner
1768,722,21,SUB-00001768,2024-02-18,,Active,3,7.5000,24,2026-02-07,Marketplace
1769,722,18,SUB-00001769,2024-08-25,,Active,3,0.0000,24,2026-08-15,Marketplace
1770,722,10,SUB-00001770,2024-05-22,,Active,5,10.0000,12,2025-05-17,Partner
1771,723,14,SUB-00001771,2025-08-26,,Active,2,0.0000,36,2028-08-10,Marketplace
1772,724,5,SUB-00001772,2024-02-15,2024-09-04,Cancelled,2,12.5000,12,2025-02-09,Direct
1773,724,10,SUB-00001773,2024-01-18,,Active,5,10.0000,12,2025-01-12,Partner
1774,724,21,SUB-00001774,2024-05-19,,Active,3,0.0000,24,2026-05-09,Partner
1775,725,3,SUB-00001775,2024-09-06,2025-08-09,Cancelled,15,2.5000,12,2025-09-01,Partner
1776,725,19,SUB-00001776,2024-07-05,,Active,9,7.5000,36,2027-06-20,Marketplace
1777,726,8,SUB-00001777,2024-07-24,,Active,15,12.5000,36,2027-07-09,Marketplace
1778,726,16,SUB-00001778,2024-12-04,,Active,19,12.5000,12,2025-11-29,Direct
1779,726,11,SUB-00001779,2024-07-24,,Active,15,0.0000,12,2025-07-19,Partner
1780,727,12,SUB-00001780,2024-12-16,,Active,20,2.5000,24,2026-12-06,Marketplace
1781,727,16,SUB-00001781,2024-05-19,,Active,18,0.0000,12,2025-05-14,Partner
1782,728,21,SUB-00001782,2025-04-16,,Active,3,10.0000,12,2026-04-11,Marketplace
1783,728,13,SUB-00001783,2025-05-26,,Active,2,0.0000,36,2028-05-10,Marketplace
1784,728,9,SUB-00001784,2025-07-01,,Active,1,10.0000,24,2027-06-21,Direct
1785,728,5,SUB-00001785,2025-08-19,,Active,2,10.0000,36,2028-08-03,Partner
1786,729,5,SUB-00001786,2024-03-01,,Active,2,2.5000,12,2025-02-24,Marketplace
1787,730,2,SUB-00001787,2025-01-19,,Active,4,0.0000,12,2026-01-14,Partner
1788,731,1,SUB-00001788,2025-01-09,,Active,2,7.5000,12,2026-01-04,Partner
1789,732,13,SUB-00001789,2024-06-18,,Active,3,10.0000,36,2027-06-03,Partner
1790,732,17,SUB-00001790,2025-08-18,,Active,4,7.5000,36,2028-08-02,Marketplace
1791,732,9,SUB-00001791,2024-05-22,,Active,4,0.0000,24,2026-05-12,Marketplace
1792,732,2,SUB-00001792,2024-11-03,,Active,3,0.0000,36,2027-10-19,Marketplace
1793,733,7,SUB-00001793,2025-01-10,,Active,15,0.0000,12,2026-01-05,Direct
1794,733,2,SUB-00001794,2025-09-16,,Active,12,12.5000,36,2028-08-31,Partner
1795,734,1,SUB-00001795,2024-07-21,,Active,3,12.5000,24,2026-07-11,Direct
1796,734,13,SUB-00001796,2024-07-21,,Active,2,0.0000,12,2025-07-16,Marketplace
1797,734,18,SUB-00001797,2024-07-21,,Active,4,2.5000,36,2027-07-06,Partner
1798,735,23,SUB-00001798,2024-03-31,,Active,22,0.0000,36,2027-03-16,Partner
1799,736,21,SUB-00001799,2024-01-28,,Active,3,0.0000,24,2026-01-17,Direct
1800,736,6,SUB-00001800,2024-11-28,,Active,5,0.0000,24,2026-11-18,Direct
1801,736,13,SUB-00001801,2025-05-29,,Active,2,10.0000,36,2028-05-13,Marketplace
1802,736,17,SUB-00001802,2025-03-01,,Active,2,0.0000,12,2026-02-24,Direct
1803,737,21,SUB-00001803,2024-07-27,,Active,1,5.0000,36,2027-07-12,Marketplace
1804,737,6,SUB-00001804,2025-09-24,,Active,5,0.0000,36,2028-09-08,Marketplace
1805,738,6,SUB-00001805,2024-07-18,,Active,5,0.0000,12,2025-07-13,Marketplace
1806,738,9,SUB-00001806,2024-11-24,,Active,2,0.0000,24,2026-11-14,Partner
1807,738,23,SUB-00001807,2025-05-15,,Active,1,12.5000,12,2026-05-10,Direct
1808,738,17,SUB-00001808,2025-07-15,,Active,5,12.5000,36,2028-06-29,Partner
1809,739,6,SUB-00001809,2024-07-29,2025-03-03,Cancelled,9,5.0000,12,2025-07-24,Marketplace
1810,740,9,SUB-00001810,2025-06-15,,Active,4,12.5000,24,2027-06-05,Partner
1811,740,18,SUB-00001811,2024-06-04,2025-03-14,Cancelled,2,0.0000,12,2025-05-30,Partner
1812,740,1,SUB-00001812,2024-04-05,,Active,1,7.5000,36,2027-03-21,Marketplace
1813,741,19,SUB-00001813,2025-09-18,,Active,4,10.0000,24,2027-09-08,Partner
1814,741,13,SUB-00001814,2025-09-03,,Active,2,2.5000,24,2027-08-24,Direct
1815,741,22,SUB-00001815,2024-04-20,,Active,1,0.0000,36,2027-04-05,Marketplace
1816,741,9,SUB-00001816,2024-02-19,,Active,2,5.0000,36,2027-02-03,Direct
1817,742,18,SUB-00001817,2025-05-17,,Active,5,2.5000,24,2027-05-07,Marketplace
1818,743,17,SUB-00001818,2025-05-19,,Active,3,0.0000,12,2026-05-14,Marketplace
1819,743,9,SUB-00001819,2024-11-19,,Active,5,10.0000,12,2025-11-14,Direct
1820,744,6,SUB-00001820,2025-03-14,,Active,5,12.5000,24,2027-03-04,Direct
1821,744,9,SUB-00001821,2024-10-06,2025-05-16,Cancelled,2,10.0000,36,2027-09-21,Partner
1822,745,13,SUB-00001822,2024-10-07,,Active,3,0.0000,36,2027-09-22,Partner
1823,745,1,SUB-00001823,2025-02-13,,Active,2,12.5000,12,2026-02-08,Partner
1824,745,17,SUB-00001824,2025-06-09,2025-10-29,Cancelled,1,5.0000,24,2027-05-30,Partner
1825,745,6,SUB-00001825,2025-07-11,,Active,4,0.0000,12,2026-07-06,Direct
1826,746,12,SUB-00001826,2025-01-30,,Active,3,0.0000,12,2026-01-25,Marketplace
1827,746,16,SUB-00001827,2024-12-15,,Active,12,5.0000,24,2026-12-05,Direct
1828,746,24,SUB-00001828,2025-06-02,,Active,8,12.5000,24,2027-05-23,Partner
1829,746,3,SUB-00001829,2024-10-24,,Active,9,7.5000,36,2027-10-09,Marketplace
1830,747,3,SUB-00001830,2024-08-24,,Active,14,0.0000,12,2025-08-19,Direct
1831,747,23,SUB-00001831,2025-01-20,,Active,5,0.0000,36,2028-01-05,Marketplace
1832,747,19,SUB-00001832,2025-06-27,,Active,2,7.5000,12,2026-06-22,Marketplace
1833,748,9,SUB-00001833,2024-01-31,,Active,3,0.0000,36,2027-01-15,Marketplace
1834,748,13,SUB-00001834,2024-01-20,,Active,3,5.0000,12,2025-01-14,Direct
1835,748,2,SUB-00001835,2024-01-16,,Active,5,7.5000,36,2026-12-31,Marketplace
1836,748,18,SUB-00001836,2024-07-04,,Active,5,10.0000,36,2027-06-19,Partner
1837,749,22,SUB-00001837,2024-12-28,,Active,17,0.0000,24,2026-12-18,Direct
1838,749,14,SUB-00001838,2024-09-21,,Active,10,7.5000,24,2026-09-11,Marketplace
1839,749,18,SUB-00001839,2024-09-21,,Active,9,12.5000,36,2027-09-06,Marketplace
1840,750,4,SUB-00001840,2024-07-10,2024-11-29,Cancelled,5,5.0000,24,2026-06-30,Marketplace
1841,751,1,SUB-00001841,2024-10-04,,Active,3,0.0000,36,2027-09-19,Marketplace
1842,751,14,SUB-00001842,2024-12-25,,Active,5,2.5000,12,2025-12-20,Marketplace
1843,751,17,SUB-00001843,2025-02-19,,Active,1,2.5000,36,2028-02-04,Direct
1844,752,9,SUB-00001844,2025-04-12,,Active,3,0.0000,36,2028-03-27,Marketplace
1845,752,2,SUB-00001845,2025-06-18,,Active,1,12.5000,36,2028-06-02,Marketplace
1846,753,2,SUB-00001846,2024-11-03,,Active,21,0.0000,24,2026-10-24,Direct
1847,754,9,SUB-00001847,2025-01-26,,Active,4,2.5000,12,2026-01-21,Marketplace
1848,754,6,SUB-00001848,2025-01-26,,Active,3,12.5000,24,2027-01-16,Partner
1849,755,22,SUB-00001849,2024-05-30,,Active,4,0.0000,24,2026-05-20,Direct
1850,756,15,SUB-00001850,2025-05-09,,Active,14,10.0000,36,2028-04-23,Partner
1851,757,21,SUB-00001851,2025-07-11,,Active,3,12.5000,36,2028-06-25,Direct
1852,758,2,SUB-00001852,2024-08-15,,Active,16,0.0000,12,2025-08-10,Marketplace
1853,758,7,SUB-00001853,2024-09-08,,Active,21,10.0000,24,2026-08-29,Marketplace
1854,758,15,SUB-00001854,2024-08-15,,Active,23,0.0000,24,2026-08-05,Marketplace
1855,758,20,SUB-00001855,2025-05-31,,Active,23,10.0000,24,2027-05-21,Partner
1856,759,17,SUB-00001856,2025-07-02,2026-05-31,Cancelled,3,5.0000,24,2027-06-22,Partner
1857,759,13,SUB-00001857,2025-07-02,,Active,5,0.0000,24,2027-06-22,Marketplace
1858,759,21,SUB-00001858,2025-07-02,,Active,1,2.5000,36,2028-06-16,Partner
1859,760,6,SUB-00001859,2025-03-23,,Active,2,0.0000,12,2026-03-18,Direct
1860,760,13,SUB-00001860,2024-12-27,,Active,4,2.5000,12,2025-12-22,Direct
1861,760,21,SUB-00001861,2024-12-27,,Active,1,10.0000,12,2025-12-22,Marketplace
1862,761,13,SUB-00001862,2025-03-15,,Active,3,2.5000,36,2028-02-28,Partner
1863,761,2,SUB-00001863,2025-03-15,,Active,4,2.5000,12,2026-03-10,Direct
1864,761,9,SUB-00001864,2025-03-15,,Active,4,0.0000,12,2026-03-10,Marketplace
1865,762,21,SUB-00001865,2024-07-13,,Active,1,0.0000,12,2025-07-08,Direct
1866,762,2,SUB-00001866,2024-07-13,,Active,2,5.0000,36,2027-06-28,Direct
1867,763,6,SUB-00001867,2025-05-07,,Active,1,2.5000,12,2026-05-02,Marketplace
1868,763,9,SUB-00001868,2025-05-07,,Active,1,5.0000,36,2028-04-21,Partner
1869,764,24,SUB-00001869,2025-05-13,,Active,13,0.0000,24,2027-05-03,Marketplace
1870,764,12,SUB-00001870,2025-05-13,,Active,4,7.5000,24,2027-05-03,Partner
1871,765,13,SUB-00001871,2024-10-23,,Active,4,2.5000,12,2025-10-18,Marketplace
1872,765,23,SUB-00001872,2025-06-26,,Active,2,2.5000,24,2027-06-16,Marketplace
1873,766,21,SUB-00001873,2025-06-14,,Active,3,0.0000,12,2026-06-09,Direct
1874,767,18,SUB-00001874,2025-03-06,,Active,22,0.0000,24,2027-02-24,Direct
1875,767,14,SUB-00001875,2025-06-20,,Active,13,12.5000,24,2027-06-10,Direct
1876,768,9,SUB-00001876,2025-08-04,,Active,2,7.5000,36,2028-07-19,Marketplace
1877,768,5,SUB-00001877,2025-06-24,,Active,4,10.0000,24,2027-06-14,Direct
1878,768,21,SUB-00001878,2024-11-13,,Active,4,2.5000,36,2027-10-29,Marketplace
1879,769,1,SUB-00001879,2025-06-17,,Active,3,10.0000,36,2028-06-01,Partner
1880,769,9,SUB-00001880,2025-06-17,2026-05-24,Cancelled,2,0.0000,24,2027-06-07,Direct
1881,769,13,SUB-00001881,2025-06-17,,Active,2,7.5000,12,2026-06-12,Marketplace
1882,770,24,SUB-00001882,2024-07-09,,Active,17,12.5000,12,2025-07-04,Partner
1883,770,16,SUB-00001883,2025-02-04,,Active,2,0.0000,12,2026-01-30,Partner
1884,770,4,SUB-00001884,2025-03-28,,Active,14,5.0000,12,2026-03-23,Partner
1885,770,20,SUB-00001885,2025-04-25,,Active,9,0.0000,36,2028-04-09,Partner
1886,771,18,SUB-00001886,2024-07-21,,Active,3,0.0000,24,2026-07-11,Direct
1887,771,9,SUB-00001887,2025-03-04,,Active,3,12.5000,24,2027-02-22,Direct
1888,771,2,SUB-00001888,2024-11-29,,Active,3,10.0000,12,2025-11-24,Partner
1889,771,13,SUB-00001889,2025-07-09,,Active,5,2.5000,24,2027-06-29,Partner
1890,772,1,SUB-00001890,2025-09-12,,Active,5,0.0000,24,2027-09-02,Partner
1891,772,9,SUB-00001891,2024-09-02,,Active,5,10.0000,12,2025-08-28,Partner
1892,772,17,SUB-00001892,2024-08-15,,Active,3,10.0000,24,2026-08-05,Marketplace
1893,773,1,SUB-00001893,2024-12-30,2025-07-28,Cancelled,5,12.5000,24,2026-12-20,Direct
1894,773,9,SUB-00001894,2024-12-04,,Active,4,0.0000,24,2026-11-24,Partner
1895,773,21,SUB-00001895,2025-02-16,,Active,5,0.0000,24,2027-02-06,Marketplace
1896,774,4,SUB-00001896,2025-03-07,,Active,19,10.0000,12,2026-03-02,Marketplace
1897,775,23,SUB-00001897,2025-05-29,,Active,5,0.0000,36,2028-05-13,Direct
1898,775,10,SUB-00001898,2025-06-17,,Active,2,10.0000,36,2028-06-01,Marketplace
1899,775,2,SUB-00001899,2024-08-16,,Active,1,0.0000,36,2027-08-01,Marketplace
1900,776,19,SUB-00001900,2024-01-12,,Active,3,0.0000,12,2025-01-06,Partner
1901,776,23,SUB-00001901,2024-04-04,,Active,21,0.0000,24,2026-03-25,Marketplace
1902,776,6,SUB-00001902,2025-02-14,,Active,12,7.5000,36,2028-01-30,Direct
1903,777,19,SUB-00001903,2025-02-25,,Active,22,12.5000,36,2028-02-10,Direct
1904,778,17,SUB-00001904,2024-08-29,,Active,5,7.5000,36,2027-08-14,Direct
1905,778,21,SUB-00001905,2025-03-08,,Active,2,0.0000,12,2026-03-03,Direct
1906,778,6,SUB-00001906,2024-08-29,,Active,3,0.0000,12,2025-08-24,Marketplace
1907,778,13,SUB-00001907,2024-08-29,,Active,3,10.0000,24,2026-08-19,Direct
1908,779,15,SUB-00001908,2024-10-14,,Active,6,10.0000,12,2025-10-09,Marketplace
1909,779,3,SUB-00001909,2025-02-01,,Active,3,10.0000,36,2028-01-17,Partner
1910,779,8,SUB-00001910,2024-10-14,,Active,3,0.0000,36,2027-09-29,Direct
1911,779,24,SUB-00001911,2025-09-21,,Active,6,7.5000,36,2028-09-05,Partner
1912,780,13,SUB-00001912,2024-06-03,,Active,3,10.0000,12,2025-05-29,Marketplace
1913,780,2,SUB-00001913,2025-08-19,,Active,4,0.0000,36,2028-08-03,Partner
1914,780,5,SUB-00001914,2024-03-07,,Active,4,0.0000,12,2025-03-02,Marketplace
1915,780,21,SUB-00001915,2025-07-24,,Active,4,0.0000,12,2026-07-19,Marketplace
1916,781,11,SUB-00001916,2025-02-25,,Active,19,7.5000,36,2028-02-10,Partner
1917,782,13,SUB-00001917,2024-09-10,,Active,3,0.0000,36,2027-08-26,Partner
1918,782,10,SUB-00001918,2024-12-14,,Active,5,7.5000,24,2026-12-04,Marketplace
1919,782,6,SUB-00001919,2025-09-14,2026-02-24,Cancelled,5,0.0000,24,2027-09-04,Partner
1920,783,13,SUB-00001920,2025-03-10,,Active,5,5.0000,24,2027-02-28,Partner
1921,783,21,SUB-00001921,2025-03-10,2025-12-25,Cancelled,3,12.5000,12,2026-03-05,Direct
1922,783,1,SUB-00001922,2025-04-25,,Active,5,7.5000,24,2027-04-15,Marketplace
1923,784,6,SUB-00001923,2025-09-15,,Active,25,10.0000,24,2027-09-05,Partner
1924,785,14,SUB-00001924,2025-06-14,,Active,3,10.0000,12,2026-06-09,Marketplace
1925,785,17,SUB-00001925,2025-06-14,,Active,4,12.5000,12,2026-06-09,Marketplace
1926,786,13,SUB-00001926,2024-05-15,,Active,3,0.0000,12,2025-05-10,Partner
1927,786,5,SUB-00001927,2024-12-15,,Paused,5,7.5000,36,2027-11-30,Marketplace
1928,786,22,SUB-00001928,2024-03-05,,Active,1,7.5000,24,2026-02-23,Direct
1929,787,11,SUB-00001929,2024-07-22,,Active,9,7.5000,12,2025-07-17,Partner
1930,788,9,SUB-00001930,2024-06-01,,Active,1,0.0000,12,2025-05-27,Marketplace
1931,789,10,SUB-00001931,2024-08-19,,Active,1,5.0000,36,2027-08-04,Direct
1932,790,21,SUB-00001932,2025-04-21,,Active,3,0.0000,24,2027-04-11,Direct
1933,790,17,SUB-00001933,2024-05-30,,Active,5,0.0000,12,2025-05-25,Marketplace
1934,790,13,SUB-00001934,2024-06-03,,Active,4,10.0000,24,2026-05-24,Direct
1935,790,6,SUB-00001935,2024-10-16,,Active,3,0.0000,24,2026-10-06,Direct
1936,791,10,SUB-00001936,2025-03-01,,Active,2,7.5000,36,2028-02-14,Direct
1937,791,21,SUB-00001937,2025-03-01,2025-10-04,Cancelled,3,7.5000,24,2027-02-19,Partner
1938,791,17,SUB-00001938,2025-03-01,,Active,4,10.0000,12,2026-02-24,Partner
1939,791,14,SUB-00001939,2025-03-01,,Active,3,12.5000,36,2028-02-14,Direct
1940,792,5,SUB-00001940,2024-03-14,,Active,4,7.5000,36,2027-02-27,Marketplace
1941,792,17,SUB-00001941,2024-05-11,,Paused,3,0.0000,12,2025-05-06,Partner
1942,793,3,SUB-00001942,2025-01-31,,Active,5,10.0000,12,2026-01-26,Partner
1943,793,16,SUB-00001943,2024-07-28,2025-06-28,Cancelled,4,0.0000,12,2025-07-23,Marketplace
1944,793,12,SUB-00001944,2024-10-10,,Active,14,12.5000,36,2027-09-25,Direct
1945,794,21,SUB-00001945,2025-05-22,,Active,4,7.5000,12,2026-05-17,Marketplace
1946,795,22,SUB-00001946,2024-03-11,,Active,4,10.0000,36,2027-02-24,Direct
1947,795,10,SUB-00001947,2025-08-09,,Active,2,12.5000,36,2028-07-24,Partner
1948,795,19,SUB-00001948,2024-10-22,,Active,2,2.5000,36,2027-10-07,Direct
1949,796,9,SUB-00001949,2025-08-08,,Active,3,12.5000,12,2026-08-03,Direct
1950,796,18,SUB-00001950,2025-08-08,,Active,4,5.0000,24,2027-07-29,Direct
1951,797,14,SUB-00001951,2024-12-27,2025-11-12,Cancelled,13,0.0000,24,2026-12-17,Direct
1952,797,3,SUB-00001952,2024-07-04,,Active,19,2.5000,36,2027-06-19,Marketplace
1953,797,23,SUB-00001953,2025-07-22,,Active,9,2.5000,24,2027-07-12,Marketplace
1954,797,18,SUB-00001954,2025-01-03,,Active,19,0.0000,36,2027-12-19,Marketplace
1955,798,4,SUB-00001955,2024-10-06,,Active,6,2.5000,36,2027-09-21,Partner
1956,799,18,SUB-00001956,2025-07-29,,Active,10,10.0000,12,2026-07-24,Partner
1957,799,2,SUB-00001957,2024-01-30,,Active,22,0.0000,24,2026-01-19,Partner
1958,799,11,SUB-00001958,2025-01-20,,Active,3,10.0000,24,2027-01-10,Marketplace
1959,800,19,SUB-00001959,2025-02-18,2025-09-22,Cancelled,16,2.5000,12,2026-02-13,Direct
1960,800,14,SUB-00001960,2025-02-18,,Active,15,10.0000,36,2028-02-03,Marketplace
1961,800,7,SUB-00001961,2025-02-18,,Active,25,5.0000,36,2028-02-03,Direct
1962,801,18,SUB-00001962,2024-12-20,,Active,1,5.0000,12,2025-12-15,Direct
1963,801,7,SUB-00001963,2024-07-24,,Active,16,10.0000,36,2027-07-09,Direct
1964,801,2,SUB-00001964,2024-03-17,,Active,10,0.0000,12,2025-03-12,Partner
1965,801,14,SUB-00001965,2024-09-14,,Active,9,0.0000,24,2026-09-04,Direct
1966,802,3,SUB-00001966,2025-04-26,,Active,1,5.0000,24,2027-04-16,Marketplace
1967,803,20,SUB-00001967,2024-01-28,,Active,13,12.5000,24,2026-01-17,Marketplace
1968,804,17,SUB-00001968,2025-02-07,2025-08-08,Cancelled,2,12.5000,12,2026-02-02,Direct
1969,804,1,SUB-00001969,2025-01-07,,Active,4,0.0000,36,2027-12-23,Partner
1970,805,21,SUB-00001970,2025-01-07,,Active,2,0.0000,24,2026-12-28,Partner
1971,805,9,SUB-00001971,2024-11-11,,Active,4,12.5000,36,2027-10-27,Direct
1972,805,1,SUB-00001972,2025-08-23,,Active,5,10.0000,24,2027-08-13,Direct
1973,806,24,SUB-00001973,2025-09-11,,Active,13,12.5000,24,2027-09-01,Marketplace
1974,807,14,SUB-00001974,2024-10-07,,Active,4,2.5000,24,2026-09-27,Direct
1975,807,9,SUB-00001975,2025-08-31,,Active,3,12.5000,24,2027-08-21,Marketplace
1976,807,18,SUB-00001976,2025-03-29,2025-12-25,Cancelled,2,5.0000,36,2028-03-13,Partner
1977,808,22,SUB-00001977,2025-06-22,2026-03-25,Cancelled,2,12.5000,24,2027-06-12,Partner
1978,808,17,SUB-00001978,2025-06-22,,Active,4,7.5000,36,2028-06-06,Direct
1979,808,1,SUB-00001979,2025-06-22,,Active,5,0.0000,24,2027-06-12,Partner
1980,809,5,SUB-00001980,2025-06-30,,Active,2,0.0000,24,2027-06-20,Direct
1981,810,24,SUB-00001981,2025-01-19,,Active,2,5.0000,12,2026-01-14,Direct
1982,810,8,SUB-00001982,2025-01-19,,Paused,4,0.0000,36,2028-01-04,Marketplace
1983,810,12,SUB-00001983,2025-06-29,,Active,7,5.0000,24,2027-06-19,Partner
1984,810,16,SUB-00001984,2025-02-07,,Active,5,12.5000,24,2027-01-28,Direct
1985,811,2,SUB-00001985,2025-08-12,,Active,3,0.0000,24,2027-08-02,Direct
1986,811,19,SUB-00001986,2025-06-30,,Active,4,10.0000,12,2026-06-25,Partner
1987,811,24,SUB-00001987,2025-08-02,,Active,8,0.0000,36,2028-07-17,Partner
1988,811,10,SUB-00001988,2025-04-02,,Active,16,2.5000,36,2028-03-17,Partner
1989,812,16,SUB-00001989,2024-02-02,,Paused,13,12.5000,12,2025-01-27,Partner
1990,813,2,SUB-00001990,2025-07-08,,Active,5,0.0000,36,2028-06-22,Direct
1991,813,10,SUB-00001991,2025-08-06,,Active,3,7.5000,12,2026-08-01,Marketplace
1992,813,5,SUB-00001992,2024-07-31,,Active,4,0.0000,12,2025-07-26,Partner
1993,813,18,SUB-00001993,2025-08-15,,Active,4,7.5000,12,2026-08-10,Direct
1994,814,14,SUB-00001994,2025-05-05,,Active,3,12.5000,24,2027-04-25,Marketplace
1995,815,7,SUB-00001995,2024-10-07,,Active,7,10.0000,36,2027-09-22,Partner
1996,815,15,SUB-00001996,2024-10-07,,Active,2,0.0000,36,2027-09-22,Direct
1997,815,22,SUB-00001997,2024-10-07,,Active,16,7.5000,12,2025-10-02,Marketplace
1998,816,18,SUB-00001998,2025-07-29,,Active,5,2.5000,36,2028-07-13,Direct
1999,816,13,SUB-00001999,2025-01-15,2025-10-07,Cancelled,2,10.0000,24,2027-01-05,Marketplace
2000,816,9,SUB-00002000,2024-06-19,,Active,2,10.0000,12,2025-06-14,Partner
2001,817,7,SUB-00002001,2025-01-01,,Active,8,0.0000,24,2026-12-22,Partner
2002,817,16,SUB-00002002,2024-10-08,,Active,7,0.0000,12,2025-10-03,Direct
2003,818,6,SUB-00002003,2024-04-05,,Active,1,5.0000,36,2027-03-21,Direct
2004,819,21,SUB-00002004,2025-01-27,,Active,2,0.0000,36,2028-01-12,Partner
2005,819,17,SUB-00002005,2025-01-27,,Active,5,5.0000,12,2026-01-22,Marketplace
2006,820,13,SUB-00002006,2025-05-12,,Active,5,0.0000,36,2028-04-26,Partner
2007,820,6,SUB-00002007,2025-06-22,,Active,2,12.5000,12,2026-06-17,Direct
2008,820,22,SUB-00002008,2024-10-08,,Active,1,7.5000,12,2025-10-03,Direct
2009,820,18,SUB-00002009,2025-03-04,,Active,1,7.5000,36,2028-02-17,Partner
2010,821,17,SUB-00002010,2025-03-09,,Active,3,5.0000,36,2028-02-22,Partner
2011,822,4,SUB-00002011,2024-10-28,,Active,4,7.5000,36,2027-10-13,Marketplace
2012,822,15,SUB-00002012,2024-10-22,,Active,11,0.0000,24,2026-10-12,Partner
2013,822,20,SUB-00002013,2024-12-26,,Active,7,7.5000,36,2027-12-11,Partner
2014,822,24,SUB-00002014,2024-05-17,,Active,11,5.0000,36,2027-05-02,Partner
2015,823,11,SUB-00002015,2025-08-11,,Active,4,0.0000,12,2026-08-06,Direct
2016,823,23,SUB-00002016,2024-09-11,,Active,1,12.5000,24,2026-09-01,Direct
2017,823,15,SUB-00002017,2025-07-14,,Active,15,5.0000,24,2027-07-04,Marketplace
2018,823,7,SUB-00002018,2024-05-15,,Active,14,12.5000,12,2025-05-10,Direct
2019,824,9,SUB-00002019,2025-06-28,,Active,3,0.0000,12,2026-06-23,Partner
2020,824,17,SUB-00002020,2025-06-28,,Active,1,5.0000,36,2028-06-12,Partner
2021,825,4,SUB-00002021,2025-05-23,,Active,10,7.5000,36,2028-05-07,Partner
2022,826,18,SUB-00002022,2024-12-10,,Active,1,10.0000,24,2026-11-30,Marketplace
2023,826,7,SUB-00002023,2025-01-16,,Active,4,10.0000,36,2028-01-01,Marketplace
2024,827,3,SUB-00002024,2025-05-29,,Paused,14,0.0000,36,2028-05-13,Partner
2025,828,9,SUB-00002025,2025-07-04,,Active,5,12.5000,36,2028-06-18,Marketplace
2026,828,1,SUB-00002026,2025-09-22,,Active,4,0.0000,36,2028-09-06,Marketplace
2027,829,3,SUB-00002027,2025-02-05,,Active,20,0.0000,24,2027-01-26,Direct
2028,829,6,SUB-00002028,2025-02-05,,Paused,23,2.5000,24,2027-01-26,Marketplace
2029,829,23,SUB-00002029,2025-02-05,,Active,1,2.5000,24,2027-01-26,Marketplace
2030,830,17,SUB-00002030,2025-06-29,,Active,4,0.0000,36,2028-06-13,Partner
2031,830,6,SUB-00002031,2024-10-06,,Active,3,0.0000,12,2025-10-01,Direct
2032,830,21,SUB-00002032,2024-10-26,,Active,4,5.0000,24,2026-10-16,Partner
2033,830,14,SUB-00002033,2025-07-26,,Active,4,10.0000,12,2026-07-21,Partner
2034,831,17,SUB-00002034,2024-12-15,,Active,3,5.0000,36,2027-11-30,Marketplace
2035,831,21,SUB-00002035,2025-04-01,,Active,3,10.0000,36,2028-03-16,Marketplace
2036,832,7,SUB-00002036,2024-04-04,,Active,3,0.0000,24,2026-03-25,Direct
2037,832,17,SUB-00002037,2025-08-20,,Active,4,5.0000,12,2026-08-15,Marketplace
2038,833,2,SUB-00002038,2025-07-04,,Active,5,2.5000,12,2026-06-29,Marketplace
2039,833,15,SUB-00002039,2025-01-27,,Active,2,2.5000,36,2028-01-12,Partner
2040,833,6,SUB-00002040,2025-01-31,,Active,14,12.5000,36,2028-01-16,Partner
2041,833,19,SUB-00002041,2025-05-28,2026-01-08,Cancelled,11,7.5000,12,2026-05-23,Marketplace
2042,834,23,SUB-00002042,2025-02-12,,Active,12,12.5000,36,2028-01-28,Marketplace
2043,834,2,SUB-00002043,2024-12-27,2025-06-02,Cancelled,13,12.5000,24,2026-12-17,Marketplace
2044,834,15,SUB-00002044,2024-08-07,,Active,2,7.5000,24,2026-07-28,Partner
2045,834,6,SUB-00002045,2024-09-14,,Active,5,0.0000,24,2026-09-04,Marketplace
2046,835,11,SUB-00002046,2024-10-25,,Active,19,0.0000,12,2025-10-20,Marketplace
2047,835,16,SUB-00002047,2025-02-22,,Active,11,7.5000,24,2027-02-12,Direct
2048,835,7,SUB-00002048,2024-10-25,,Active,16,10.0000,12,2025-10-20,Partner
2049,835,19,SUB-00002049,2025-08-28,,Active,5,2.5000,36,2028-08-12,Direct
2050,836,21,SUB-00002050,2025-05-17,2025-10-31,Cancelled,2,0.0000,12,2026-05-12,Marketplace
2051,837,20,SUB-00002051,2025-02-20,,Paused,5,12.5000,24,2027-02-10,Direct
2052,837,4,SUB-00002052,2024-04-25,,Active,17,2.5000,24,2026-04-15,Direct
2053,837,24,SUB-00002053,2025-01-10,,Active,1,0.0000,12,2026-01-05,Direct
2054,838,9,SUB-00002054,2024-12-13,,Active,4,2.5000,12,2025-12-08,Direct
2055,839,13,SUB-00002055,2024-10-15,,Active,4,10.0000,12,2025-10-10,Partner
2056,840,7,SUB-00002056,2025-02-15,,Active,11,0.0000,12,2026-02-10,Partner
2057,840,15,SUB-00002057,2024-12-05,,Active,5,0.0000,24,2026-11-25,Marketplace
2058,840,2,SUB-00002058,2024-05-27,,Active,1,7.5000,24,2026-05-17,Marketplace
2059,840,23,SUB-00002059,2025-05-14,,Paused,15,0.0000,12,2026-05-09,Direct
2060,841,13,SUB-00002060,2025-04-09,,Active,2,7.5000,36,2028-03-24,Direct
2061,841,1,SUB-00002061,2025-01-14,,Active,3,0.0000,24,2027-01-04,Partner
2062,842,17,SUB-00002062,2024-10-30,,Active,5,2.5000,12,2025-10-25,Direct
2063,842,9,SUB-00002063,2025-02-26,,Active,3,0.0000,36,2028-02-11,Marketplace
2064,842,13,SUB-00002064,2024-03-11,,Active,3,0.0000,36,2027-02-24,Partner
2065,843,11,SUB-00002065,2025-02-04,,Active,14,2.5000,24,2027-01-25,Direct
2066,844,21,SUB-00002066,2024-12-25,,Active,1,5.0000,12,2025-12-20,Direct
2067,845,15,SUB-00002067,2025-04-04,,Active,15,0.0000,12,2026-03-30,Marketplace
2068,845,6,SUB-00002068,2024-12-15,,Active,18,2.5000,36,2027-11-30,Direct
2069,845,4,SUB-00002069,2025-04-04,,Active,13,0.0000,36,2028-03-19,Partner
2070,845,10,SUB-00002070,2024-12-29,,Active,8,2.5000,36,2027-12-14,Direct
2071,846,24,SUB-00002071,2025-02-05,,Active,25,2.5000,36,2028-01-21,Direct
2072,847,9,SUB-00002072,2025-05-26,,Active,3,5.0000,12,2026-05-21,Direct
2073,848,9,SUB-00002073,2024-06-01,,Active,3,12.5000,36,2027-05-17,Direct
2074,848,2,SUB-00002074,2025-08-13,,Active,4,7.5000,24,2027-08-03,Partner
2075,848,21,SUB-00002075,2024-04-23,,Active,1,0.0000,36,2027-04-08,Marketplace
2076,848,6,SUB-00002076,2025-07-28,,Active,1,0.0000,24,2027-07-18,Marketplace
2077,849,17,SUB-00002077,2025-03-22,2025-07-24,Cancelled,4,0.0000,36,2028-03-06,Direct
2078,849,14,SUB-00002078,2025-03-22,2026-03-15,Cancelled,4,12.5000,36,2028-03-06,Partner
2079,850,23,SUB-00002079,2025-08-25,,Active,5,0.0000,24,2027-08-15,Direct
2080,850,11,SUB-00002080,2025-03-20,,Active,21,7.5000,12,2026-03-15,Marketplace
2081,850,6,SUB-00002081,2025-02-01,,Active,4,2.5000,12,2026-01-27,Partner
2082,850,15,SUB-00002082,2025-06-27,,Active,2,12.5000,36,2028-06-11,Partner
2083,851,23,SUB-00002083,2025-06-21,,Active,18,0.0000,24,2027-06-11,Marketplace
2084,852,11,SUB-00002084,2025-06-05,,Active,15,2.5000,24,2027-05-26,Partner
2085,852,23,SUB-00002085,2024-11-10,,Active,20,12.5000,12,2025-11-05,Direct
2086,853,17,SUB-00002086,2024-07-23,,Active,4,0.0000,12,2025-07-18,Direct
2087,853,21,SUB-00002087,2024-04-01,,Active,2,2.5000,36,2027-03-17,Partner
2088,854,7,SUB-00002088,2025-07-22,,Paused,21,10.0000,24,2027-07-12,Marketplace
2089,854,14,SUB-00002089,2024-08-25,,Active,14,0.0000,12,2025-08-20,Direct
2090,855,9,SUB-00002090,2025-05-06,,Active,2,10.0000,36,2028-04-20,Marketplace
2091,855,14,SUB-00002091,2025-01-12,,Active,2,0.0000,12,2026-01-07,Direct
2092,856,18,SUB-00002092,2025-03-17,,Paused,8,5.0000,24,2027-03-07,Marketplace
2093,856,3,SUB-00002093,2024-11-19,,Active,16,12.5000,24,2026-11-09,Marketplace
2094,857,5,SUB-00002094,2024-11-04,,Active,3,2.5000,12,2025-10-30,Marketplace
2095,858,9,SUB-00002095,2025-06-10,,Active,2,0.0000,36,2028-05-25,Marketplace
2096,859,13,SUB-00002096,2025-08-28,,Active,3,10.0000,36,2028-08-12,Direct
2097,859,6,SUB-00002097,2025-08-13,,Active,4,0.0000,12,2026-08-08,Marketplace
2098,859,21,SUB-00002098,2025-08-09,,Active,3,5.0000,24,2027-07-30,Direct
2099,860,10,SUB-00002099,2025-04-01,,Active,3,2.5000,24,2027-03-22,Partner
2100,861,2,SUB-00002100,2024-04-19,,Active,5,10.0000,36,2027-04-04,Marketplace
2101,861,10,SUB-00002101,2024-06-08,,Active,3,2.5000,36,2027-05-24,Marketplace
2102,861,5,SUB-00002102,2024-04-01,,Paused,2,5.0000,24,2026-03-22,Partner
2103,862,13,SUB-00002103,2025-03-03,,Active,3,7.5000,36,2028-02-16,Partner
2104,862,5,SUB-00002104,2025-03-03,,Active,4,0.0000,12,2026-02-26,Direct
2105,862,2,SUB-00002105,2025-05-16,,Active,3,2.5000,12,2026-05-11,Partner
2106,863,12,SUB-00002106,2025-04-28,2025-08-21,Cancelled,14,0.0000,36,2028-04-12,Direct
2107,863,4,SUB-00002107,2025-03-28,,Active,13,2.5000,36,2028-03-12,Partner
2108,863,15,SUB-00002108,2024-02-06,,Active,16,7.5000,12,2025-01-31,Partner
2109,863,23,SUB-00002109,2024-12-11,,Active,17,7.5000,24,2026-12-01,Partner
2110,864,13,SUB-00002110,2025-02-05,,Paused,5,7.5000,24,2027-01-26,Marketplace
2111,865,17,SUB-00002111,2024-04-29,,Active,3,12.5000,24,2026-04-19,Marketplace
2112,866,8,SUB-00002112,2024-11-07,,Active,19,0.0000,36,2027-10-23,Marketplace
2113,866,12,SUB-00002113,2025-08-07,,Active,4,5.0000,36,2028-07-22,Direct
2114,867,18,SUB-00002114,2025-07-03,,Active,19,2.5000,36,2028-06-17,Marketplace
2115,867,10,SUB-00002115,2025-07-03,,Active,23,0.0000,12,2026-06-28,Direct
2116,867,3,SUB-00002116,2025-09-26,,Active,14,10.0000,36,2028-09-10,Partner
2117,868,21,SUB-00002117,2025-07-09,,Active,5,0.0000,12,2026-07-04,Direct
2118,868,18,SUB-00002118,2025-03-03,,Active,5,0.0000,24,2027-02-21,Partner
2119,868,1,SUB-00002119,2025-03-03,,Active,2,2.5000,12,2026-02-26,Direct
2120,869,5,SUB-00002120,2024-10-23,,Active,1,0.0000,12,2025-10-18,Direct
2121,869,18,SUB-00002121,2024-06-27,,Active,2,0.0000,24,2026-06-17,Direct
2122,869,15,SUB-00002122,2024-06-11,,Active,1,12.5000,12,2025-06-06,Partner
2123,870,21,SUB-00002123,2025-08-27,,Active,4,10.0000,36,2028-08-11,Partner
2124,870,13,SUB-00002124,2024-06-10,2025-02-28,Cancelled,2,5.0000,12,2025-06-05,Marketplace
2125,870,1,SUB-00002125,2025-01-14,2025-12-22,Cancelled,2,5.0000,12,2026-01-09,Partner
2126,870,10,SUB-00002126,2024-07-06,,Active,4,2.5000,24,2026-06-26,Marketplace
2127,871,19,SUB-00002127,2025-07-18,,Active,22,0.0000,24,2027-07-08,Marketplace
2128,871,14,SUB-00002128,2025-05-15,,Active,15,10.0000,36,2028-04-29,Marketplace
2129,872,9,SUB-00002129,2024-08-11,,Active,4,2.5000,36,2027-07-27,Direct
2130,873,23,SUB-00002130,2025-03-12,,Active,3,2.5000,36,2028-02-25,Partner
2131,873,2,SUB-00002131,2024-12-20,,Active,21,0.0000,12,2025-12-15,Partner
2132,873,15,SUB-00002132,2025-08-14,,Active,7,7.5000,36,2028-07-29,Partner
2133,874,5,SUB-00002133,2024-03-13,,Paused,3,7.5000,12,2025-03-08,Direct
2134,874,13,SUB-00002134,2024-10-11,,Active,5,7.5000,36,2027-09-26,Partner
2135,874,17,SUB-00002135,2025-09-19,,Active,4,2.5000,12,2026-09-14,Marketplace
2136,874,2,SUB-00002136,2025-09-02,,Active,2,10.0000,24,2027-08-23,Direct
2137,875,12,SUB-00002137,2024-12-12,2025-07-11,Cancelled,16,0.0000,24,2026-12-02,Direct
2138,875,19,SUB-00002138,2025-05-29,,Active,23,2.5000,24,2027-05-19,Marketplace
2139,875,7,SUB-00002139,2025-06-12,,Active,17,2.5000,12,2026-06-07,Partner
2140,875,24,SUB-00002140,2024-12-12,,Active,6,12.5000,12,2025-12-07,Marketplace
2141,876,14,SUB-00002141,2025-05-12,,Active,2,2.5000,12,2026-05-07,Direct
2142,876,6,SUB-00002142,2025-05-12,,Active,3,5.0000,12,2026-05-07,Marketplace
2143,876,2,SUB-00002143,2025-06-05,,Active,5,7.5000,12,2026-05-31,Marketplace
2144,877,4,SUB-00002144,2025-05-27,,Active,1,0.0000,12,2026-05-22,Partner
2145,878,2,SUB-00002145,2025-03-10,,Active,21,2.5000,36,2028-02-23,Direct
2146,879,1,SUB-00002146,2025-01-10,,Paused,2,5.0000,36,2027-12-26,Marketplace
2147,880,9,SUB-00002147,2024-11-08,,Active,1,0.0000,12,2025-11-03,Direct
2148,880,1,SUB-00002148,2024-05-20,,Active,2,7.5000,36,2027-05-05,Partner
2149,880,17,SUB-00002149,2024-05-20,,Active,2,0.0000,12,2025-05-15,Marketplace
2150,880,21,SUB-00002150,2025-04-20,,Active,1,12.5000,12,2026-04-15,Marketplace
2151,881,9,SUB-00002151,2024-11-04,,Active,1,0.0000,12,2025-10-30,Direct
2152,881,21,SUB-00002152,2025-04-12,,Active,3,12.5000,36,2028-03-27,Direct
2153,881,13,SUB-00002153,2024-11-22,,Active,5,0.0000,24,2026-11-12,Marketplace
2154,881,6,SUB-00002154,2024-11-04,,Active,4,10.0000,36,2027-10-20,Partner
2155,882,10,SUB-00002155,2025-05-11,,Active,19,0.0000,24,2027-05-01,Marketplace
2156,883,3,SUB-00002156,2025-01-05,,Active,25,2.5000,24,2026-12-26,Marketplace
2157,883,15,SUB-00002157,2024-02-01,,Active,14,12.5000,24,2026-01-21,Direct
2158,883,7,SUB-00002158,2024-12-29,,Active,6,0.0000,12,2025-12-24,Marketplace
2159,884,24,SUB-00002159,2024-12-10,,Active,25,0.0000,12,2025-12-05,Partner
2160,884,16,SUB-00002160,2025-04-24,,Active,18,0.0000,36,2028-04-08,Marketplace
2161,884,4,SUB-00002161,2024-07-23,2024-12-31,Cancelled,22,0.0000,36,2027-07-08,Partner
2162,885,14,SUB-00002162,2025-04-29,,Active,1,12.5000,12,2026-04-24,Partner
2163,886,1,SUB-00002163,2024-01-24,,Active,4,12.5000,36,2027-01-08,Direct
2164,886,9,SUB-00002164,2025-03-19,,Active,4,0.0000,12,2026-03-14,Marketplace
2165,886,21,SUB-00002165,2024-03-25,,Active,5,12.5000,12,2025-03-20,Partner
2166,886,6,SUB-00002166,2024-11-30,,Active,3,2.5000,24,2026-11-20,Direct
2167,887,21,SUB-00002167,2025-03-29,,Active,4,5.0000,36,2028-03-13,Marketplace
2168,887,6,SUB-00002168,2025-03-29,,Active,1,12.5000,24,2027-03-19,Partner
2169,887,13,SUB-00002169,2025-03-29,,Active,3,0.0000,36,2028-03-13,Direct
2170,887,2,SUB-00002170,2025-03-29,,Active,2,0.0000,36,2028-03-13,Direct
2171,888,11,SUB-00002171,2024-04-09,,Active,12,0.0000,36,2027-03-25,Partner
2172,889,13,SUB-00002172,2024-12-03,,Active,4,12.5000,12,2025-11-28,Partner
2173,890,8,SUB-00002173,2025-01-24,,Active,22,0.0000,12,2026-01-19,Direct
2174,891,1,SUB-00002174,2024-03-09,,Active,1,0.0000,12,2025-03-04,Direct
2175,892,22,SUB-00002175,2025-02-15,,Active,2,7.5000,36,2028-01-31,Direct
2176,892,10,SUB-00002176,2024-06-16,,Active,15,2.5000,36,2027-06-01,Marketplace
2177,892,7,SUB-00002177,2024-11-19,,Active,4,7.5000,24,2026-11-09,Marketplace
2178,892,15,SUB-00002178,2024-05-25,,Active,9,7.5000,24,2026-05-15,Partner
2179,893,13,SUB-00002179,2025-06-26,,Active,1,0.0000,12,2026-06-21,Partner
2180,893,2,SUB-00002180,2024-07-06,,Active,3,2.5000,12,2025-07-01,Partner
2181,894,22,SUB-00002181,2024-09-07,,Active,4,7.5000,36,2027-08-23,Direct
2182,895,18,SUB-00002182,2025-04-06,,Active,3,0.0000,12,2026-04-01,Partner
2183,895,13,SUB-00002183,2025-05-15,,Active,3,10.0000,24,2027-05-05,Partner
2184,895,10,SUB-00002184,2025-03-13,,Active,1,10.0000,24,2027-03-03,Marketplace
2185,895,5,SUB-00002185,2024-10-31,,Active,4,7.5000,36,2027-10-16,Partner
2186,896,19,SUB-00002186,2024-12-26,,Active,13,0.0000,36,2027-12-11,Marketplace
2187,896,10,SUB-00002187,2024-10-14,,Active,12,2.5000,24,2026-10-04,Marketplace
2188,897,17,SUB-00002188,2025-09-21,,Active,3,12.5000,12,2026-09-16,Direct
2189,897,5,SUB-00002189,2025-01-04,,Active,4,5.0000,36,2027-12-20,Direct
2190,897,9,SUB-00002190,2024-07-25,2025-02-18,Cancelled,5,5.0000,24,2026-07-15,Direct
2191,897,14,SUB-00002191,2024-07-25,,Active,2,10.0000,24,2026-07-15,Direct
2192,898,21,SUB-00002192,2024-09-25,,Active,3,7.5000,24,2026-09-15,Partner
2193,898,14,SUB-00002193,2024-07-16,,Active,3,0.0000,36,2027-07-01,Partner
2194,898,6,SUB-00002194,2024-05-28,,Paused,2,2.5000,36,2027-05-13,Partner
2195,898,10,SUB-00002195,2024-05-19,,Active,1,5.0000,24,2026-05-09,Direct
2196,899,22,SUB-00002196,2025-01-10,,Active,2,0.0000,12,2026-01-05,Direct
2197,899,7,SUB-00002197,2024-06-18,,Active,4,5.0000,36,2027-06-03,Marketplace
2198,899,9,SUB-00002198,2025-06-22,,Active,4,12.5000,36,2028-06-06,Partner
2199,900,11,SUB-00002199,2024-09-28,,Active,21,12.5000,12,2025-09-23,Direct
2200,900,24,SUB-00002200,2024-08-09,,Active,6,0.0000,36,2027-07-25,Partner
2201,900,19,SUB-00002201,2024-04-25,,Active,9,2.5000,24,2026-04-15,Marketplace
2202,901,19,SUB-00002202,2025-01-26,,Active,3,7.5000,24,2027-01-16,Partner
2203,901,5,SUB-00002203,2024-12-15,,Active,5,12.5000,36,2027-11-30,Direct
2204,901,1,SUB-00002204,2025-05-02,,Active,4,2.5000,36,2028-04-16,Direct
2205,902,1,SUB-00002205,2024-11-14,,Active,2,12.5000,36,2027-10-30,Marketplace
2206,902,22,SUB-00002206,2024-06-01,,Paused,5,0.0000,24,2026-05-22,Partner
2207,903,2,SUB-00002207,2024-06-09,,Active,9,7.5000,12,2025-06-04,Direct
2208,903,22,SUB-00002208,2025-02-27,,Active,11,12.5000,12,2026-02-22,Partner
2209,904,5,SUB-00002209,2024-06-20,2025-06-14,Cancelled,5,0.0000,12,2025-06-15,Partner
2210,905,14,SUB-00002210,2024-12-10,,Active,3,0.0000,12,2025-12-05,Direct
2211,906,15,SUB-00002211,2025-04-28,,Active,11,7.5000,36,2028-04-12,Direct
2212,907,9,SUB-00002212,2024-06-10,,Active,2,2.5000,24,2026-05-31,Partner
2213,907,5,SUB-00002213,2025-04-01,,Active,1,0.0000,12,2026-03-27,Partner
2214,907,18,SUB-00002214,2024-08-19,,Active,3,0.0000,36,2027-08-04,Marketplace
2215,908,14,SUB-00002215,2025-03-24,,Active,5,2.5000,24,2027-03-14,Marketplace
2216,908,18,SUB-00002216,2025-04-04,,Active,5,10.0000,24,2027-03-25,Marketplace
2217,908,9,SUB-00002217,2025-04-02,,Active,1,0.0000,24,2027-03-23,Partner
2218,909,9,SUB-00002218,2025-05-31,,Active,5,12.5000,36,2028-05-15,Marketplace
2219,909,17,SUB-00002219,2025-05-31,2025-11-18,Cancelled,3,2.5000,12,2026-05-26,Direct
2220,909,5,SUB-00002220,2025-05-31,,Active,1,5.0000,12,2026-05-26,Partner
2221,909,21,SUB-00002221,2025-08-26,,Active,5,12.5000,12,2026-08-21,Partner
2222,910,22,SUB-00002222,2025-08-26,,Active,2,0.0000,12,2026-08-21,Partner
2223,910,3,SUB-00002223,2024-05-24,,Active,2,0.0000,24,2026-05-14,Direct
2224,910,14,SUB-00002224,2025-04-13,,Active,5,0.0000,36,2028-03-28,Partner
2225,910,5,SUB-00002225,2024-12-14,,Paused,5,0.0000,24,2026-12-04,Partner
2226,911,23,SUB-00002226,2025-09-12,,Active,7,5.0000,12,2026-09-07,Direct
2227,911,11,SUB-00002227,2024-07-12,,Active,24,5.0000,12,2025-07-07,Marketplace
2228,911,19,SUB-00002228,2024-01-29,,Active,2,0.0000,36,2027-01-13,Partner
2229,911,6,SUB-00002229,2024-09-02,,Paused,2,5.0000,12,2025-08-28,Marketplace
2230,912,10,SUB-00002230,2024-10-17,,Active,4,2.5000,12,2025-10-12,Marketplace
2231,913,13,SUB-00002231,2025-05-16,,Active,3,7.5000,24,2027-05-06,Marketplace
2232,913,9,SUB-00002232,2025-07-06,,Active,2,12.5000,36,2028-06-20,Marketplace
2233,913,17,SUB-00002233,2024-04-21,,Active,4,0.0000,36,2027-04-06,Partner
2234,913,1,SUB-00002234,2024-06-13,,Active,5,0.0000,12,2025-06-08,Direct
2235,914,15,SUB-00002235,2025-01-06,,Active,23,0.0000,12,2026-01-01,Partner
2236,914,11,SUB-00002236,2025-03-05,,Active,12,5.0000,24,2027-02-23,Direct
2237,914,23,SUB-00002237,2025-01-06,,Active,8,0.0000,24,2026-12-27,Direct
2238,915,11,SUB-00002238,2025-07-03,,Active,22,12.5000,36,2028-06-17,Partner
2239,915,20,SUB-00002239,2025-07-03,,Active,18,7.5000,24,2027-06-23,Direct
2240,915,6,SUB-00002240,2025-08-23,,Active,6,0.0000,24,2027-08-13,Partner
2241,915,22,SUB-00002241,2025-07-03,,Active,5,12.5000,36,2028-06-17,Partner
2242,916,2,SUB-00002242,2025-03-17,,Active,1,10.0000,12,2026-03-12,Marketplace
2243,916,9,SUB-00002243,2025-06-22,,Active,1,10.0000,24,2027-06-12,Partner
2244,916,13,SUB-00002244,2025-08-21,,Active,1,5.0000,12,2026-08-16,Direct
2245,917,19,SUB-00002245,2025-03-18,,Active,4,0.0000,12,2026-03-13,Marketplace
2246,918,10,SUB-00002246,2025-05-28,,Active,3,7.5000,36,2028-05-12,Direct
2247,918,22,SUB-00002247,2025-02-06,,Active,4,12.5000,12,2026-02-01,Partner
2248,918,13,SUB-00002248,2024-07-21,,Active,2,12.5000,24,2026-07-11,Marketplace
2249,919,16,SUB-00002249,2025-03-10,,Active,22,2.5000,36,2028-02-23,Marketplace
2250,920,22,SUB-00002250,2024-09-13,,Active,2,7.5000,12,2025-09-08,Marketplace
2251,920,17,SUB-00002251,2025-09-21,,Active,4,0.0000,36,2028-09-05,Partner
2252,920,14,SUB-00002252,2025-03-07,,Active,4,5.0000,36,2028-02-20,Direct
2253,921,13,SUB-00002253,2025-08-27,,Active,5,0.0000,24,2027-08-17,Direct
2254,921,18,SUB-00002254,2024-04-24,,Active,5,7.5000,36,2027-04-09,Marketplace
2255,921,6,SUB-00002255,2025-07-06,,Active,2,0.0000,36,2028-06-20,Partner
2256,921,21,SUB-00002256,2024-10-07,,Active,3,5.0000,24,2026-09-27,Partner
2257,922,10,SUB-00002257,2025-03-11,,Active,20,2.5000,24,2027-03-01,Marketplace
2258,922,14,SUB-00002258,2025-01-03,,Active,8,0.0000,36,2027-12-19,Partner
2259,923,10,SUB-00002259,2024-11-16,,Active,3,5.0000,36,2027-11-01,Direct
2260,924,5,SUB-00002260,2024-12-20,,Active,5,2.5000,12,2025-12-15,Marketplace
2261,925,18,SUB-00002261,2025-08-01,,Paused,3,5.0000,36,2028-07-16,Direct
2262,925,1,SUB-00002262,2025-09-26,,Active,5,0.0000,12,2026-09-21,Direct
2263,926,16,SUB-00002263,2025-05-01,,Active,12,7.5000,36,2028-04-15,Partner
2264,926,8,SUB-00002264,2025-03-30,,Active,11,5.0000,24,2027-03-20,Marketplace
2265,926,4,SUB-00002265,2025-02-04,,Active,22,2.5000,24,2027-01-25,Marketplace
2266,927,18,SUB-00002266,2024-09-29,,Active,2,0.0000,12,2025-09-24,Partner
2267,927,5,SUB-00002267,2024-09-17,,Active,4,0.0000,12,2025-09-12,Partner
2268,928,16,SUB-00002268,2024-08-19,,Active,3,0.0000,12,2025-08-14,Marketplace
2269,928,20,SUB-00002269,2024-08-19,,Active,15,7.5000,36,2027-08-04,Marketplace
2270,928,11,SUB-00002270,2025-04-18,,Active,6,0.0000,36,2028-04-02,Marketplace
2271,929,5,SUB-00002271,2024-02-04,,Active,3,0.0000,36,2027-01-19,Direct
2272,930,14,SUB-00002272,2025-03-31,,Active,2,0.0000,12,2026-03-26,Marketplace
2273,931,5,SUB-00002273,2024-01-08,2024-06-22,Cancelled,2,12.5000,36,2026-12-23,Partner
2274,931,10,SUB-00002274,2025-04-17,2026-04-01,Cancelled,4,7.5000,36,2028-04-01,Marketplace
2275,931,13,SUB-00002275,2025-07-07,,Paused,5,0.0000,24,2027-06-27,Direct
2276,931,18,SUB-00002276,2025-06-10,,Active,4,12.5000,36,2028-05-25,Partner
2277,932,1,SUB-00002277,2025-05-05,,Active,4,0.0000,12,2026-04-30,Direct
2278,932,9,SUB-00002278,2024-07-07,,Active,4,5.0000,36,2027-06-22,Direct
2279,932,13,SUB-00002279,2024-12-06,,Active,3,0.0000,12,2025-12-01,Marketplace
2280,933,14,SUB-00002280,2025-08-05,,Active,19,7.5000,36,2028-07-20,Marketplace
2281,933,3,SUB-00002281,2024-11-12,,Active,5,0.0000,36,2027-10-28,Marketplace
2282,933,19,SUB-00002282,2024-11-12,2025-05-02,Cancelled,6,0.0000,12,2025-11-07,Partner
2283,934,14,SUB-00002283,2025-08-24,,Active,4,0.0000,36,2028-08-08,Direct
2284,935,2,SUB-00002284,2025-06-16,,Active,2,0.0000,12,2026-06-11,Marketplace
2285,935,11,SUB-00002285,2025-06-16,,Active,4,0.0000,12,2026-06-11,Marketplace
2286,935,19,SUB-00002286,2025-06-16,,Active,12,0.0000,36,2028-05-31,Direct
2287,935,23,SUB-00002287,2025-06-16,,Paused,14,7.5000,12,2026-06-11,Direct
2288,936,24,SUB-00002288,2024-10-28,,Active,1,0.0000,24,2026-10-18,Partner
2289,937,13,SUB-00002289,2025-01-21,,Active,4,0.0000,36,2028-01-06,Marketplace
2290,937,7,SUB-00002290,2025-06-14,,Active,3,0.0000,24,2027-06-04,Marketplace
2291,938,22,SUB-00002291,2025-03-13,,Active,13,10.0000,12,2026-03-08,Marketplace
2292,938,7,SUB-00002292,2024-12-01,,Active,8,5.0000,24,2026-11-21,Marketplace
2293,938,19,SUB-00002293,2024-04-05,,Active,7,2.5000,36,2027-03-21,Partner
2294,939,14,SUB-00002294,2024-04-17,,Active,3,10.0000,12,2025-04-12,Direct
2295,939,5,SUB-00002295,2025-05-29,,Active,5,12.5000,36,2028-05-13,Marketplace
2296,939,19,SUB-00002296,2024-01-20,,Active,5,7.5000,12,2025-01-14,Direct
2297,940,1,SUB-00002297,2024-08-23,,Active,5,2.5000,36,2027-08-08,Marketplace
2298,940,22,SUB-00002298,2024-01-29,,Active,3,12.5000,12,2025-01-23,Partner
2299,940,17,SUB-00002299,2025-05-20,,Active,5,0.0000,36,2028-05-04,Direct
2300,940,6,SUB-00002300,2024-03-19,,Active,3,0.0000,24,2026-03-09,Direct
2301,941,9,SUB-00002301,2024-12-06,2025-06-13,Cancelled,2,10.0000,12,2025-12-01,Marketplace
2302,942,20,SUB-00002302,2025-07-20,2026-06-23,Cancelled,2,0.0000,12,2026-07-15,Direct
2303,942,15,SUB-00002303,2024-07-10,,Active,12,0.0000,12,2025-07-05,Direct
2304,943,22,SUB-00002304,2024-11-23,,Active,1,0.0000,24,2026-11-13,Marketplace
2305,944,14,SUB-00002305,2025-01-20,,Active,2,5.0000,24,2027-01-10,Partner
2306,945,1,SUB-00002306,2025-01-16,,Active,3,10.0000,12,2026-01-11,Marketplace
2307,945,21,SUB-00002307,2025-04-08,,Active,2,0.0000,12,2026-04-03,Partner
2308,946,18,SUB-00002308,2024-07-25,,Active,4,0.0000,24,2026-07-15,Direct
2309,947,1,SUB-00002309,2025-03-27,,Active,3,0.0000,36,2028-03-11,Marketplace
2310,947,9,SUB-00002310,2025-04-06,,Active,1,0.0000,24,2027-03-27,Direct
2311,948,17,SUB-00002311,2025-06-08,,Active,2,0.0000,36,2028-05-23,Partner
2312,948,1,SUB-00002312,2025-06-08,,Active,4,12.5000,24,2027-05-29,Marketplace
2313,949,7,SUB-00002313,2024-11-23,,Active,9,0.0000,12,2025-11-18,Partner
2314,949,11,SUB-00002314,2024-02-18,,Active,22,7.5000,36,2027-02-02,Direct
2315,949,3,SUB-00002315,2025-01-04,2025-12-27,Cancelled,9,0.0000,12,2025-12-30,Direct
2316,949,19,SUB-00002316,2024-11-23,,Active,6,5.0000,12,2025-11-18,Partner
2317,950,19,SUB-00002317,2024-12-24,,Active,24,0.0000,24,2026-12-14,Marketplace
2318,950,15,SUB-00002318,2025-02-06,,Active,11,2.5000,24,2027-01-27,Partner
2319,950,22,SUB-00002319,2024-12-24,,Active,15,2.5000,24,2026-12-14,Marketplace
2320,950,2,SUB-00002320,2025-07-14,,Active,3,0.0000,12,2026-07-09,Direct
2321,951,15,SUB-00002321,2025-08-07,2025-11-25,Cancelled,12,0.0000,12,2026-08-02,Direct
2322,951,4,SUB-00002322,2025-08-07,,Active,9,12.5000,36,2028-07-22,Direct
2323,952,9,SUB-00002323,2025-07-07,,Active,5,10.0000,24,2027-06-27,Marketplace
2324,953,7,SUB-00002324,2024-09-17,,Active,1,5.0000,12,2025-09-12,Marketplace
2325,953,9,SUB-00002325,2025-07-09,,Active,1,0.0000,36,2028-06-23,Partner
2326,953,22,SUB-00002326,2025-02-15,,Active,5,7.5000,24,2027-02-05,Direct
2327,953,1,SUB-00002327,2025-05-10,,Active,4,10.0000,12,2026-05-05,Partner
2328,954,3,SUB-00002328,2024-07-07,,Active,9,7.5000,12,2025-07-02,Direct
2329,954,20,SUB-00002329,2025-04-16,,Active,24,0.0000,36,2028-03-31,Direct
2330,954,16,SUB-00002330,2025-06-20,,Active,12,12.5000,36,2028-06-04,Direct
2331,955,8,SUB-00002331,2024-12-13,,Active,1,0.0000,36,2027-11-28,Marketplace
2332,955,24,SUB-00002332,2025-05-30,,Active,20,5.0000,24,2027-05-20,Partner
2333,955,10,SUB-00002333,2025-04-10,,Active,24,10.0000,12,2026-04-05,Marketplace
2334,955,18,SUB-00002334,2024-03-20,,Active,15,10.0000,36,2027-03-05,Direct
2335,956,7,SUB-00002335,2025-02-01,,Active,2,0.0000,12,2026-01-27,Partner
2336,956,3,SUB-00002336,2025-02-01,,Active,12,10.0000,24,2027-01-22,Marketplace
2337,957,7,SUB-00002337,2025-03-01,,Active,17,10.0000,12,2026-02-24,Direct
2338,957,20,SUB-00002338,2024-02-02,,Active,23,0.0000,24,2026-01-22,Marketplace
2339,958,1,SUB-00002339,2024-03-20,,Active,5,5.0000,12,2025-03-15,Partner
2340,958,15,SUB-00002340,2024-06-19,,Active,3,0.0000,12,2025-06-14,Marketplace
2341,958,6,SUB-00002341,2025-01-10,,Active,4,5.0000,12,2026-01-05,Partner
2342,959,12,SUB-00002342,2025-01-02,,Active,15,0.0000,36,2027-12-18,Partner
2343,959,7,SUB-00002343,2025-09-28,,Active,25,0.0000,36,2028-09-12,Partner
2344,960,12,SUB-00002344,2025-06-10,,Active,3,2.5000,24,2027-05-31,Partner
2345,960,8,SUB-00002345,2025-06-10,,Active,18,0.0000,24,2027-05-31,Partner
2346,961,23,SUB-00002346,2025-05-30,,Active,10,2.5000,12,2026-05-25,Marketplace
2347,961,7,SUB-00002347,2024-11-11,,Active,21,0.0000,12,2025-11-06,Partner
2348,961,19,SUB-00002348,2025-08-27,,Paused,20,10.0000,24,2027-08-17,Direct
2349,962,8,SUB-00002349,2024-03-06,,Active,23,0.0000,36,2027-02-19,Partner
2350,962,14,SUB-00002350,2025-03-24,,Paused,4,0.0000,12,2026-03-19,Partner
2351,962,2,SUB-00002351,2025-03-01,2025-10-07,Cancelled,25,0.0000,12,2026-02-24,Direct
2352,962,24,SUB-00002352,2025-09-27,,Active,17,2.5000,36,2028-09-11,Marketplace
2353,963,19,SUB-00002353,2025-02-04,,Active,18,5.0000,12,2026-01-30,Direct
2354,963,16,SUB-00002354,2025-09-24,,Active,15,5.0000,36,2028-09-08,Direct
2355,964,12,SUB-00002355,2025-07-27,,Active,13,0.0000,24,2027-07-17,Marketplace
2356,965,5,SUB-00002356,2025-06-30,2026-03-28,Cancelled,5,7.5000,24,2027-06-20,Direct
2357,965,17,SUB-00002357,2024-11-27,,Active,4,0.0000,36,2027-11-12,Marketplace
2358,965,21,SUB-00002358,2025-05-04,,Active,5,2.5000,36,2028-04-18,Partner
2359,965,9,SUB-00002359,2024-04-12,,Active,3,0.0000,12,2025-04-07,Partner
2360,966,6,SUB-00002360,2025-05-27,,Active,5,7.5000,24,2027-05-17,Marketplace
2361,967,24,SUB-00002361,2025-04-09,,Active,22,12.5000,36,2028-03-24,Partner
2362,967,3,SUB-00002362,2025-04-09,2026-03-21,Cancelled,10,0.0000,12,2026-04-04,Partner
2363,967,15,SUB-00002363,2025-04-09,,Active,5,5.0000,12,2026-04-04,Partner
2364,967,20,SUB-00002364,2025-04-09,,Active,6,5.0000,24,2027-03-30,Marketplace
2365,968,1,SUB-00002365,2025-04-02,,Active,3,7.5000,36,2028-03-17,Partner
2366,968,22,SUB-00002366,2024-12-27,,Active,1,0.0000,36,2027-12-12,Direct
2367,969,14,SUB-00002367,2025-04-13,,Active,4,7.5000,36,2028-03-28,Direct
2368,969,22,SUB-00002368,2024-10-31,,Active,4,7.5000,36,2027-10-16,Direct
2369,969,17,SUB-00002369,2024-10-31,,Active,5,0.0000,36,2027-10-16,Direct
2370,970,10,SUB-00002370,2025-03-08,2025-10-18,Cancelled,1,7.5000,24,2027-02-26,Marketplace
2371,971,16,SUB-00002371,2025-07-31,,Active,8,7.5000,36,2028-07-15,Direct
2372,972,14,SUB-00002372,2024-10-17,,Active,1,5.0000,24,2026-10-07,Direct
2373,972,2,SUB-00002373,2024-10-17,,Active,4,2.5000,12,2025-10-12,Direct
2374,973,19,SUB-00002374,2025-09-05,,Active,5,0.0000,24,2027-08-26,Marketplace
2375,973,6,SUB-00002375,2025-06-03,,Active,20,0.0000,12,2026-05-29,Partner
2376,973,10,SUB-00002376,2024-07-26,,Active,17,7.5000,36,2027-07-11,Partner
2377,974,7,SUB-00002377,2025-03-05,,Active,22,0.0000,36,2028-02-18,Marketplace
2378,974,3,SUB-00002378,2024-08-15,,Active,24,0.0000,24,2026-08-05,Marketplace
2379,974,24,SUB-00002379,2025-05-12,,Active,16,12.5000,36,2028-04-26,Partner
2380,975,13,SUB-00002380,2025-01-21,,Active,5,0.0000,24,2027-01-11,Direct
2381,975,21,SUB-00002381,2024-12-04,,Active,1,0.0000,36,2027-11-19,Direct
2382,975,9,SUB-00002382,2025-01-15,,Active,5,0.0000,12,2026-01-10,Direct
2383,975,2,SUB-00002383,2025-01-08,,Active,5,7.5000,36,2027-12-24,Partner
2384,976,9,SUB-00002384,2025-06-02,,Active,1,10.0000,24,2027-05-23,Partner
2385,977,24,SUB-00002385,2025-01-26,,Active,6,0.0000,24,2027-01-16,Partner
2386,977,12,SUB-00002386,2025-01-26,,Active,19,12.5000,24,2027-01-16,Direct
2387,977,3,SUB-00002387,2025-03-23,,Active,6,7.5000,36,2028-03-07,Direct
2388,978,17,SUB-00002388,2025-09-26,,Active,2,7.5000,12,2026-09-21,Marketplace
2389,979,17,SUB-00002389,2025-08-26,,Active,1,10.0000,24,2027-08-16,Marketplace
2390,979,22,SUB-00002390,2024-10-14,,Active,3,5.0000,24,2026-10-04,Partner
2391,980,18,SUB-00002391,2024-01-08,,Active,2,5.0000,12,2025-01-02,Direct
2392,980,15,SUB-00002392,2025-07-05,,Active,1,0.0000,24,2027-06-25,Marketplace
2393,980,1,SUB-00002393,2024-05-07,,Active,1,2.5000,36,2027-04-22,Partner
2394,981,1,SUB-00002394,2025-03-18,,Active,3,0.0000,36,2028-03-02,Partner
2395,981,17,SUB-00002395,2025-03-18,,Active,2,0.0000,24,2027-03-08,Partner
2396,981,5,SUB-00002396,2025-05-14,,Active,1,10.0000,36,2028-04-28,Partner
2397,981,13,SUB-00002397,2025-03-18,,Active,2,0.0000,24,2027-03-08,Marketplace
2398,982,1,SUB-00002398,2025-01-18,2025-11-04,Cancelled,5,0.0000,36,2028-01-03,Partner
2399,982,13,SUB-00002399,2025-01-18,,Active,4,10.0000,24,2027-01-08,Marketplace
2400,982,11,SUB-00002400,2025-03-06,,Active,1,7.5000,36,2028-02-19,Marketplace
2401,982,22,SUB-00002401,2025-02-27,,Active,2,7.5000,12,2026-02-22,Partner
2402,983,2,SUB-00002402,2025-06-07,,Active,3,0.0000,12,2026-06-02,Direct
2403,983,24,SUB-00002403,2025-04-06,,Active,25,10.0000,36,2028-03-21,Marketplace
2404,984,17,SUB-00002404,2025-06-03,,Active,2,0.0000,36,2028-05-18,Marketplace
2405,984,9,SUB-00002405,2024-06-14,,Active,2,10.0000,24,2026-06-04,Marketplace
2406,984,14,SUB-00002406,2025-07-30,2026-03-05,Cancelled,2,2.5000,36,2028-07-14,Direct
2407,984,6,SUB-00002407,2025-02-19,,Active,1,12.5000,36,2028-02-04,Partner
2408,985,20,SUB-00002408,2025-05-29,,Active,21,0.0000,24,2027-05-19,Marketplace
2409,985,16,SUB-00002409,2024-01-05,,Active,1,10.0000,24,2025-12-25,Direct
2410,986,16,SUB-00002410,2025-04-10,,Active,6,5.0000,24,2027-03-31,Direct
2411,986,3,SUB-00002411,2024-10-03,,Active,7,0.0000,36,2027-09-18,Partner
2412,986,20,SUB-00002412,2025-01-25,,Active,22,2.5000,12,2026-01-20,Partner
2413,987,1,SUB-00002413,2025-03-29,2026-02-01,Cancelled,5,7.5000,36,2028-03-13,Marketplace
2414,987,6,SUB-00002414,2025-07-29,,Active,1,0.0000,24,2027-07-19,Direct
2415,987,22,SUB-00002415,2025-05-11,2025-11-24,Cancelled,4,10.0000,36,2028-04-25,Partner
2416,987,13,SUB-00002416,2025-03-29,2025-10-31,Cancelled,2,10.0000,36,2028-03-13,Partner
2417,988,21,SUB-00002417,2025-07-28,2026-01-22,Cancelled,5,5.0000,36,2028-07-12,Direct
2418,988,6,SUB-00002418,2025-07-28,,Active,1,2.5000,36,2028-07-12,Direct
2419,988,10,SUB-00002419,2025-07-28,,Active,1,7.5000,36,2028-07-12,Direct
2420,989,18,SUB-00002420,2025-04-06,,Active,25,10.0000,24,2027-03-27,Partner
2421,989,22,SUB-00002421,2025-09-10,,Active,24,2.5000,12,2026-09-05,Marketplace
2422,990,10,SUB-00002422,2024-08-06,,Active,4,5.0000,24,2026-07-27,Marketplace
2423,990,17,SUB-00002423,2024-12-26,,Active,5,0.0000,24,2026-12-16,Direct
2424,991,21,SUB-00002424,2024-10-30,,Active,1,0.0000,36,2027-10-15,Marketplace
2425,991,5,SUB-00002425,2024-10-30,,Active,4,10.0000,36,2027-10-15,Direct
2426,991,14,SUB-00002426,2024-12-14,,Active,1,0.0000,12,2025-12-09,Marketplace
2427,991,17,SUB-00002427,2025-03-30,,Active,5,7.5000,36,2028-03-14,Marketplace
2428,992,17,SUB-00002428,2025-07-24,,Active,4,10.0000,12,2026-07-19,Direct
2429,992,13,SUB-00002429,2025-07-24,,Active,4,0.0000,36,2028-07-08,Direct
2430,993,17,SUB-00002430,2025-07-16,,Active,5,10.0000,12,2026-07-11,Partner
2431,993,14,SUB-00002431,2024-06-16,,Active,3,5.0000,12,2025-06-11,Marketplace
2432,994,15,SUB-00002432,2025-05-09,,Active,1,7.5000,12,2026-05-04,Partner
2433,994,10,SUB-00002433,2024-07-17,,Active,3,5.0000,36,2027-07-02,Partner
2434,995,13,SUB-00002434,2024-09-14,,Active,3,5.0000,36,2027-08-30,Partner
2435,995,6,SUB-00002435,2024-02-21,,Active,5,0.0000,24,2026-02-10,Direct
2436,995,2,SUB-00002436,2024-05-19,,Active,4,0.0000,36,2027-05-04,Partner
2437,995,21,SUB-00002437,2024-02-03,,Active,1,0.0000,36,2027-01-18,Partner
2438,996,21,SUB-00002438,2024-01-14,2024-05-11,Cancelled,1,12.5000,12,2025-01-08,Direct
2439,996,13,SUB-00002439,2025-03-27,,Active,4,5.0000,36,2028-03-11,Direct
2440,996,2,SUB-00002440,2025-07-21,,Active,5,7.5000,36,2028-07-05,Marketplace
2441,996,5,SUB-00002441,2024-04-21,,Active,2,5.0000,12,2025-04-16,Marketplace
2442,997,2,SUB-00002442,2025-08-19,2026-05-16,Cancelled,20,5.0000,36,2028-08-03,Marketplace
2443,997,22,SUB-00002443,2024-10-16,,Active,15,0.0000,12,2025-10-11,Marketplace
2444,998,19,SUB-00002444,2025-07-09,,Active,15,10.0000,36,2028-06-23,Partner
2445,998,6,SUB-00002445,2025-06-20,,Active,3,2.5000,36,2028-06-04,Partner
2446,999,17,SUB-00002446,2024-08-11,,Active,2,0.0000,36,2027-07-27,Marketplace
2447,1000,5,SUB-00002447,2025-08-05,,Active,4,0.0000,36,2028-07-20,Direct
2448,1001,2,SUB-00002448,2025-05-29,,Active,1,7.5000,12,2026-05-24,Direct
2449,1001,17,SUB-00002449,2025-06-05,2026-04-15,Cancelled,4,10.0000,24,2027-05-26,Partner
2450,1001,9,SUB-00002450,2025-05-29,2025-11-14,Cancelled,5,12.5000,12,2026-05-24,Partner
2451,1001,14,SUB-00002451,2025-05-30,,Active,1,2.5000,36,2028-05-14,Partner
2452,1002,1,SUB-00002452,2025-08-31,,Active,4,0.0000,36,2028-08-15,Partner
2453,1003,5,SUB-00002453,2025-02-18,,Active,3,7.5000,24,2027-02-08,Direct
2454,1003,10,SUB-00002454,2025-04-08,,Active,3,5.0000,24,2027-03-29,Marketplace
2455,1003,18,SUB-00002455,2025-01-21,,Active,5,0.0000,36,2028-01-06,Marketplace
2456,1004,4,SUB-00002456,2024-04-24,,Active,8,2.5000,24,2026-04-14,Marketplace
2457,1005,9,SUB-00002457,2025-03-06,,Active,1,10.0000,24,2027-02-24,Marketplace
2458,1005,21,SUB-00002458,2024-08-02,,Active,4,7.5000,12,2025-07-28,Marketplace
2459,1005,17,SUB-00002459,2024-02-22,,Active,3,10.0000,12,2025-02-16,Direct
2460,1006,6,SUB-00002460,2024-11-03,,Active,3,7.5000,36,2027-10-19,Partner
2461,1006,13,SUB-00002461,2025-04-26,,Active,4,2.5000,36,2028-04-10,Marketplace
2462,1007,12,SUB-00002462,2024-05-28,,Active,17,10.0000,24,2026-05-18,Direct
2463,1008,13,SUB-00002463,2025-03-03,,Active,2,12.5000,36,2028-02-16,Direct
2464,1008,9,SUB-00002464,2025-04-25,,Active,2,10.0000,36,2028-04-09,Marketplace
2465,1008,5,SUB-00002465,2024-07-02,,Active,2,2.5000,36,2027-06-17,Direct
2466,1008,17,SUB-00002466,2024-07-08,,Active,1,7.5000,24,2026-06-28,Partner
2467,1009,9,SUB-00002467,2025-07-05,,Active,1,5.0000,36,2028-06-19,Direct
2468,1009,17,SUB-00002468,2025-02-04,,Active,5,0.0000,12,2026-01-30,Partner
2469,1009,1,SUB-00002469,2025-02-04,,Active,4,7.5000,24,2027-01-25,Partner
2470,1010,21,SUB-00002470,2024-05-22,,Active,3,0.0000,12,2025-05-17,Marketplace
2471,1011,17,SUB-00002471,2024-11-17,,Active,3,12.5000,24,2026-11-07,Partner
2472,1011,5,SUB-00002472,2024-01-21,,Active,4,0.0000,36,2027-01-05,Marketplace
2473,1011,21,SUB-00002473,2025-04-23,,Active,4,2.5000,36,2028-04-07,Direct
2474,1011,9,SUB-00002474,2024-02-12,,Active,2,0.0000,12,2025-02-06,Direct
2475,1012,18,SUB-00002475,2024-05-16,,Active,4,5.0000,36,2027-05-01,Marketplace
2476,1012,5,SUB-00002476,2024-09-17,,Active,1,2.5000,36,2027-09-02,Direct
2477,1013,15,SUB-00002477,2025-02-25,,Active,25,0.0000,12,2026-02-20,Marketplace
2478,1014,1,SUB-00002478,2025-01-22,,Active,5,10.0000,12,2026-01-17,Direct
2479,1014,5,SUB-00002479,2025-01-22,2025-09-28,Cancelled,5,10.0000,36,2028-01-07,Direct
2480,1014,9,SUB-00002480,2025-01-22,,Active,3,10.0000,12,2026-01-17,Marketplace
2481,1015,20,SUB-00002481,2024-12-09,,Active,4,10.0000,12,2025-12-04,Direct
2482,1016,13,SUB-00002482,2025-05-18,,Active,4,2.5000,36,2028-05-02,Direct
2483,1016,2,SUB-00002483,2025-02-19,,Active,5,2.5000,36,2028-02-04,Partner
2484,1016,21,SUB-00002484,2025-02-19,,Paused,4,0.0000,12,2026-02-14,Marketplace
2485,1017,9,SUB-00002485,2024-04-20,,Active,5,7.5000,24,2026-04-10,Direct
2486,1017,2,SUB-00002486,2025-05-26,,Active,3,7.5000,12,2026-05-21,Partner
2487,1017,14,SUB-00002487,2024-10-26,,Paused,2,0.0000,36,2027-10-11,Partner
2488,1018,6,SUB-00002488,2024-04-23,,Active,4,0.0000,24,2026-04-13,Partner
2489,1018,3,SUB-00002489,2024-12-01,,Active,23,0.0000,12,2025-11-26,Partner
2490,1019,5,SUB-00002490,2024-08-27,,Active,2,7.5000,12,2025-08-22,Direct
2491,1020,5,SUB-00002491,2024-09-20,,Active,3,0.0000,36,2027-09-05,Marketplace
2492,1020,14,SUB-00002492,2024-09-20,,Active,2,7.5000,12,2025-09-15,Marketplace
2493,1021,21,SUB-00002493,2024-12-12,,Active,2,0.0000,12,2025-12-07,Marketplace
2494,1022,3,SUB-00002494,2025-06-16,,Active,4,7.5000,36,2028-05-31,Marketplace
2495,1023,6,SUB-00002495,2025-04-22,,Active,1,12.5000,24,2027-04-12,Partner
2496,1024,19,SUB-00002496,2024-04-19,2024-09-19,Cancelled,16,5.0000,36,2027-04-04,Marketplace
2497,1024,11,SUB-00002497,2025-02-07,,Active,9,10.0000,36,2028-01-23,Partner
2498,1024,24,SUB-00002498,2024-10-27,,Active,1,12.5000,24,2026-10-17,Direct
2499,1025,10,SUB-00002499,2025-05-20,,Paused,4,0.0000,24,2027-05-10,Direct
2500,1025,23,SUB-00002500,2025-05-20,,Active,18,5.0000,24,2027-05-10,Direct
2501,1026,2,SUB-00002501,2025-02-15,,Active,23,7.5000,12,2026-02-10,Partner
2502,1026,20,SUB-00002502,2025-03-04,,Active,2,2.5000,36,2028-02-17,Marketplace
2503,1026,23,SUB-00002503,2025-04-26,2026-01-02,Cancelled,5,5.0000,36,2028-04-10,Marketplace
2504,1027,13,SUB-00002504,2024-10-01,,Active,5,2.5000,12,2025-09-26,Marketplace
2505,1028,6,SUB-00002505,2025-09-05,,Active,13,0.0000,24,2027-08-26,Marketplace
2506,1028,11,SUB-00002506,2025-09-06,,Active,10,0.0000,36,2028-08-21,Direct
2507,1029,22,SUB-00002507,2024-11-07,,Active,16,2.5000,24,2026-10-28,Marketplace
2508,1030,20,SUB-00002508,2025-09-22,,Active,18,0.0000,12,2026-09-17,Marketplace
2509,1030,24,SUB-00002509,2025-05-05,,Active,25,0.0000,24,2027-04-25,Marketplace
2510,1030,3,SUB-00002510,2024-12-17,,Active,18,0.0000,24,2026-12-07,Direct
2511,1030,12,SUB-00002511,2024-09-27,,Active,11,10.0000,36,2027-09-12,Marketplace
2512,1031,22,SUB-00002512,2025-07-03,,Active,5,12.5000,12,2026-06-28,Marketplace
2513,1031,17,SUB-00002513,2025-08-25,,Active,2,2.5000,12,2026-08-20,Partner
2514,1031,1,SUB-00002514,2025-07-03,,Active,5,10.0000,36,2028-06-17,Partner
2515,1032,16,SUB-00002515,2024-07-07,,Active,5,0.0000,36,2027-06-22,Direct
2516,1033,23,SUB-00002516,2025-03-02,,Active,3,10.0000,24,2027-02-20,Direct
2517,1033,11,SUB-00002517,2025-07-27,,Active,23,2.5000,24,2027-07-17,Direct
2518,1033,19,SUB-00002518,2025-03-02,,Active,19,10.0000,12,2026-02-25,Partner
2519,1033,14,SUB-00002519,2025-03-02,,Active,4,5.0000,24,2027-02-20,Marketplace
2520,1034,1,SUB-00002520,2025-03-31,,Active,1,0.0000,24,2027-03-21,Marketplace
2521,1034,21,SUB-00002521,2025-05-12,,Active,2,0.0000,12,2026-05-07,Marketplace
2522,1034,13,SUB-00002522,2024-06-06,,Active,3,12.5000,24,2026-05-27,Marketplace
2523,1035,24,SUB-00002523,2025-09-02,,Active,14,7.5000,24,2027-08-23,Partner
2524,1035,20,SUB-00002524,2024-09-06,,Active,2,7.5000,36,2027-08-22,Direct
2525,1036,16,SUB-00002525,2025-05-22,,Active,23,10.0000,24,2027-05-12,Direct
2526,1036,12,SUB-00002526,2024-08-17,2024-12-16,Cancelled,6,7.5000,36,2027-08-02,Partner
2527,1037,1,SUB-00002527,2025-02-22,,Active,3,0.0000,36,2028-02-07,Partner
2528,1038,17,SUB-00002528,2025-04-24,,Active,3,0.0000,12,2026-04-19,Partner
2529,1039,5,SUB-00002529,2025-08-06,,Paused,3,2.5000,36,2028-07-21,Marketplace
2530,1039,17,SUB-00002530,2025-04-17,,Active,4,0.0000,24,2027-04-07,Direct
2531,1039,2,SUB-00002531,2025-02-11,,Active,1,7.5000,36,2028-01-27,Marketplace
2532,1040,7,SUB-00002532,2024-12-09,2025-07-31,Cancelled,4,12.5000,24,2026-11-29,Marketplace
2533,1040,9,SUB-00002533,2025-03-22,2025-08-14,Cancelled,3,7.5000,36,2028-03-06,Direct
2534,1040,2,SUB-00002534,2024-08-31,2025-07-28,Cancelled,2,0.0000,24,2026-08-21,Direct
2535,1041,22,SUB-00002535,2025-03-18,,Active,3,5.0000,24,2027-03-08,Marketplace
2536,1041,9,SUB-00002536,2024-06-09,,Active,4,5.0000,36,2027-05-25,Direct
2537,1042,2,SUB-00002537,2025-05-30,,Active,3,2.5000,36,2028-05-14,Marketplace
2538,1042,10,SUB-00002538,2025-05-30,,Active,15,10.0000,12,2026-05-25,Partner
2539,1042,22,SUB-00002539,2025-05-30,,Active,24,7.5000,24,2027-05-20,Marketplace
2540,1043,7,SUB-00002540,2025-09-29,2026-07-20,Cancelled,5,12.5000,24,2027-09-19,Partner
2541,1043,13,SUB-00002541,2025-08-23,,Active,5,10.0000,36,2028-08-07,Marketplace
2542,1043,9,SUB-00002542,2025-02-12,,Paused,4,0.0000,12,2026-02-07,Partner
2543,1044,19,SUB-00002543,2025-04-02,,Active,19,2.5000,36,2028-03-17,Partner
2544,1044,8,SUB-00002544,2024-03-09,,Active,25,5.0000,12,2025-03-04,Partner
2545,1044,24,SUB-00002545,2025-03-09,,Active,9,10.0000,36,2028-02-22,Direct
2546,1045,9,SUB-00002546,2024-06-01,,Active,3,2.5000,36,2027-05-17,Direct
2547,1045,18,SUB-00002547,2024-03-28,,Active,1,0.0000,36,2027-03-13,Partner
2548,1045,21,SUB-00002548,2024-03-28,,Active,5,5.0000,36,2027-03-13,Direct
2549,1045,1,SUB-00002549,2025-02-15,,Active,5,2.5000,36,2028-01-31,Direct
2550,1046,20,SUB-00002550,2025-07-08,,Paused,21,0.0000,36,2028-06-22,Marketplace
2551,1047,9,SUB-00002551,2024-07-21,,Active,1,0.0000,24,2026-07-11,Partner
2552,1048,12,SUB-00002552,2025-06-14,,Active,19,0.0000,36,2028-05-29,Marketplace
2553,1048,3,SUB-00002553,2024-05-07,,Active,14,0.0000,24,2026-04-27,Direct
2554,1048,20,SUB-00002554,2025-03-16,,Active,5,0.0000,24,2027-03-06,Direct
2555,1048,24,SUB-00002555,2025-06-20,,Active,15,5.0000,12,2026-06-15,Marketplace
2556,1049,17,SUB-00002556,2024-12-08,,Active,2,0.0000,12,2025-12-03,Direct
2557,1049,13,SUB-00002557,2025-01-13,,Active,1,10.0000,24,2027-01-03,Partner
2558,1049,5,SUB-00002558,2024-12-08,,Active,1,5.0000,24,2026-11-28,Direct
2559,1050,11,SUB-00002559,2024-12-26,,Active,24,7.5000,12,2025-12-21,Direct
2560,1050,8,SUB-00002560,2024-01-24,,Active,24,12.5000,24,2026-01-13,Partner
2561,1050,3,SUB-00002561,2024-08-10,,Active,25,7.5000,36,2027-07-26,Partner
2562,1050,15,SUB-00002562,2025-05-31,2026-02-10,Cancelled,17,2.5000,36,2028-05-15,Marketplace
2563,1051,12,SUB-00002563,2024-10-04,,Active,5,12.5000,36,2027-09-19,Marketplace
2564,1051,24,SUB-00002564,2024-08-11,,Active,13,2.5000,12,2025-08-06,Direct
2565,1052,6,SUB-00002565,2025-04-23,,Active,4,2.5000,24,2027-04-13,Direct
2566,1052,10,SUB-00002566,2025-04-23,,Active,5,7.5000,12,2026-04-18,Partner
2567,1052,13,SUB-00002567,2025-04-23,2026-03-11,Cancelled,4,0.0000,36,2028-04-07,Marketplace
2568,1053,9,SUB-00002568,2025-05-17,,Active,5,5.0000,12,2026-05-12,Partner
2569,1054,9,SUB-00002569,2024-04-07,,Active,1,0.0000,36,2027-03-23,Marketplace
2570,1054,21,SUB-00002570,2025-03-17,,Active,5,0.0000,36,2028-03-01,Partner
2571,1054,17,SUB-00002571,2025-05-08,,Active,1,0.0000,36,2028-04-22,Marketplace
2572,1054,14,SUB-00002572,2024-08-23,,Active,5,0.0000,36,2027-08-08,Partner
2573,1055,14,SUB-00002573,2025-05-02,,Active,2,5.0000,36,2028-04-16,Direct
2574,1056,20,SUB-00002574,2024-05-12,,Active,25,12.5000,12,2025-05-07,Partner
2575,1056,16,SUB-00002575,2024-09-15,,Active,6,0.0000,24,2026-09-05,Marketplace
2576,1057,17,SUB-00002576,2024-11-12,,Active,4,2.5000,24,2026-11-02,Marketplace
2577,1057,21,SUB-00002577,2025-06-01,,Active,3,12.5000,24,2027-05-22,Partner
2578,1057,10,SUB-00002578,2025-05-30,,Active,1,10.0000,36,2028-05-14,Marketplace
2579,1058,6,SUB-00002579,2024-05-13,,Active,3,5.0000,36,2027-04-28,Partner
2580,1058,21,SUB-00002580,2024-10-23,,Active,4,0.0000,24,2026-10-13,Marketplace
2581,1059,5,SUB-00002581,2025-08-10,,Active,3,0.0000,24,2027-07-31,Marketplace
2582,1059,19,SUB-00002582,2024-06-26,,Active,1,0.0000,12,2025-06-21,Marketplace
2583,1059,21,SUB-00002583,2025-08-07,,Active,5,10.0000,24,2027-07-28,Partner
2584,1059,13,SUB-00002584,2025-04-20,,Active,2,0.0000,36,2028-04-04,Direct
2585,1060,4,SUB-00002585,2024-02-28,,Active,14,10.0000,12,2025-02-22,Marketplace
2586,1061,9,SUB-00002586,2025-05-15,,Active,5,0.0000,24,2027-05-05,Marketplace
2587,1062,21,SUB-00002587,2025-07-12,2026-02-22,Cancelled,3,12.5000,12,2026-07-07,Direct
2588,1062,13,SUB-00002588,2025-07-12,,Active,4,7.5000,36,2028-06-26,Marketplace
2589,1062,6,SUB-00002589,2025-07-12,,Active,4,0.0000,24,2027-07-02,Marketplace
2590,1062,9,SUB-00002590,2025-07-12,,Active,4,7.5000,12,2026-07-07,Marketplace
2591,1063,8,SUB-00002591,2024-09-13,,Active,25,7.5000,36,2027-08-29,Marketplace
2592,1063,12,SUB-00002592,2024-03-12,,Active,15,0.0000,12,2025-03-07,Partner
2593,1063,15,SUB-00002593,2025-06-06,,Active,22,0.0000,12,2026-06-01,Partner
2594,1063,24,SUB-00002594,2025-02-26,,Active,9,12.5000,36,2028-02-11,Direct
2595,1064,5,SUB-00002595,2025-01-12,,Active,2,0.0000,24,2027-01-02,Direct
2596,1065,18,SUB-00002596,2025-01-15,,Active,18,12.5000,36,2027-12-31,Marketplace
2597,1065,7,SUB-00002597,2024-12-30,2025-05-16,Cancelled,24,0.0000,36,2027-12-15,Marketplace
2598,1066,22,SUB-00002598,2025-09-01,,Active,9,10.0000,24,2027-08-22,Marketplace
2599,1066,15,SUB-00002599,2025-07-23,,Active,20,2.5000,24,2027-07-13,Marketplace
2600,1066,19,SUB-00002600,2025-07-23,,Active,9,2.5000,24,2027-07-13,Marketplace
2601,1066,3,SUB-00002601,2025-09-11,,Active,7,0.0000,24,2027-09-01,Direct
2602,1067,1,SUB-00002602,2025-07-14,2026-02-21,Cancelled,1,12.5000,36,2028-06-28,Marketplace
2603,1067,13,SUB-00002603,2025-07-14,,Active,3,2.5000,12,2026-07-09,Marketplace
2604,1067,22,SUB-00002604,2025-07-14,,Active,2,7.5000,12,2026-07-09,Marketplace
2605,1067,10,SUB-00002605,2025-07-14,2026-04-14,Cancelled,3,0.0000,36,2028-06-28,Partner
2606,1068,20,SUB-00002606,2025-09-07,,Active,6,12.5000,12,2026-09-02,Direct
2607,1069,6,SUB-00002607,2024-04-17,,Active,5,2.5000,12,2025-04-12,Partner
2608,1070,7,SUB-00002608,2025-03-20,,Active,12,12.5000,36,2028-03-04,Partner
2609,1070,22,SUB-00002609,2024-09-29,,Active,3,7.5000,12,2025-09-24,Partner
2610,1070,15,SUB-00002610,2024-12-10,,Active,23,7.5000,36,2027-11-25,Partner
2611,1071,23,SUB-00002611,2025-02-21,,Active,5,0.0000,24,2027-02-11,Marketplace
2612,1071,19,SUB-00002612,2025-02-21,,Active,15,12.5000,12,2026-02-16,Direct
2613,1072,18,SUB-00002613,2025-02-23,,Active,5,5.0000,24,2027-02-13,Marketplace
2614,1072,9,SUB-00002614,2024-11-24,,Active,5,2.5000,12,2025-11-19,Direct
2615,1072,2,SUB-00002615,2025-06-22,2026-05-23,Cancelled,3,10.0000,36,2028-06-06,Marketplace
2616,1073,22,SUB-00002616,2024-12-12,,Paused,5,0.0000,36,2027-11-27,Direct
2617,1073,13,SUB-00002617,2025-08-31,,Active,4,10.0000,24,2027-08-21,Direct
2618,1073,17,SUB-00002618,2024-09-02,,Active,3,2.5000,24,2026-08-23,Direct
2619,1074,10,SUB-00002619,2025-08-10,,Active,16,0.0000,24,2027-07-31,Direct
2620,1074,7,SUB-00002620,2025-05-29,,Active,1,0.0000,12,2026-05-24,Direct
2621,1075,5,SUB-00002621,2024-10-22,2025-04-14,Cancelled,1,5.0000,24,2026-10-12,Direct
2622,1075,13,SUB-00002622,2025-04-29,,Paused,4,10.0000,12,2026-04-24,Direct
2623,1075,21,SUB-00002623,2025-04-06,,Active,1,7.5000,12,2026-04-01,Marketplace
2624,1075,9,SUB-00002624,2024-11-01,,Active,4,7.5000,24,2026-10-22,Direct
2625,1076,17,SUB-00002625,2025-05-22,,Active,3,7.5000,24,2027-05-12,Partner
2626,1076,9,SUB-00002626,2025-05-22,,Active,4,2.5000,36,2028-05-06,Marketplace
2627,1076,13,SUB-00002627,2025-05-22,,Active,2,0.0000,24,2027-05-12,Direct
2628,1076,5,SUB-00002628,2025-05-22,,Active,5,0.0000,24,2027-05-12,Marketplace
2629,1077,5,SUB-00002629,2024-09-26,2025-01-08,Cancelled,1,7.5000,36,2027-09-11,Marketplace
2630,1077,1,SUB-00002630,2025-03-24,,Active,3,0.0000,12,2026-03-19,Partner
2631,1077,18,SUB-00002631,2024-11-06,,Active,4,0.0000,12,2025-11-01,Direct
2632,1077,9,SUB-00002632,2025-02-20,,Active,2,7.5000,24,2027-02-10,Marketplace
2633,1078,18,SUB-00002633,2025-02-09,,Active,4,10.0000,12,2026-02-04,Direct
2634,1078,11,SUB-00002634,2025-04-26,,Active,25,12.5000,36,2028-04-10,Direct
2635,1078,3,SUB-00002635,2025-08-25,,Active,17,2.5000,24,2027-08-15,Partner
2636,1078,23,SUB-00002636,2025-05-26,,Active,11,7.5000,36,2028-05-10,Direct
2637,1079,12,SUB-00002637,2025-07-04,,Active,6,0.0000,24,2027-06-24,Marketplace
2638,1080,22,SUB-00002638,2024-07-05,,Active,5,12.5000,36,2027-06-20,Marketplace
2639,1081,1,SUB-00002639,2024-12-06,,Active,3,10.0000,36,2027-11-21,Partner
2640,1081,13,SUB-00002640,2024-07-27,,Active,4,0.0000,36,2027-07-12,Partner
2641,1082,21,SUB-00002641,2025-02-11,,Active,4,7.5000,36,2028-01-27,Marketplace
2642,1082,9,SUB-00002642,2025-02-11,,Active,4,0.0000,36,2028-01-27,Partner
2643,1082,1,SUB-00002643,2025-04-09,,Paused,1,2.5000,36,2028-03-24,Direct
2644,1083,1,SUB-00002644,2024-05-25,,Active,2,12.5000,36,2027-05-10,Direct
2645,1083,22,SUB-00002645,2024-12-07,,Active,5,0.0000,12,2025-12-02,Direct
2646,1083,13,SUB-00002646,2024-05-25,,Active,1,10.0000,12,2025-05-20,Marketplace
2647,1083,17,SUB-00002647,2024-08-08,,Active,5,2.5000,12,2025-08-03,Partner
2648,1084,19,SUB-00002648,2025-02-08,,Active,13,12.5000,24,2027-01-29,Partner
2649,1085,16,SUB-00002649,2024-09-06,,Active,10,0.0000,36,2027-08-22,Direct
2650,1085,18,SUB-00002650,2024-05-13,,Active,6,7.5000,24,2026-05-03,Marketplace
2651,1085,3,SUB-00002651,2025-07-07,,Active,5,2.5000,24,2027-06-27,Partner
2652,1086,24,SUB-00002652,2024-06-01,,Active,4,0.0000,12,2025-05-27,Partner
2653,1086,11,SUB-00002653,2025-08-16,,Active,17,0.0000,12,2026-08-11,Partner
2654,1086,16,SUB-00002654,2025-01-10,,Active,8,5.0000,36,2027-12-26,Direct
2655,1086,4,SUB-00002655,2024-02-13,,Active,18,5.0000,12,2025-02-07,Direct
2656,1087,13,SUB-00002656,2025-08-07,,Active,4,5.0000,36,2028-07-22,Marketplace
2657,1087,10,SUB-00002657,2025-03-23,,Active,5,0.0000,36,2028-03-07,Marketplace
2658,1088,19,SUB-00002658,2024-08-10,,Active,6,5.0000,24,2026-07-31,Partner
2659,1088,14,SUB-00002659,2024-02-09,,Active,3,5.0000,36,2027-01-24,Marketplace
2660,1089,13,SUB-00002660,2024-09-10,,Active,1,5.0000,36,2027-08-26,Partner
2661,1089,9,SUB-00002661,2025-07-17,,Active,2,7.5000,36,2028-07-01,Direct
2662,1090,1,SUB-00002662,2025-03-24,,Active,4,2.5000,12,2026-03-19,Direct
2663,1090,17,SUB-00002663,2025-02-20,,Active,1,2.5000,36,2028-02-05,Marketplace
2664,1090,9,SUB-00002664,2025-07-16,,Active,3,7.5000,12,2026-07-11,Partner
2665,1091,14,SUB-00002665,2024-08-25,,Active,14,0.0000,12,2025-08-20,Direct
2666,1091,19,SUB-00002666,2024-06-25,,Active,19,7.5000,12,2025-06-20,Partner
2667,1091,23,SUB-00002667,2024-10-13,2025-02-10,Cancelled,21,12.5000,24,2026-10-03,Direct
2668,1091,3,SUB-00002668,2024-12-10,,Active,9,0.0000,24,2026-11-30,Partner
2669,1092,1,SUB-00002669,2025-03-03,2025-10-14,Cancelled,3,0.0000,24,2027-02-21,Partner
2670,1093,23,SUB-00002670,2025-05-27,,Active,14,5.0000,36,2028-05-11,Marketplace
2671,1093,20,SUB-00002671,2024-08-25,,Active,18,0.0000,12,2025-08-20,Partner
2672,1094,20,SUB-00002672,2024-07-12,,Active,20,10.0000,36,2027-06-27,Partner
2673,1094,16,SUB-00002673,2025-03-02,,Active,22,0.0000,12,2026-02-25,Partner
2674,1094,8,SUB-00002674,2025-03-21,,Active,10,0.0000,36,2028-03-05,Partner
2675,1094,24,SUB-00002675,2024-07-21,,Active,5,0.0000,12,2025-07-16,Direct
2676,1095,12,SUB-00002676,2025-03-31,,Active,5,7.5000,12,2026-03-26,Direct
2677,1095,15,SUB-00002677,2025-03-31,,Active,9,0.0000,36,2028-03-15,Marketplace
2678,1095,2,SUB-00002678,2025-03-31,,Active,23,0.0000,24,2027-03-21,Marketplace
2679,1096,5,SUB-00002679,2025-02-20,,Active,2,10.0000,24,2027-02-10,Direct
2680,1096,17,SUB-00002680,2024-10-25,,Active,5,0.0000,24,2026-10-15,Marketplace
2681,1097,23,SUB-00002681,2025-04-13,,Active,19,5.0000,24,2027-04-03,Partner
2682,1097,7,SUB-00002682,2025-03-03,,Active,6,10.0000,24,2027-02-21,Partner
2683,1097,15,SUB-00002683,2024-08-23,,Active,21,2.5000,24,2026-08-13,Direct
2684,1098,21,SUB-00002684,2024-07-30,,Active,3,2.5000,12,2025-07-25,Partner
2685,1099,8,SUB-00002685,2024-12-21,,Active,22,0.0000,12,2025-12-16,Marketplace
2686,1100,17,SUB-00002686,2025-01-25,,Active,1,0.0000,12,2026-01-20,Marketplace
2687,1101,8,SUB-00002687,2024-03-14,,Active,22,2.5000,12,2025-03-09,Marketplace
2688,1101,20,SUB-00002688,2024-09-08,,Active,19,0.0000,24,2026-08-29,Direct
2689,1102,7,SUB-00002689,2024-08-29,,Active,13,0.0000,36,2027-08-14,Direct
2690,1102,11,SUB-00002690,2024-11-14,,Active,5,7.5000,24,2026-11-04,Direct
2691,1102,23,SUB-00002691,2024-04-11,,Active,5,0.0000,12,2025-04-06,Direct
2692,1102,15,SUB-00002692,2025-05-06,,Active,21,0.0000,36,2028-04-20,Partner
2693,1103,2,SUB-00002693,2025-07-31,,Active,4,10.0000,36,2028-07-15,Partner
2694,1103,18,SUB-00002694,2025-07-19,,Active,2,0.0000,12,2026-07-14,Partner
2695,1104,7,SUB-00002695,2024-10-17,,Active,9,2.5000,36,2027-10-02,Marketplace
2696,1105,1,SUB-00002696,2024-02-23,,Active,4,0.0000,24,2026-02-12,Partner
2697,1106,24,SUB-00002697,2024-10-18,,Active,21,12.5000,24,2026-10-08,Marketplace
2698,1107,6,SUB-00002698,2025-06-29,,Active,5,2.5000,12,2026-06-24,Direct
2699,1107,14,SUB-00002699,2025-01-10,,Active,22,2.5000,12,2026-01-05,Marketplace
2700,1108,5,SUB-00002700,2025-02-13,,Active,3,5.0000,36,2028-01-29,Partner
2701,1108,21,SUB-00002701,2025-02-13,,Active,2,10.0000,36,2028-01-29,Partner
2702,1108,19,SUB-00002702,2025-02-13,,Active,1,5.0000,24,2027-02-03,Partner
2703,1109,1,SUB-00002703,2025-05-26,,Paused,5,0.0000,36,2028-05-10,Marketplace
2704,1109,5,SUB-00002704,2024-06-17,,Active,5,0.0000,12,2025-06-12,Partner
2705,1110,22,SUB-00002705,2025-03-06,,Paused,2,0.0000,36,2028-02-19,Partner
2706,1110,7,SUB-00002706,2024-11-30,2025-10-08,Cancelled,6,0.0000,12,2025-11-25,Partner
2707,1111,14,SUB-00002707,2024-10-09,,Active,2,2.5000,12,2025-10-04,Direct
2708,1112,7,SUB-00002708,2024-12-27,2025-05-09,Cancelled,23,12.5000,12,2025-12-22,Direct
2709,1112,16,SUB-00002709,2025-04-21,,Active,4,7.5000,36,2028-04-05,Direct
2710,1112,4,SUB-00002710,2024-12-27,,Active,8,7.5000,24,2026-12-17,Direct
2711,1112,24,SUB-00002711,2025-01-12,,Active,12,0.0000,12,2026-01-07,Partner
2712,1113,22,SUB-00002712,2024-07-09,,Active,4,0.0000,36,2027-06-24,Partner
2713,1114,5,SUB-00002713,2025-01-09,,Active,4,12.5000,36,2027-12-25,Partner
2714,1114,21,SUB-00002714,2025-01-09,,Active,2,0.0000,24,2026-12-30,Direct
2715,1114,14,SUB-00002715,2025-01-09,,Active,4,0.0000,24,2026-12-30,Partner
2716,1114,2,SUB-00002716,2025-05-03,,Active,1,0.0000,12,2026-04-28,Partner
2717,1115,10,SUB-00002717,2025-05-27,,Active,4,12.5000,24,2027-05-17,Direct
2718,1115,17,SUB-00002718,2025-05-18,,Active,3,0.0000,36,2028-05-02,Marketplace
2719,1116,11,SUB-00002719,2024-11-21,2025-08-18,Cancelled,16,0.0000,36,2027-11-06,Direct
2720,1117,13,SUB-00002720,2025-02-16,,Active,2,0.0000,12,2026-02-11,Direct
2721,1117,5,SUB-00002721,2025-06-29,,Active,5,0.0000,12,2026-06-24,Partner
2722,1117,21,SUB-00002722,2025-08-24,,Active,3,0.0000,24,2027-08-14,Direct
2723,1118,9,SUB-00002723,2025-06-19,,Active,4,0.0000,24,2027-06-09,Partner
2724,1119,10,SUB-00002724,2024-06-25,,Active,3,0.0000,24,2026-06-15,Partner
2725,1120,16,SUB-00002725,2024-07-28,,Active,5,2.5000,24,2026-07-18,Direct
2726,1120,4,SUB-00002726,2024-07-28,,Active,2,2.5000,24,2026-07-18,Marketplace
2727,1120,8,SUB-00002727,2024-12-12,,Active,23,10.0000,36,2027-11-27,Partner
2728,1120,20,SUB-00002728,2025-03-10,,Active,8,0.0000,24,2027-02-28,Partner
2729,1121,13,SUB-00002729,2024-02-04,,Active,1,2.5000,24,2026-01-24,Partner
2730,1121,7,SUB-00002730,2024-10-24,,Active,2,0.0000,36,2027-10-09,Marketplace
2731,1121,21,SUB-00002731,2025-07-02,,Active,3,12.5000,24,2027-06-22,Marketplace
2732,1122,1,SUB-00002732,2024-12-27,,Active,3,5.0000,12,2025-12-22,Partner
2733,1122,9,SUB-00002733,2024-12-27,,Active,5,12.5000,36,2027-12-12,Direct
2734,1122,5,SUB-00002734,2024-12-27,,Active,2,7.5000,36,2027-12-12,Direct
2735,1122,17,SUB-00002735,2024-12-27,,Active,2,12.5000,24,2026-12-17,Direct
2736,1123,18,SUB-00002736,2025-02-11,,Active,1,7.5000,36,2028-01-27,Direct
2737,1124,4,SUB-00002737,2025-09-05,,Active,17,0.0000,24,2027-08-26,Marketplace
2738,1125,15,SUB-00002738,2025-06-01,,Active,20,0.0000,12,2026-05-27,Partner
2739,1125,2,SUB-00002739,2025-09-03,,Paused,23,10.0000,24,2027-08-24,Direct
2740,1125,7,SUB-00002740,2025-02-07,,Active,4,0.0000,36,2028-01-23,Marketplace
2741,1126,17,SUB-00002741,2025-03-24,,Active,2,2.5000,36,2028-03-08,Direct
2742,1127,14,SUB-00002742,2024-05-20,2024-12-05,Cancelled,17,7.5000,24,2026-05-10,Partner
2743,1128,21,SUB-00002743,2024-04-28,,Active,2,12.5000,24,2026-04-18,Marketplace
2744,1129,21,SUB-00002744,2025-05-18,,Active,2,0.0000,12,2026-05-13,Marketplace
2745,1129,2,SUB-00002745,2025-09-15,,Active,2,12.5000,24,2027-09-05,Partner
2746,1129,5,SUB-00002746,2025-09-24,,Active,1,7.5000,36,2028-09-08,Marketplace
2747,1129,17,SUB-00002747,2025-01-05,,Active,5,12.5000,36,2027-12-21,Partner
2748,1130,14,SUB-00002748,2025-07-02,,Active,8,0.0000,24,2027-06-22,Partner
2749,1130,24,SUB-00002749,2025-07-02,,Active,22,0.0000,12,2026-06-27,Direct
2750,1131,9,SUB-00002750,2024-07-11,,Active,2,5.0000,24,2026-07-01,Partner
2751,1131,3,SUB-00002751,2024-06-23,,Active,2,2.5000,12,2025-06-18,Direct
2752,1132,24,SUB-00002752,2025-04-30,,Active,24,5.0000,12,2026-04-25,Direct
2753,1133,17,SUB-00002753,2025-03-26,,Active,1,2.5000,36,2028-03-10,Direct
2754,1134,6,SUB-00002754,2025-01-19,2025-04-22,Cancelled,5,2.5000,36,2028-01-04,Partner
2755,1134,1,SUB-00002755,2025-04-04,,Active,5,2.5000,36,2028-03-19,Marketplace
2756,1134,21,SUB-00002756,2024-08-24,,Active,2,12.5000,36,2027-08-09,Direct
2757,1134,14,SUB-00002757,2024-06-22,,Active,1,12.5000,24,2026-06-12,Partner
2758,1135,9,SUB-00002758,2025-06-03,,Active,3,0.0000,36,2028-05-18,Marketplace
2759,1136,19,SUB-00002759,2025-01-05,,Active,5,5.0000,36,2027-12-21,Partner
2760,1137,9,SUB-00002760,2025-06-11,,Active,1,7.5000,24,2027-06-01,Partner
2761,1137,6,SUB-00002761,2024-08-09,2024-11-15,Cancelled,4,10.0000,36,2027-07-25,Partner
2762,1137,22,SUB-00002762,2024-08-06,,Active,1,10.0000,12,2025-08-01,Marketplace
2763,1137,13,SUB-00002763,2024-08-13,,Active,1,2.5000,12,2025-08-08,Partner
2764,1138,13,SUB-00002764,2024-01-09,,Active,2,0.0000,12,2025-01-03,Partner
2765,1139,2,SUB-00002765,2025-03-03,,Active,2,0.0000,24,2027-02-21,Partner
2766,1140,11,SUB-00002766,2025-08-05,,Active,18,5.0000,36,2028-07-20,Partner
2767,1140,2,SUB-00002767,2025-08-05,,Active,20,0.0000,24,2027-07-26,Partner
2768,1141,5,SUB-00002768,2024-03-27,,Active,1,7.5000,24,2026-03-17,Partner
2769,1141,9,SUB-00002769,2024-11-17,,Active,5,0.0000,36,2027-11-02,Marketplace
2770,1142,9,SUB-00002770,2024-12-23,,Active,5,0.0000,24,2026-12-13,Marketplace
2771,1142,1,SUB-00002771,2024-12-23,2025-09-24,Cancelled,1,7.5000,24,2026-12-13,Marketplace
2772,1142,18,SUB-00002772,2024-12-23,,Active,4,12.5000,36,2027-12-08,Partner
2773,1142,5,SUB-00002773,2024-12-23,,Active,1,5.0000,12,2025-12-18,Direct
2774,1143,16,SUB-00002774,2025-07-13,,Active,9,10.0000,12,2026-07-08,Partner
2775,1143,4,SUB-00002775,2025-07-13,,Paused,10,10.0000,12,2026-07-08,Partner
2776,1143,24,SUB-00002776,2025-07-13,,Active,15,7.5000,12,2026-07-08,Direct
2777,1144,9,SUB-00002777,2025-02-09,,Active,1,0.0000,24,2027-01-30,Direct
2778,1144,21,SUB-00002778,2024-12-05,2025-11-19,Cancelled,1,0.0000,36,2027-11-20,Marketplace
2779,1144,6,SUB-00002779,2025-01-16,,Active,5,7.5000,12,2026-01-11,Marketplace
2780,1145,2,SUB-00002780,2025-08-18,,Active,21,10.0000,12,2026-08-13,Marketplace
2781,1146,5,SUB-00002781,2024-04-13,2024-11-06,Cancelled,2,2.5000,36,2027-03-29,Direct
2782,1146,1,SUB-00002782,2024-06-15,,Active,4,5.0000,24,2026-06-05,Partner
2783,1146,17,SUB-00002783,2025-01-09,,Active,2,5.0000,36,2027-12-25,Marketplace
2784,1147,7,SUB-00002784,2025-07-11,,Active,8,12.5000,12,2026-07-06,Marketplace
2785,1147,19,SUB-00002785,2025-09-01,,Active,24,7.5000,36,2028-08-16,Marketplace
2786,1147,15,SUB-00002786,2025-07-11,,Active,11,5.0000,12,2026-07-06,Partner
2787,1148,22,SUB-00002787,2024-10-23,,Active,4,0.0000,36,2027-10-08,Marketplace
2788,1148,15,SUB-00002788,2025-05-03,,Active,4,2.5000,24,2027-04-23,Partner
2789,1149,9,SUB-00002789,2024-04-24,,Active,1,10.0000,36,2027-04-09,Direct
2790,1150,13,SUB-00002790,2025-03-11,,Active,5,0.0000,36,2028-02-24,Marketplace
2791,1150,5,SUB-00002791,2025-02-05,,Active,5,2.5000,24,2027-01-26,Direct
2792,1150,1,SUB-00002792,2025-06-27,,Active,3,0.0000,24,2027-06-17,Direct
2793,1150,21,SUB-00002793,2025-02-05,,Active,4,12.5000,36,2028-01-21,Direct
2794,1151,15,SUB-00002794,2024-11-17,2025-10-03,Cancelled,15,0.0000,24,2026-11-07,Direct
2795,1151,4,SUB-00002795,2025-01-03,,Active,10,0.0000,24,2026-12-24,Marketplace
2796,1151,23,SUB-00002796,2024-11-27,,Active,7,12.5000,12,2025-11-22,Partner
2797,1152,12,SUB-00002797,2024-12-10,,Active,16,10.0000,36,2027-11-25,Marketplace
2798,1152,15,SUB-00002798,2024-09-28,,Active,1,7.5000,12,2025-09-23,Direct
2799,1152,7,SUB-00002799,2025-04-26,,Active,23,0.0000,36,2028-04-10,Partner
2800,1153,1,SUB-00002800,2025-07-22,,Active,2,10.0000,36,2028-07-06,Partner
2801,1153,21,SUB-00002801,2025-07-07,,Active,4,10.0000,12,2026-07-02,Marketplace
2802,1153,14,SUB-00002802,2024-07-20,,Active,4,10.0000,36,2027-07-05,Direct
2803,1153,9,SUB-00002803,2025-04-23,,Active,4,0.0000,36,2028-04-07,Partner
2804,1154,13,SUB-00002804,2024-11-13,,Active,4,0.0000,36,2027-10-29,Partner
2805,1154,1,SUB-00002805,2025-02-01,2025-12-06,Cancelled,5,12.5000,36,2028-01-17,Marketplace
2806,1154,9,SUB-00002806,2024-11-13,,Paused,1,2.5000,24,2026-11-03,Direct
2807,1155,6,SUB-00002807,2024-08-01,,Active,4,0.0000,24,2026-07-22,Partner
2808,1155,1,SUB-00002808,2025-01-23,,Active,5,0.0000,36,2028-01-08,Direct
2809,1155,21,SUB-00002809,2024-09-26,,Active,5,0.0000,12,2025-09-21,Marketplace
2810,1156,15,SUB-00002810,2024-12-31,,Active,2,0.0000,36,2027-12-16,Direct
2811,1156,10,SUB-00002811,2025-09-09,,Active,5,5.0000,24,2027-08-30,Direct
2812,1156,5,SUB-00002812,2025-05-08,,Active,3,0.0000,24,2027-04-28,Marketplace
2813,1156,17,SUB-00002813,2025-05-05,,Active,3,0.0000,12,2026-04-30,Marketplace
2814,1157,15,SUB-00002814,2025-05-01,,Active,15,2.5000,12,2026-04-26,Direct
2815,1157,12,SUB-00002815,2024-12-26,,Active,20,0.0000,12,2025-12-21,Partner
2816,1158,22,SUB-00002816,2025-07-08,,Active,4,12.5000,12,2026-07-03,Marketplace
2817,1158,18,SUB-00002817,2025-07-08,,Active,4,0.0000,12,2026-07-03,Marketplace
2818,1158,13,SUB-00002818,2025-09-23,2025-12-31,Cancelled,4,10.0000,12,2026-09-18,Marketplace
2819,1159,9,SUB-00002819,2024-07-06,,Active,4,2.5000,36,2027-06-21,Direct
2820,1159,2,SUB-00002820,2024-10-19,,Active,1,12.5000,12,2025-10-14,Direct
2821,1160,21,SUB-00002821,2024-09-11,2025-03-12,Cancelled,4,7.5000,24,2026-09-01,Partner
2822,1161,9,SUB-00002822,2024-11-21,2025-06-06,Cancelled,3,2.5000,12,2025-11-16,Direct
2823,1162,18,SUB-00002823,2025-01-30,,Active,3,2.5000,24,2027-01-20,Partner
2824,1163,23,SUB-00002824,2025-04-17,,Active,15,7.5000,24,2027-04-07,Partner
2825,1164,6,SUB-00002825,2024-04-17,,Active,4,2.5000,36,2027-04-02,Partner
2826,1165,21,SUB-00002826,2024-02-18,,Active,1,5.0000,12,2025-02-12,Marketplace
2827,1165,17,SUB-00002827,2025-09-23,,Active,3,0.0000,12,2026-09-18,Direct
2828,1166,9,SUB-00002828,2025-04-18,,Active,1,0.0000,36,2028-04-02,Marketplace
2829,1166,5,SUB-00002829,2025-04-18,,Active,4,0.0000,36,2028-04-02,Direct
2830,1166,2,SUB-00002830,2025-04-18,2025-12-25,Cancelled,2,0.0000,24,2027-04-08,Marketplace
2831,1166,13,SUB-00002831,2025-04-18,,Active,3,12.5000,24,2027-04-08,Partner
2832,1167,17,SUB-00002832,2025-02-01,,Active,1,5.0000,24,2027-01-22,Direct
2833,1167,1,SUB-00002833,2025-02-01,,Active,5,10.0000,36,2028-01-17,Direct
2834,1167,14,SUB-00002834,2025-02-01,,Active,4,0.0000,36,2028-01-17,Direct
2835,1167,9,SUB-00002835,2025-02-01,,Paused,1,12.5000,24,2027-01-22,Marketplace
2836,1168,18,SUB-00002836,2024-06-23,,Active,11,0.0000,24,2026-06-13,Partner
2837,1168,10,SUB-00002837,2024-10-12,,Active,9,0.0000,36,2027-09-27,Marketplace
2838,1168,3,SUB-00002838,2024-12-20,2025-05-22,Cancelled,8,12.5000,12,2025-12-15,Marketplace
2839,1169,19,SUB-00002839,2024-09-15,,Active,3,0.0000,36,2027-08-31,Partner
2840,1169,9,SUB-00002840,2024-06-02,,Active,5,0.0000,12,2025-05-28,Partner
2841,1169,2,SUB-00002841,2024-09-28,,Active,2,2.5000,12,2025-09-23,Marketplace
2842,1169,14,SUB-00002842,2024-04-17,2024-11-21,Cancelled,1,12.5000,36,2027-04-02,Direct
2843,1170,1,SUB-00002843,2025-01-29,,Active,1,0.0000,36,2028-01-14,Direct
2844,1170,10,SUB-00002844,2025-06-03,,Active,4,0.0000,24,2027-05-24,Marketplace
2845,1170,5,SUB-00002845,2025-03-19,,Active,5,0.0000,24,2027-03-09,Direct
2846,1171,5,SUB-00002846,2024-02-12,,Active,3,0.0000,36,2027-01-27,Partner
2847,1171,23,SUB-00002847,2025-05-11,,Active,4,5.0000,36,2028-04-25,Marketplace
2848,1172,6,SUB-00002848,2024-02-16,,Active,3,12.5000,24,2026-02-05,Marketplace
2849,1173,1,SUB-00002849,2024-06-29,,Active,4,0.0000,36,2027-06-14,Direct
2850,1173,5,SUB-00002850,2025-07-26,2026-04-25,Cancelled,4,0.0000,36,2028-07-10,Direct
2851,1173,10,SUB-00002851,2025-02-11,,Active,3,7.5000,36,2028-01-27,Marketplace
2852,1173,17,SUB-00002852,2024-05-06,,Active,1,10.0000,24,2026-04-26,Marketplace
2853,1174,9,SUB-00002853,2025-07-08,,Active,4,0.0000,24,2027-06-28,Direct
2854,1174,22,SUB-00002854,2025-05-14,,Active,5,0.0000,12,2026-05-09,Direct
2855,1174,1,SUB-00002855,2025-07-16,,Active,5,12.5000,12,2026-07-11,Marketplace
2856,1174,18,SUB-00002856,2025-07-26,,Active,5,2.5000,24,2027-07-16,Marketplace
2857,1175,23,SUB-00002857,2024-01-05,,Active,17,5.0000,24,2025-12-25,Direct
2858,1175,3,SUB-00002858,2024-01-06,,Active,11,10.0000,24,2025-12-26,Direct
2859,1175,7,SUB-00002859,2025-01-28,,Active,8,12.5000,24,2027-01-18,Partner
2860,1176,21,SUB-00002860,2025-01-05,,Active,3,12.5000,36,2027-12-21,Direct
2861,1177,5,SUB-00002861,2025-08-02,,Active,2,0.0000,24,2027-07-23,Marketplace
2862,1177,2,SUB-00002862,2025-08-02,,Active,4,7.5000,36,2028-07-17,Partner
2863,1178,18,SUB-00002863,2024-10-16,,Paused,6,0.0000,12,2025-10-11,Marketplace
2864,1178,6,SUB-00002864,2024-12-18,,Paused,23,0.0000,24,2026-12-08,Marketplace
2865,1178,2,SUB-00002865,2024-09-05,,Active,3,0.0000,12,2025-08-31,Partner
2866,1178,11,SUB-00002866,2025-01-05,,Active,24,0.0000,12,2025-12-31,Marketplace
2867,1179,21,SUB-00002867,2024-04-04,,Paused,1,12.5000,24,2026-03-25,Partner
2868,1179,9,SUB-00002868,2024-03-10,,Active,2,2.5000,24,2026-02-28,Direct
2869,1179,17,SUB-00002869,2025-07-29,,Active,4,2.5000,36,2028-07-13,Marketplace
2870,1180,20,SUB-00002870,2025-06-09,,Active,20,0.0000,36,2028-05-24,Partner
2871,1180,8,SUB-00002871,2025-06-09,,Active,4,2.5000,12,2026-06-04,Partner
2872,1180,11,SUB-00002872,2025-06-09,,Active,8,10.0000,36,2028-05-24,Partner
2873,1180,16,SUB-00002873,2025-06-09,,Active,3,5.0000,24,2027-05-30,Marketplace
2874,1181,10,SUB-00002874,2025-05-22,,Active,5,7.5000,36,2028-05-06,Direct
2875,1181,2,SUB-00002875,2025-06-30,,Active,4,2.5000,24,2027-06-20,Direct
2876,1181,15,SUB-00002876,2025-05-22,,Active,2,2.5000,24,2027-05-12,Marketplace
2877,1182,2,SUB-00002877,2024-05-28,2024-11-12,Cancelled,16,0.0000,24,2026-05-18,Partner
2878,1182,22,SUB-00002878,2025-03-21,,Active,2,12.5000,24,2027-03-11,Marketplace
2879,1183,13,SUB-00002879,2024-11-18,,Active,4,2.5000,24,2026-11-08,Partner
2880,1183,17,SUB-00002880,2024-07-17,2025-07-11,Cancelled,2,2.5000,36,2027-07-02,Direct
2881,1184,17,SUB-00002881,2025-08-17,,Active,1,12.5000,36,2028-08-01,Partner
2882,1185,1,SUB-00002882,2024-02-19,,Active,4,2.5000,36,2027-02-03,Partner
2883,1186,17,SUB-00002883,2025-02-02,,Active,1,0.0000,24,2027-01-23,Partner
2884,1186,6,SUB-00002884,2025-05-13,2025-11-02,Cancelled,3,0.0000,36,2028-04-27,Marketplace
2885,1186,2,SUB-00002885,2025-03-08,,Active,5,0.0000,36,2028-02-21,Direct
2886,1186,21,SUB-00002886,2025-03-29,,Active,1,2.5000,12,2026-03-24,Partner
2887,1187,11,SUB-00002887,2025-06-27,,Active,9,2.5000,24,2027-06-17,Direct
2888,1188,23,SUB-00002888,2025-04-13,,Active,6,0.0000,36,2028-03-28,Direct
2889,1188,14,SUB-00002889,2025-03-08,,Active,11,12.5000,36,2028-02-21,Marketplace
2890,1188,19,SUB-00002890,2025-07-23,,Active,17,0.0000,12,2026-07-18,Marketplace
2891,1189,3,SUB-00002891,2024-07-29,,Active,17,12.5000,24,2026-07-19,Direct
2892,1189,14,SUB-00002892,2025-05-13,,Active,21,12.5000,36,2028-04-27,Direct
2893,1189,7,SUB-00002893,2025-05-04,,Active,9,12.5000,36,2028-04-18,Marketplace
2894,1190,8,SUB-00002894,2024-04-23,,Active,8,0.0000,24,2026-04-13,Partner
2895,1190,19,SUB-00002895,2025-03-21,2025-11-24,Cancelled,1,12.5000,12,2026-03-16,Marketplace
2896,1190,2,SUB-00002896,2024-04-27,,Active,13,0.0000,24,2026-04-17,Direct
2897,1191,12,SUB-00002897,2024-09-18,,Active,10,0.0000,24,2026-09-08,Partner
2898,1191,20,SUB-00002898,2024-09-18,,Active,15,0.0000,36,2027-09-03,Direct
2899,1191,16,SUB-00002899,2024-09-18,,Active,25,5.0000,24,2026-09-08,Direct
2900,1191,23,SUB-00002900,2024-09-18,,Active,7,2.5000,36,2027-09-03,Marketplace
2901,1192,8,SUB-00002901,2024-09-08,,Active,21,10.0000,24,2026-08-29,Direct
2902,1192,4,SUB-00002902,2024-09-08,,Active,21,0.0000,24,2026-08-29,Marketplace
2903,1193,21,SUB-00002903,2024-11-08,,Active,2,7.5000,36,2027-10-24,Direct
2904,1193,1,SUB-00002904,2024-06-01,,Active,4,0.0000,24,2026-05-22,Marketplace
2905,1193,6,SUB-00002905,2025-08-03,2025-12-25,Cancelled,4,10.0000,12,2026-07-29,Partner
2906,1194,4,SUB-00002906,2024-02-25,,Active,9,10.0000,12,2025-02-19,Direct
2907,1194,12,SUB-00002907,2024-01-05,,Active,5,7.5000,36,2026-12-20,Marketplace
2908,1194,16,SUB-00002908,2024-02-27,,Active,4,10.0000,24,2026-02-16,Partner
2909,1195,3,SUB-00002909,2025-04-03,,Active,13,0.0000,12,2026-03-29,Direct
2910,1195,15,SUB-00002910,2024-01-01,,Paused,1,10.0000,36,2026-12-16,Partner
2911,1195,18,SUB-00002911,2024-09-08,,Active,25,10.0000,24,2026-08-29,Partner
2912,1196,4,SUB-00002912,2025-06-24,,Active,22,5.0000,12,2026-06-19,Direct
2913,1196,11,SUB-00002913,2025-06-24,,Active,7,12.5000,24,2027-06-14,Partner
2914,1197,9,SUB-00002914,2025-07-31,,Active,1,7.5000,36,2028-07-15,Partner
2915,1197,5,SUB-00002915,2024-11-08,,Active,2,0.0000,12,2025-11-03,Marketplace
2916,1197,21,SUB-00002916,2024-11-08,,Active,2,0.0000,24,2026-10-29,Marketplace
2917,1198,13,SUB-00002917,2024-10-16,2025-09-12,Cancelled,4,0.0000,36,2027-10-01,Partner
2918,1198,21,SUB-00002918,2025-05-07,,Active,5,2.5000,12,2026-05-02,Marketplace
2919,1198,18,SUB-00002919,2025-04-06,,Active,1,0.0000,36,2028-03-21,Direct
2920,1199,17,SUB-00002920,2025-06-04,,Active,4,5.0000,12,2026-05-30,Direct
2921,1199,13,SUB-00002921,2024-12-30,,Active,1,0.0000,36,2027-12-15,Partner
2922,1199,9,SUB-00002922,2025-01-07,,Active,3,5.0000,24,2026-12-28,Direct
2923,1199,5,SUB-00002923,2024-04-29,,Active,3,2.5000,36,2027-04-14,Partner
2924,1200,17,SUB-00002924,2024-04-01,,Active,2,7.5000,24,2026-03-22,Marketplace
2925,1200,13,SUB-00002925,2025-07-06,,Active,3,0.0000,36,2028-06-20,Marketplace
2926,1200,5,SUB-00002926,2025-06-19,2025-11-07,Cancelled,1,0.0000,12,2026-06-14,Partner
2927,1201,11,SUB-00002927,2024-09-19,,Active,17,2.5000,24,2026-09-09,Partner
2928,1201,19,SUB-00002928,2024-02-29,,Active,20,7.5000,24,2026-02-18,Marketplace
2929,1201,7,SUB-00002929,2025-01-29,,Active,6,5.0000,36,2028-01-14,Marketplace
2930,1202,5,SUB-00002930,2024-10-31,,Active,4,0.0000,24,2026-10-21,Partner
2931,1202,17,SUB-00002931,2025-09-10,,Active,2,2.5000,36,2028-08-25,Marketplace
2932,1203,20,SUB-00002932,2025-04-16,,Active,4,2.5000,36,2028-03-31,Marketplace
2933,1203,24,SUB-00002933,2025-04-16,,Active,1,0.0000,24,2027-04-06,Partner
2934,1203,12,SUB-00002934,2025-09-09,,Active,10,12.5000,36,2028-08-24,Marketplace
2935,1203,8,SUB-00002935,2025-04-16,,Active,3,12.5000,36,2028-03-31,Marketplace
2936,1204,21,SUB-00002936,2024-11-01,,Active,1,10.0000,24,2026-10-22,Marketplace
2937,1204,9,SUB-00002937,2024-02-21,,Paused,1,0.0000,12,2025-02-15,Direct
2938,1205,17,SUB-00002938,2025-04-20,,Active,2,7.5000,12,2026-04-15,Direct
2939,1205,13,SUB-00002939,2024-07-16,,Paused,2,12.5000,12,2025-07-11,Partner
2940,1205,23,SUB-00002940,2025-08-12,,Active,4,5.0000,36,2028-07-27,Marketplace
2941,1205,2,SUB-00002941,2025-02-08,,Active,2,0.0000,36,2028-01-24,Direct
2942,1206,17,SUB-00002942,2025-05-18,,Paused,3,12.5000,12,2026-05-13,Marketplace
2943,1206,9,SUB-00002943,2024-09-14,,Active,1,10.0000,36,2027-08-30,Marketplace
2944,1206,5,SUB-00002944,2024-09-26,,Active,5,0.0000,36,2027-09-11,Partner
2945,1207,14,SUB-00002945,2024-08-22,,Active,1,12.5000,36,2027-08-07,Direct
2946,1207,9,SUB-00002946,2024-03-31,,Active,2,0.0000,36,2027-03-16,Marketplace
2947,1207,1,SUB-00002947,2025-05-03,,Active,3,10.0000,24,2027-04-23,Partner
2948,1207,19,SUB-00002948,2025-04-15,,Paused,1,7.5000,36,2028-03-30,Direct
2949,1208,3,SUB-00002949,2024-07-08,,Active,13,5.0000,24,2026-06-28,Partner
2950,1208,16,SUB-00002950,2025-04-13,,Active,16,12.5000,12,2026-04-08,Partner
2951,1208,7,SUB-00002951,2025-03-19,,Paused,25,0.0000,36,2028-03-03,Direct
2952,1209,22,SUB-00002952,2024-07-09,,Active,1,10.0000,12,2025-07-04,Direct
2953,1209,15,SUB-00002953,2024-08-13,,Active,10,0.0000,12,2025-08-08,Marketplace
2954,1210,23,SUB-00002954,2025-03-03,,Active,5,10.0000,12,2026-02-26,Direct
2955,1211,4,SUB-00002955,2025-03-18,,Active,8,10.0000,24,2027-03-08,Partner
2956,1211,15,SUB-00002956,2024-05-01,,Active,21,12.5000,12,2025-04-26,Partner
2957,1211,8,SUB-00002957,2025-08-31,,Active,2,10.0000,36,2028-08-15,Marketplace
2958,1212,3,SUB-00002958,2024-07-21,,Active,8,0.0000,12,2025-07-16,Marketplace
2959,1213,13,SUB-00002959,2025-07-30,,Active,3,2.5000,36,2028-07-14,Partner
2960,1213,21,SUB-00002960,2025-06-02,,Active,5,0.0000,12,2026-05-28,Marketplace
2961,1213,1,SUB-00002961,2025-06-02,,Active,3,0.0000,24,2027-05-23,Direct
2962,1213,10,SUB-00002962,2025-06-02,,Active,3,10.0000,12,2026-05-28,Partner
2963,1214,17,SUB-00002963,2024-08-28,,Active,5,0.0000,24,2026-08-18,Marketplace
2964,1215,3,SUB-00002964,2025-08-04,,Active,7,0.0000,24,2027-07-25,Partner
2965,1215,20,SUB-00002965,2025-07-05,,Active,21,0.0000,12,2026-06-30,Partner
2966,1216,15,SUB-00002966,2025-08-17,2026-06-28,Cancelled,20,0.0000,12,2026-08-12,Partner
2967,1217,2,SUB-00002967,2024-12-21,,Active,1,2.5000,36,2027-12-06,Marketplace
2968,1217,21,SUB-00002968,2025-08-01,,Active,1,0.0000,12,2026-07-27,Partner
2969,1217,6,SUB-00002969,2025-09-30,,Active,1,10.0000,36,2028-09-14,Marketplace
2970,1217,9,SUB-00002970,2025-03-15,,Active,1,0.0000,36,2028-02-28,Partner
2971,1218,7,SUB-00002971,2024-04-26,,Active,18,0.0000,24,2026-04-16,Partner
2972,1218,23,SUB-00002972,2024-06-06,,Paused,20,12.5000,24,2026-05-27,Partner
2973,1218,19,SUB-00002973,2024-06-29,,Paused,2,2.5000,24,2026-06-19,Direct
2974,1218,2,SUB-00002974,2025-04-03,,Active,6,0.0000,24,2027-03-24,Marketplace
2975,1219,13,SUB-00002975,2025-08-01,,Active,5,7.5000,36,2028-07-16,Marketplace
2976,1219,2,SUB-00002976,2025-09-05,2025-12-09,Cancelled,2,10.0000,36,2028-08-20,Direct
2977,1219,9,SUB-00002977,2025-08-01,,Active,5,7.5000,24,2027-07-22,Marketplace
2978,1220,18,SUB-00002978,2024-06-25,,Active,3,5.0000,12,2025-06-20,Direct
2979,1220,2,SUB-00002979,2024-09-03,,Active,3,7.5000,36,2027-08-19,Partner
2980,1220,13,SUB-00002980,2024-04-15,,Active,3,7.5000,12,2025-04-10,Direct
2981,1221,10,SUB-00002981,2024-04-01,,Active,2,0.0000,36,2027-03-17,Partner
2982,1221,5,SUB-00002982,2024-08-13,,Active,2,0.0000,12,2025-08-08,Marketplace
2983,1222,20,SUB-00002983,2025-03-18,,Active,1,12.5000,24,2027-03-08,Direct
2984,1222,4,SUB-00002984,2025-03-06,,Active,25,7.5000,36,2028-02-19,Marketplace
2985,1223,19,SUB-00002985,2024-10-26,,Active,2,10.0000,12,2025-10-21,Direct
2986,1224,22,SUB-00002986,2025-06-12,,Active,4,0.0000,36,2028-05-27,Partner
2987,1224,18,SUB-00002987,2025-06-12,,Paused,1,7.5000,36,2028-05-27,Partner
2988,1224,13,SUB-00002988,2025-06-12,,Active,4,12.5000,12,2026-06-07,Partner
2989,1225,6,SUB-00002989,2025-04-05,2025-10-22,Cancelled,10,0.0000,36,2028-03-20,Partner
2990,1226,23,SUB-00002990,2025-07-11,,Active,24,12.5000,36,2028-06-25,Direct
2991,1226,2,SUB-00002991,2025-06-21,,Active,11,2.5000,12,2026-06-16,Marketplace
2992,1226,10,SUB-00002992,2024-06-02,,Active,22,10.0000,36,2027-05-18,Partner
2993,1226,7,SUB-00002993,2025-05-13,,Active,4,0.0000,24,2027-05-03,Marketplace
2994,1227,8,SUB-00002994,2025-03-04,,Active,9,10.0000,36,2028-02-17,Partner
2995,1227,3,SUB-00002995,2025-03-04,2025-07-10,Cancelled,18,10.0000,36,2028-02-17,Direct
2996,1227,20,SUB-00002996,2025-03-04,2025-12-15,Cancelled,22,2.5000,12,2026-02-27,Marketplace
2997,1228,7,SUB-00002997,2025-08-19,,Active,10,0.0000,36,2028-08-03,Partner
2998,1228,3,SUB-00002998,2024-10-06,,Active,1,7.5000,12,2025-10-01,Partner
2999,1229,6,SUB-00002999,2024-11-19,2025-09-01,Cancelled,5,5.0000,36,2027-11-04,Direct
3000,1229,21,SUB-00003000,2025-06-25,,Active,1,10.0000,36,2028-06-09,Direct
3001,1229,17,SUB-00003001,2024-04-11,,Active,2,10.0000,24,2026-04-01,Direct
3002,1230,18,SUB-00003002,2025-03-27,,Active,3,2.5000,36,2028-03-11,Partner
3003,1230,5,SUB-00003003,2025-03-27,,Active,4,2.5000,36,2028-03-11,Marketplace
3004,1231,23,SUB-00003004,2025-07-21,,Active,10,2.5000,12,2026-07-16,Direct
3005,1231,11,SUB-00003005,2025-07-21,,Active,4,0.0000,36,2028-07-05,Marketplace
3006,1232,10,SUB-00003006,2025-04-18,,Active,23,2.5000,12,2026-04-13,Direct
3007,1233,17,SUB-00003007,2025-03-27,,Active,2,2.5000,24,2027-03-17,Direct
3008,1234,13,SUB-00003008,2024-01-18,,Active,2,12.5000,24,2026-01-07,Partner
3009,1234,1,SUB-00003009,2025-06-29,,Active,4,2.5000,24,2027-06-19,Direct
3010,1235,13,SUB-00003010,2024-06-20,,Active,1,0.0000,24,2026-06-10,Marketplace
3011,1235,1,SUB-00003011,2024-03-12,,Active,3,0.0000,24,2026-03-02,Direct
3012,1235,9,SUB-00003012,2024-07-18,,Active,4,0.0000,36,2027-07-03,Direct
3013,1236,19,SUB-00003013,2025-01-31,2025-09-19,Cancelled,13,10.0000,12,2026-01-26,Direct
3014,1237,14,SUB-00003014,2024-05-26,,Active,3,7.5000,24,2026-05-16,Direct
3015,1237,18,SUB-00003015,2024-07-28,,Active,2,2.5000,36,2027-07-13,Direct
3016,1238,13,SUB-00003016,2025-02-10,,Paused,5,5.0000,24,2027-01-31,Partner
3017,1238,2,SUB-00003017,2025-02-10,2025-10-31,Cancelled,1,2.5000,36,2028-01-26,Direct
3018,1238,22,SUB-00003018,2025-02-10,,Active,2,5.0000,12,2026-02-05,Direct
3019,1239,9,SUB-00003019,2025-08-03,,Active,2,2.5000,36,2028-07-18,Marketplace
3020,1239,21,SUB-00003020,2025-01-05,,Active,1,7.5000,24,2026-12-26,Marketplace
3021,1239,13,SUB-00003021,2024-04-14,,Active,3,0.0000,24,2026-04-04,Direct
3022,1239,18,SUB-00003022,2024-05-04,,Paused,1,2.5000,24,2026-04-24,Marketplace
3023,1240,18,SUB-00003023,2024-10-24,,Active,2,0.0000,24,2026-10-14,Direct
3024,1240,5,SUB-00003024,2024-08-06,2025-05-15,Cancelled,3,0.0000,12,2025-08-01,Marketplace
3025,1240,21,SUB-00003025,2024-06-24,,Active,3,0.0000,36,2027-06-09,Partner
3026,1241,13,SUB-00003026,2025-04-17,,Active,3,10.0000,24,2027-04-07,Direct
3027,1241,6,SUB-00003027,2025-06-11,,Active,5,10.0000,36,2028-05-26,Partner
3028,1241,9,SUB-00003028,2024-01-11,,Active,5,12.5000,12,2025-01-05,Direct
3029,1242,6,SUB-00003029,2024-10-18,,Active,3,5.0000,24,2026-10-08,Direct
3030,1243,11,SUB-00003030,2025-04-15,2025-12-12,Cancelled,12,7.5000,12,2026-04-10,Partner
3031,1243,3,SUB-00003031,2025-04-15,,Paused,14,7.5000,36,2028-03-30,Partner
3032,1243,20,SUB-00003032,2025-04-15,,Active,7,10.0000,24,2027-04-05,Marketplace
3033,1243,23,SUB-00003033,2025-06-17,,Active,17,0.0000,12,2026-06-12,Partner
3034,1244,7,SUB-00003034,2024-08-15,2025-04-13,Cancelled,4,12.5000,24,2026-08-05,Direct
3035,1244,11,SUB-00003035,2025-01-06,,Active,7,0.0000,12,2026-01-01,Direct
3036,1244,22,SUB-00003036,2024-08-15,,Active,12,5.0000,12,2025-08-10,Direct
3037,1244,3,SUB-00003037,2025-02-01,,Active,2,7.5000,12,2026-01-27,Marketplace
3038,1245,13,SUB-00003038,2024-07-11,,Active,5,10.0000,36,2027-06-26,Marketplace
3039,1245,21,SUB-00003039,2024-06-16,,Active,3,10.0000,36,2027-06-01,Direct
3040,1245,9,SUB-00003040,2025-01-30,,Active,4,10.0000,24,2027-01-20,Partner
3041,1246,5,SUB-00003041,2024-12-04,,Active,1,0.0000,12,2025-11-29,Marketplace
3042,1246,22,SUB-00003042,2025-08-17,,Active,1,0.0000,36,2028-08-01,Marketplace
3043,1246,13,SUB-00003043,2024-12-08,,Active,2,7.5000,12,2025-12-03,Marketplace
3044,1246,1,SUB-00003044,2025-07-08,,Active,5,0.0000,24,2027-06-28,Marketplace
3045,1247,18,SUB-00003045,2024-02-13,,Active,4,2.5000,24,2026-02-02,Direct
3046,1248,3,SUB-00003046,2024-04-17,,Active,13,0.0000,36,2027-04-02,Marketplace
3047,1248,7,SUB-00003047,2024-12-02,,Active,19,12.5000,12,2025-11-27,Direct
3048,1249,11,SUB-00003048,2024-10-11,,Active,1,5.0000,12,2025-10-06,Direct
3049,1249,5,SUB-00003049,2025-07-19,,Active,3,7.5000,36,2028-07-03,Partner
3050,1249,21,SUB-00003050,2024-06-16,,Active,2,0.0000,36,2027-06-01,Marketplace
3051,1250,14,SUB-00003051,2024-07-14,,Active,3,0.0000,12,2025-07-09,Partner
3052,1250,11,SUB-00003052,2024-07-14,,Active,15,10.0000,36,2027-06-29,Marketplace
3053,1250,23,SUB-00003053,2025-01-28,,Active,24,10.0000,36,2028-01-13,Direct
3054,1250,20,SUB-00003054,2024-07-14,,Active,9,0.0000,24,2026-07-04,Direct
3055,1251,22,SUB-00003055,2025-04-26,,Active,2,0.0000,24,2027-04-16,Marketplace
3056,1251,3,SUB-00003056,2025-04-26,,Active,1,10.0000,24,2027-04-16,Marketplace
3057,1251,5,SUB-00003057,2025-04-26,,Active,2,0.0000,36,2028-04-10,Partner
3058,1251,9,SUB-00003058,2025-04-26,,Active,3,7.5000,24,2027-04-16,Partner
3059,1252,23,SUB-00003059,2025-03-10,,Active,6,10.0000,24,2027-02-28,Partner
3060,1252,2,SUB-00003060,2025-07-12,,Active,8,2.5000,36,2028-06-26,Direct
3061,1252,18,SUB-00003061,2025-06-03,,Active,12,10.0000,36,2028-05-18,Direct
3062,1253,20,SUB-00003062,2025-09-27,,Active,10,5.0000,12,2026-09-22,Partner
3063,1254,1,SUB-00003063,2025-04-23,,Active,5,12.5000,12,2026-04-18,Direct
3064,1254,6,SUB-00003064,2024-09-25,,Active,1,2.5000,36,2027-09-10,Partner
3065,1255,18,SUB-00003065,2024-07-22,,Active,1,2.5000,24,2026-07-12,Partner
3066,1255,13,SUB-00003066,2024-10-20,,Active,4,2.5000,24,2026-10-10,Marketplace
3067,1256,5,SUB-00003067,2025-05-01,,Active,4,0.0000,36,2028-04-15,Marketplace
3068,1256,21,SUB-00003068,2024-07-08,,Active,1,0.0000,24,2026-06-28,Direct
3069,1256,17,SUB-00003069,2024-02-22,,Active,1,12.5000,36,2027-02-06,Marketplace
3070,1256,13,SUB-00003070,2025-05-19,,Paused,2,10.0000,24,2027-05-09,Marketplace
3071,1257,9,SUB-00003071,2024-12-17,,Active,5,0.0000,12,2025-12-12,Direct
3072,1257,17,SUB-00003072,2025-09-16,,Active,3,2.5000,36,2028-08-31,Direct
3073,1257,22,SUB-00003073,2025-06-13,,Active,2,7.5000,12,2026-06-08,Direct
3074,1258,5,SUB-00003074,2024-06-27,,Active,5,10.0000,12,2025-06-22,Direct
3075,1258,18,SUB-00003075,2024-06-12,,Active,4,12.5000,12,2025-06-07,Marketplace
3076,1258,21,SUB-00003076,2025-05-18,,Active,1,0.0000,12,2026-05-13,Marketplace
3077,1258,10,SUB-00003077,2025-03-24,,Active,2,0.0000,12,2026-03-19,Marketplace
3078,1259,19,SUB-00003078,2025-04-02,,Active,7,12.5000,24,2027-03-23,Marketplace
3079,1259,3,SUB-00003079,2025-05-06,,Active,15,12.5000,12,2026-05-01,Partner
3080,1260,23,SUB-00003080,2024-06-03,,Active,19,0.0000,36,2027-05-19,Partner
3081,1261,24,SUB-00003081,2025-02-26,,Active,14,10.0000,36,2028-02-11,Marketplace
3082,1261,11,SUB-00003082,2025-03-02,,Active,12,2.5000,12,2026-02-25,Partner
3083,1261,16,SUB-00003083,2025-07-30,,Active,11,2.5000,12,2026-07-25,Partner
3084,1262,13,SUB-00003084,2024-10-25,,Active,2,2.5000,24,2026-10-15,Marketplace
3085,1263,9,SUB-00003085,2024-11-28,,Active,4,12.5000,12,2025-11-23,Marketplace
3086,1263,21,SUB-00003086,2024-06-26,,Active,5,0.0000,36,2027-06-11,Partner
3087,1263,6,SUB-00003087,2025-03-24,,Active,5,5.0000,36,2028-03-08,Direct
3088,1263,13,SUB-00003088,2024-08-07,,Active,4,0.0000,24,2026-07-28,Marketplace
3089,1264,17,SUB-00003089,2025-02-27,,Active,1,12.5000,12,2026-02-22,Marketplace
3090,1264,2,SUB-00003090,2024-08-28,,Paused,4,7.5000,12,2025-08-23,Marketplace
3091,1264,5,SUB-00003091,2025-02-17,,Active,4,5.0000,24,2027-02-07,Marketplace
3092,1264,21,SUB-00003092,2024-03-13,,Active,1,7.5000,12,2025-03-08,Partner
3093,1265,14,SUB-00003093,2024-08-03,,Active,3,0.0000,36,2027-07-19,Direct
3094,1266,13,SUB-00003094,2024-04-29,,Active,1,7.5000,24,2026-04-19,Direct
3095,1266,19,SUB-00003095,2024-01-22,,Active,3,10.0000,36,2027-01-06,Marketplace
3096,1266,1,SUB-00003096,2024-10-27,,Active,4,12.5000,12,2025-10-22,Partner
3097,1266,9,SUB-00003097,2024-01-18,,Active,2,10.0000,24,2026-01-07,Direct
3098,1267,22,SUB-00003098,2024-11-13,,Active,19,10.0000,36,2027-10-29,Partner
3099,1267,19,SUB-00003099,2025-04-22,,Paused,4,5.0000,24,2027-04-12,Marketplace
3100,1267,10,SUB-00003100,2025-06-23,,Active,24,10.0000,24,2027-06-13,Direct
3101,1268,6,SUB-00003101,2024-06-10,,Active,1,5.0000,36,2027-05-26,Partner
3102,1268,1,SUB-00003102,2024-07-21,,Active,3,12.5000,24,2026-07-11,Marketplace
3103,1269,12,SUB-00003103,2025-02-14,,Active,18,12.5000,24,2027-02-04,Direct
3104,1270,13,SUB-00003104,2024-12-22,,Active,4,0.0000,24,2026-12-12,Marketplace
3105,1270,10,SUB-00003105,2024-04-11,,Active,4,12.5000,12,2025-04-06,Marketplace
3106,1271,24,SUB-00003106,2024-05-11,,Active,20,10.0000,36,2027-04-26,Partner
3107,1271,15,SUB-00003107,2024-11-17,,Active,4,0.0000,24,2026-11-07,Direct
3108,1271,12,SUB-00003108,2024-01-25,,Active,23,5.0000,12,2025-01-19,Partner
3109,1272,15,SUB-00003109,2025-08-25,,Active,4,2.5000,24,2027-08-15,Marketplace
3110,1272,22,SUB-00003110,2025-06-17,,Active,19,10.0000,24,2027-06-07,Marketplace
3111,1273,7,SUB-00003111,2025-08-01,,Active,18,2.5000,12,2026-07-27,Partner
3112,1274,19,SUB-00003112,2024-07-29,,Active,15,5.0000,36,2027-07-14,Direct
3113,1275,10,SUB-00003113,2024-10-06,,Active,14,0.0000,24,2026-09-26,Direct
3114,1275,7,SUB-00003114,2025-07-16,,Active,11,0.0000,24,2027-07-06,Marketplace
3115,1275,22,SUB-00003115,2024-08-03,,Active,18,0.0000,12,2025-07-29,Direct
3116,1275,18,SUB-00003116,2024-08-03,,Active,16,12.5000,36,2027-07-19,Partner
3117,1276,3,SUB-00003117,2025-06-10,,Active,7,0.0000,12,2026-06-05,Partner
3118,1277,24,SUB-00003118,2024-11-07,,Active,3,12.5000,36,2027-10-23,Partner
3119,1277,14,SUB-00003119,2025-02-20,,Active,17,10.0000,36,2028-02-05,Direct
3120,1277,19,SUB-00003120,2024-07-31,,Paused,7,0.0000,36,2027-07-16,Marketplace
3121,1277,11,SUB-00003121,2025-09-21,,Paused,9,10.0000,36,2028-09-05,Partner
3122,1278,14,SUB-00003122,2024-06-01,,Active,2,5.0000,24,2026-05-22,Marketplace
3123,1278,5,SUB-00003123,2024-06-01,,Active,5,0.0000,36,2027-05-17,Direct
3124,1278,18,SUB-00003124,2025-06-03,,Active,5,0.0000,12,2026-05-29,Direct
3125,1279,1,SUB-00003125,2024-10-22,,Active,5,10.0000,36,2027-10-07,Marketplace
3126,1279,9,SUB-00003126,2024-07-11,,Active,3,0.0000,12,2025-07-06,Partner
3127,1279,22,SUB-00003127,2024-11-30,,Active,2,12.5000,36,2027-11-15,Partner
3128,1280,16,SUB-00003128,2025-04-04,,Active,7,2.5000,36,2028-03-19,Direct
3129,1280,22,SUB-00003129,2024-11-14,2025-06-29,Cancelled,9,7.5000,12,2025-11-09,Partner
3130,1280,18,SUB-00003130,2024-09-23,,Active,25,7.5000,36,2027-09-08,Direct
3131,1280,3,SUB-00003131,2024-09-23,,Active,21,12.5000,12,2025-09-18,Direct
3132,1281,5,SUB-00003132,2024-09-18,,Active,3,5.0000,36,2027-09-03,Partner
3133,1281,10,SUB-00003133,2025-07-08,,Active,2,10.0000,24,2027-06-28,Partner
3134,1282,22,SUB-00003134,2025-06-06,,Active,2,7.5000,36,2028-05-21,Direct
3135,1282,5,SUB-00003135,2025-04-17,,Active,2,10.0000,36,2028-04-01,Marketplace
3136,1282,9,SUB-00003136,2025-06-02,,Active,3,0.0000,24,2027-05-23,Direct
3137,1283,18,SUB-00003137,2024-03-31,,Active,3,0.0000,36,2027-03-16,Marketplace
3138,1283,9,SUB-00003138,2025-03-03,,Active,4,0.0000,36,2028-02-16,Marketplace
3139,1283,1,SUB-00003139,2024-12-23,,Active,2,7.5000,36,2027-12-08,Direct
3140,1284,13,SUB-00003140,2025-01-01,,Active,3,5.0000,12,2025-12-27,Direct
3141,1285,2,SUB-00003141,2025-08-21,,Active,2,0.0000,12,2026-08-16,Marketplace
3142,1286,18,SUB-00003142,2025-05-23,2026-02-12,Cancelled,2,0.0000,12,2026-05-18,Direct
3143,1286,5,SUB-00003143,2025-09-29,,Active,3,7.5000,12,2026-09-24,Marketplace
3144,1286,9,SUB-00003144,2025-06-01,,Active,3,12.5000,24,2027-05-22,Marketplace
3145,1287,18,SUB-00003145,2025-08-17,,Paused,3,0.0000,24,2027-08-07,Marketplace
3146,1287,21,SUB-00003146,2025-03-26,,Active,5,0.0000,36,2028-03-10,Marketplace
3147,1288,19,SUB-00003147,2025-04-01,,Active,3,10.0000,36,2028-03-16,Partner
3148,1288,15,SUB-00003148,2024-10-02,,Active,14,0.0000,24,2026-09-22,Marketplace
3149,1288,22,SUB-00003149,2024-10-02,,Active,18,12.5000,12,2025-09-27,Partner
3150,1289,22,SUB-00003150,2025-01-01,,Active,2,0.0000,12,2025-12-27,Partner
3151,1289,13,SUB-00003151,2025-01-01,,Active,3,5.0000,12,2025-12-27,Partner
3152,1289,3,SUB-00003152,2025-01-01,,Active,3,0.0000,24,2026-12-22,Marketplace
3153,1289,17,SUB-00003153,2025-05-10,,Active,1,0.0000,12,2026-05-05,Direct
3154,1290,15,SUB-00003154,2024-07-03,,Active,24,10.0000,36,2027-06-18,Marketplace
3155,1290,20,SUB-00003155,2024-04-19,,Active,22,10.0000,36,2027-04-04,Partner
3156,1291,21,SUB-00003156,2025-08-09,,Active,4,7.5000,12,2026-08-04,Direct
3157,1291,19,SUB-00003157,2024-09-10,,Active,2,0.0000,12,2025-09-05,Marketplace
3158,1291,1,SUB-00003158,2025-06-21,,Active,5,0.0000,12,2026-06-16,Direct
3159,1291,6,SUB-00003159,2025-01-27,,Active,1,10.0000,24,2027-01-17,Direct
3160,1292,2,SUB-00003160,2025-02-11,,Active,10,10.0000,24,2027-02-01,Marketplace
3161,1292,6,SUB-00003161,2024-02-09,2024-11-26,Cancelled,2,10.0000,24,2026-01-29,Partner
3162,1292,24,SUB-00003162,2025-06-25,,Active,9,0.0000,36,2028-06-09,Marketplace
3163,1293,18,SUB-00003163,2024-01-27,,Active,18,0.0000,36,2027-01-11,Marketplace
3164,1294,22,SUB-00003164,2025-06-08,,Active,4,7.5000,24,2027-05-29,Marketplace
3165,1295,17,SUB-00003165,2025-03-01,,Active,4,7.5000,12,2026-02-24,Marketplace
3166,1295,13,SUB-00003166,2025-09-09,,Paused,5,2.5000,12,2026-09-04,Marketplace
3167,1295,22,SUB-00003167,2025-03-01,,Active,1,5.0000,12,2026-02-24,Partner
3168,1296,9,SUB-00003168,2025-09-18,,Active,1,0.0000,36,2028-09-02,Direct
3169,1296,13,SUB-00003169,2024-12-18,,Active,5,10.0000,24,2026-12-08,Partner
3170,1297,12,SUB-00003170,2024-05-02,,Active,21,2.5000,12,2025-04-27,Direct
3171,1298,3,SUB-00003171,2025-05-05,,Active,22,2.5000,12,2026-04-30,Direct
3172,1298,23,SUB-00003172,2025-05-05,,Active,14,0.0000,36,2028-04-19,Direct
3173,1299,10,SUB-00003173,2024-11-07,,Active,3,12.5000,36,2027-10-23,Partner
3174,1299,17,SUB-00003174,2024-04-19,,Active,5,0.0000,36,2027-04-04,Marketplace
3175,1300,11,SUB-00003175,2024-05-11,,Active,4,2.5000,12,2025-05-06,Marketplace
3176,1300,17,SUB-00003176,2024-01-07,,Active,4,5.0000,24,2025-12-27,Partner
3177,1300,15,SUB-00003177,2025-04-29,,Active,3,10.0000,12,2026-04-24,Marketplace
3178,1300,5,SUB-00003178,2024-07-09,,Active,4,12.5000,24,2026-06-29,Marketplace
3179,1301,3,SUB-00003179,2025-02-01,,Paused,24,0.0000,36,2028-01-17,Marketplace
3180,1301,7,SUB-00003180,2024-04-12,,Paused,20,7.5000,24,2026-04-02,Marketplace
3181,1301,11,SUB-00003181,2024-12-25,,Active,20,10.0000,36,2027-12-10,Marketplace
3182,1301,15,SUB-00003182,2024-08-16,,Active,16,0.0000,12,2025-08-11,Partner
3183,1302,21,SUB-00003183,2025-09-15,,Active,2,2.5000,36,2028-08-30,Marketplace
3184,1302,6,SUB-00003184,2025-08-16,,Active,1,10.0000,36,2028-07-31,Direct
3185,1302,13,SUB-00003185,2025-02-22,2025-08-29,Cancelled,1,0.0000,24,2027-02-12,Partner
3186,1302,10,SUB-00003186,2024-07-23,,Active,2,7.5000,24,2026-07-13,Partner
3187,1303,16,SUB-00003187,2025-09-22,,Active,8,5.0000,36,2028-09-06,Partner
3188,1304,3,SUB-00003188,2025-03-10,,Active,18,12.5000,24,2027-02-28,Marketplace
3189,1304,15,SUB-00003189,2025-05-26,,Active,5,10.0000,24,2027-05-16,Marketplace
3190,1305,2,SUB-00003190,2025-09-10,,Active,3,0.0000,36,2028-08-25,Partner
3191,1305,22,SUB-00003191,2024-12-19,,Active,4,0.0000,24,2026-12-09,Partner
3192,1306,8,SUB-00003192,2024-12-11,,Active,18,12.5000,36,2027-11-26,Partner
3193,1306,4,SUB-00003193,2024-09-19,,Active,24,5.0000,12,2025-09-14,Partner
3194,1306,20,SUB-00003194,2024-07-05,,Active,13,7.5000,12,2025-06-30,Direct
3195,1306,16,SUB-00003195,2025-01-14,,Active,23,0.0000,12,2026-01-09,Marketplace
3196,1307,1,SUB-00003196,2025-04-17,,Active,4,5.0000,12,2026-04-12,Marketplace
3197,1307,17,SUB-00003197,2025-04-17,,Active,3,0.0000,24,2027-04-07,Direct
3198,1307,9,SUB-00003198,2025-04-17,2025-11-13,Cancelled,2,7.5000,24,2027-04-07,Marketplace
3199,1308,9,SUB-00003199,2025-01-06,,Active,5,0.0000,12,2026-01-01,Partner
3200,1308,14,SUB-00003200,2024-09-11,,Active,3,5.0000,24,2026-09-01,Partner
3201,1308,1,SUB-00003201,2025-08-15,,Active,3,12.5000,36,2028-07-30,Direct
3202,1309,9,SUB-00003202,2025-06-16,,Active,1,0.0000,24,2027-06-06,Direct
3203,1310,15,SUB-00003203,2024-04-17,,Active,11,2.5000,24,2026-04-07,Marketplace
3204,1310,18,SUB-00003204,2024-10-15,,Active,9,0.0000,24,2026-10-05,Marketplace
3205,1310,6,SUB-00003205,2024-06-19,,Active,9,0.0000,36,2027-06-04,Marketplace
3206,1310,23,SUB-00003206,2024-10-29,,Active,15,10.0000,12,2025-10-24,Partner
3207,1311,17,SUB-00003207,2025-04-08,,Active,2,10.0000,12,2026-04-03,Partner
3208,1311,1,SUB-00003208,2025-07-21,,Active,1,0.0000,12,2026-07-16,Direct
3209,1311,14,SUB-00003209,2024-12-01,,Active,4,12.5000,24,2026-11-21,Marketplace
3210,1312,2,SUB-00003210,2024-08-05,,Active,5,0.0000,12,2025-07-31,Partner
3211,1312,9,SUB-00003211,2025-08-27,,Active,2,0.0000,24,2027-08-17,Partner
3212,1313,17,SUB-00003212,2025-07-28,,Active,2,12.5000,12,2026-07-23,Marketplace
3213,1313,21,SUB-00003213,2024-11-11,,Active,3,2.5000,12,2025-11-06,Partner
3214,1313,5,SUB-00003214,2025-07-26,,Active,5,12.5000,36,2028-07-10,Marketplace
3215,1314,3,SUB-00003215,2025-09-16,,Active,8,7.5000,12,2026-09-11,Partner
3216,1314,19,SUB-00003216,2024-06-01,,Active,21,2.5000,36,2027-05-17,Marketplace
3217,1314,23,SUB-00003217,2024-03-24,,Active,18,12.5000,36,2027-03-09,Partner
3218,1315,18,SUB-00003218,2025-02-23,,Active,22,0.0000,12,2026-02-18,Marketplace
3219,1315,3,SUB-00003219,2025-03-14,,Active,6,0.0000,24,2027-03-04,Direct
3220,1316,9,SUB-00003220,2024-12-02,,Active,1,0.0000,24,2026-11-22,Partner
3221,1316,13,SUB-00003221,2025-06-12,,Active,5,5.0000,24,2027-06-02,Direct
3222,1316,22,SUB-00003222,2024-07-07,,Active,4,7.5000,36,2027-06-22,Marketplace
3223,1316,17,SUB-00003223,2024-07-08,,Active,1,7.5000,12,2025-07-03,Partner
3224,1317,6,SUB-00003224,2024-11-25,,Active,20,0.0000,24,2026-11-15,Partner
3225,1318,24,SUB-00003225,2025-03-07,2025-10-20,Cancelled,14,0.0000,36,2028-02-20,Direct
3226,1318,6,SUB-00003226,2024-08-04,,Active,6,5.0000,24,2026-07-25,Marketplace
3227,1318,19,SUB-00003227,2024-02-08,,Active,4,0.0000,12,2025-02-02,Partner
3228,1319,14,SUB-00003228,2024-06-16,,Active,4,12.5000,36,2027-06-01,Direct
3229,1319,18,SUB-00003229,2024-10-22,,Active,1,2.5000,24,2026-10-12,Partner
3230,1319,1,SUB-00003230,2024-06-16,,Active,2,5.0000,12,2025-06-11,Marketplace
3231,1319,21,SUB-00003231,2024-06-16,,Active,2,0.0000,24,2026-06-06,Direct
3232,1320,9,SUB-00003232,2025-04-12,,Active,4,0.0000,12,2026-04-07,Marketplace
3233,1321,21,SUB-00003233,2025-06-02,,Active,5,7.5000,24,2027-05-23,Partner
3234,1321,14,SUB-00003234,2025-06-02,,Active,5,0.0000,24,2027-05-23,Marketplace
3235,1321,1,SUB-00003235,2025-06-02,2025-11-28,Cancelled,3,7.5000,12,2026-05-28,Partner
3236,1321,5,SUB-00003236,2025-06-02,,Active,2,5.0000,24,2027-05-23,Marketplace
3237,1322,2,SUB-00003237,2024-11-14,2025-08-28,Cancelled,7,2.5000,24,2026-11-04,Partner
3238,1322,6,SUB-00003238,2024-04-10,,Active,4,2.5000,36,2027-03-26,Marketplace
3239,1322,19,SUB-00003239,2025-07-31,,Active,4,2.5000,24,2027-07-21,Direct
3240,1323,13,SUB-00003240,2024-03-30,,Active,4,12.5000,12,2025-03-25,Marketplace
3241,1323,18,SUB-00003241,2024-02-22,,Active,5,7.5000,24,2026-02-11,Marketplace
3242,1324,21,SUB-00003242,2025-03-01,,Active,5,2.5000,36,2028-02-14,Marketplace
3243,1324,17,SUB-00003243,2025-06-30,,Active,1,10.0000,36,2028-06-14,Marketplace
3244,1325,14,SUB-00003244,2025-01-27,,Active,1,5.0000,24,2027-01-17,Direct
3245,1326,6,SUB-00003245,2024-11-19,,Active,1,0.0000,36,2027-11-04,Partner
3246,1327,2,SUB-00003246,2025-01-14,,Active,1,0.0000,24,2027-01-04,Marketplace
3247,1327,15,SUB-00003247,2025-09-28,,Active,4,10.0000,24,2027-09-18,Marketplace
3248,1328,13,SUB-00003248,2025-06-12,,Active,2,12.5000,12,2026-06-07,Direct
3249,1328,9,SUB-00003249,2025-08-18,,Active,3,7.5000,24,2027-08-08,Marketplace
3250,1328,18,SUB-00003250,2025-06-12,,Active,3,7.5000,12,2026-06-07,Partner
3251,1329,22,SUB-00003251,2025-04-21,,Active,3,0.0000,24,2027-04-11,Marketplace
3252,1330,6,SUB-00003252,2024-07-29,,Active,2,0.0000,12,2025-07-24,Marketplace
3253,1330,3,SUB-00003253,2025-05-11,,Active,7,2.5000,24,2027-05-01,Partner
3254,1330,23,SUB-00003254,2024-08-01,,Active,3,10.0000,12,2025-07-27,Marketplace
3255,1330,10,SUB-00003255,2024-07-06,,Active,24,0.0000,24,2026-06-26,Partner
3256,1331,6,SUB-00003256,2025-04-14,,Active,1,5.0000,36,2028-03-29,Marketplace
3257,1331,22,SUB-00003257,2025-04-14,,Active,2,2.5000,12,2026-04-09,Partner
3258,1332,10,SUB-00003258,2024-02-06,,Active,2,0.0000,24,2026-01-26,Partner
3259,1332,22,SUB-00003259,2024-01-18,,Active,5,0.0000,12,2025-01-12,Partner
3260,1332,5,SUB-00003260,2024-10-01,,Paused,3,10.0000,12,2025-09-26,Marketplace
3261,1333,15,SUB-00003261,2024-09-02,,Active,17,0.0000,36,2027-08-18,Marketplace
3262,1333,11,SUB-00003262,2025-06-26,,Active,12,7.5000,24,2027-06-16,Partner
3263,1334,15,SUB-00003263,2025-09-30,,Active,13,0.0000,36,2028-09-14,Marketplace
3264,1334,11,SUB-00003264,2025-04-11,2026-02-27,Cancelled,11,0.0000,24,2027-04-01,Partner
3265,1335,10,SUB-00003265,2025-06-12,,Active,1,10.0000,36,2028-05-27,Partner
3266,1335,5,SUB-00003266,2024-06-16,,Active,3,2.5000,12,2025-06-11,Direct
3267,1335,1,SUB-00003267,2024-02-08,,Active,1,2.5000,24,2026-01-28,Partner
3268,1335,22,SUB-00003268,2024-04-03,,Active,1,0.0000,24,2026-03-24,Marketplace
3269,1336,5,SUB-00003269,2025-07-21,,Active,1,5.0000,24,2027-07-11,Direct
3270,1336,14,SUB-00003270,2024-11-01,,Active,2,0.0000,12,2025-10-27,Partner
3271,1336,9,SUB-00003271,2024-02-27,2024-09-01,Cancelled,2,12.5000,12,2025-02-21,Marketplace
3272,1336,18,SUB-00003272,2024-08-29,2025-08-04,Cancelled,5,0.0000,24,2026-08-19,Marketplace
3273,1337,13,SUB-00003273,2024-08-26,,Active,2,5.0000,36,2027-08-11,Marketplace
3274,1337,18,SUB-00003274,2025-01-19,2025-12-07,Cancelled,4,7.5000,24,2027-01-09,Direct
3275,1338,17,SUB-00003275,2024-07-12,,Paused,1,10.0000,12,2025-07-07,Direct
3276,1338,2,SUB-00003276,2024-05-11,,Active,3,10.0000,24,2026-05-01,Partner
3277,1338,6,SUB-00003277,2025-05-16,,Active,4,0.0000,36,2028-04-30,Marketplace
3278,1338,21,SUB-00003278,2025-04-06,,Active,2,5.0000,24,2027-03-27,Direct
3279,1339,17,SUB-00003279,2025-07-03,,Active,5,2.5000,12,2026-06-28,Direct
3280,1339,21,SUB-00003280,2025-07-03,,Active,5,0.0000,12,2026-06-28,Partner
3281,1340,1,SUB-00003281,2024-04-08,,Active,3,0.0000,24,2026-03-29,Direct
3282,1340,13,SUB-00003282,2025-02-01,,Active,5,2.5000,24,2027-01-22,Marketplace
3283,1341,2,SUB-00003283,2024-10-13,,Active,5,2.5000,24,2026-10-03,Direct
3284,1341,5,SUB-00003284,2024-12-26,,Active,2,2.5000,12,2025-12-21,Marketplace
3285,1342,19,SUB-00003285,2024-11-28,,Active,1,7.5000,36,2027-11-13,Direct
3286,1342,11,SUB-00003286,2025-07-28,,Active,17,0.0000,24,2027-07-18,Partner
3287,1342,7,SUB-00003287,2024-11-28,,Active,1,12.5000,36,2027-11-13,Direct
3288,1342,23,SUB-00003288,2024-11-28,,Active,15,5.0000,36,2027-11-13,Partner
3289,1343,10,SUB-00003289,2025-07-14,,Active,13,7.5000,12,2026-07-09,Direct
3290,1343,7,SUB-00003290,2025-04-14,2025-10-09,Cancelled,11,0.0000,36,2028-03-29,Marketplace
3291,1343,3,SUB-00003291,2024-04-23,,Active,12,7.5000,36,2027-04-08,Marketplace
3292,1344,7,SUB-00003292,2025-03-08,,Active,21,0.0000,36,2028-02-21,Marketplace
3293,1344,16,SUB-00003293,2025-08-05,,Paused,7,10.0000,24,2027-07-26,Partner
3294,1344,11,SUB-00003294,2024-08-08,,Active,24,2.5000,12,2025-08-03,Direct
3295,1344,20,SUB-00003295,2024-08-13,,Active,25,2.5000,24,2026-08-03,Partner
3296,1345,5,SUB-00003296,2024-05-02,,Active,4,2.5000,12,2025-04-27,Marketplace
3297,1346,5,SUB-00003297,2024-09-06,,Active,3,0.0000,36,2027-08-22,Marketplace
3298,1347,13,SUB-00003298,2025-07-16,2026-05-26,Cancelled,4,5.0000,24,2027-07-06,Partner
3299,1347,1,SUB-00003299,2025-04-22,,Active,1,0.0000,36,2028-04-06,Marketplace
3300,1347,9,SUB-00003300,2024-10-28,,Paused,4,5.0000,24,2026-10-18,Direct
3301,1347,17,SUB-00003301,2025-08-23,2026-04-13,Cancelled,3,0.0000,36,2028-08-07,Direct
3302,1348,21,SUB-00003302,2024-03-14,,Active,5,0.0000,36,2027-02-27,Direct
3303,1349,21,SUB-00003303,2025-02-28,2025-10-11,Cancelled,1,0.0000,24,2027-02-18,Direct
3304,1349,5,SUB-00003304,2024-03-17,,Active,1,2.5000,12,2025-03-12,Direct
3305,1349,13,SUB-00003305,2024-02-09,,Active,4,7.5000,24,2026-01-29,Marketplace
3306,1350,9,SUB-00003306,2024-09-30,,Active,1,5.0000,24,2026-09-20,Marketplace
3307,1351,22,SUB-00003307,2025-04-28,,Active,4,0.0000,12,2026-04-23,Direct
3308,1351,3,SUB-00003308,2025-04-28,,Active,1,5.0000,12,2026-04-23,Direct
3309,1352,3,SUB-00003309,2025-02-06,,Active,11,0.0000,12,2026-02-01,Marketplace
3310,1352,10,SUB-00003310,2024-11-21,,Active,2,12.5000,24,2026-11-11,Direct
3311,1352,15,SUB-00003311,2024-01-08,,Active,18,5.0000,24,2025-12-28,Partner
3312,1353,24,SUB-00003312,2024-09-03,,Active,5,7.5000,36,2027-08-19,Direct
3313,1353,4,SUB-00003313,2024-09-03,,Active,8,0.0000,36,2027-08-19,Marketplace
3314,1354,4,SUB-00003314,2025-04-01,,Active,6,12.5000,36,2028-03-16,Marketplace
3315,1355,23,SUB-00003315,2024-07-08,,Active,3,0.0000,36,2027-06-23,Partner
3316,1356,21,SUB-00003316,2024-12-26,,Active,2,10.0000,24,2026-12-16,Partner
3317,1356,5,SUB-00003317,2025-06-29,,Active,4,10.0000,36,2028-06-13,Partner
3318,1356,13,SUB-00003318,2024-12-26,,Active,4,0.0000,12,2025-12-21,Partner
3319,1357,14,SUB-00003319,2025-05-24,,Active,15,12.5000,36,2028-05-08,Marketplace
3320,1357,22,SUB-00003320,2024-12-01,,Active,8,7.5000,24,2026-11-21,Direct
3321,1358,13,SUB-00003321,2025-08-13,2026-02-11,Cancelled,2,10.0000,12,2026-08-08,Partner
3322,1358,5,SUB-00003322,2025-05-04,,Active,2,7.5000,12,2026-04-29,Marketplace
3323,1359,2,SUB-00003323,2025-07-29,,Active,1,0.0000,24,2027-07-19,Direct
3324,1360,21,SUB-00003324,2025-08-04,,Active,4,10.0000,12,2026-07-30,Partner
3325,1360,17,SUB-00003325,2025-03-03,,Active,5,7.5000,12,2026-02-26,Direct
3326,1360,13,SUB-00003326,2025-03-14,,Active,1,0.0000,12,2026-03-09,Marketplace
3327,1361,17,SUB-00003327,2025-05-31,,Active,3,0.0000,12,2026-05-26,Marketplace
3328,1362,10,SUB-00003328,2024-11-15,,Active,25,0.0000,12,2025-11-10,Direct
3329,1363,2,SUB-00003329,2025-01-15,,Active,25,0.0000,12,2026-01-10,Partner
3330,1363,22,SUB-00003330,2024-10-06,,Active,18,2.5000,36,2027-09-21,Partner
3331,1363,11,SUB-00003331,2024-10-06,,Active,23,0.0000,12,2025-10-01,Direct
3332,1364,1,SUB-00003332,2025-03-23,,Active,2,0.0000,24,2027-03-13,Partner
3333,1364,10,SUB-00003333,2025-09-27,2026-05-01,Cancelled,5,10.0000,24,2027-09-17,Direct
3334,1364,14,SUB-00003334,2025-03-23,,Active,3,10.0000,24,2027-03-13,Partner
3335,1364,7,SUB-00003335,2025-03-23,,Active,4,5.0000,12,2026-03-18,Direct
3336,1365,5,SUB-00003336,2024-10-07,,Active,1,2.5000,24,2026-09-27,Partner
3337,1365,1,SUB-00003337,2024-10-07,,Active,5,0.0000,36,2027-09-22,Direct
3338,1366,18,SUB-00003338,2025-09-21,,Active,5,7.5000,12,2026-09-16,Direct
3339,1366,22,SUB-00003339,2024-01-19,,Active,3,0.0000,24,2026-01-08,Partner
3340,1366,13,SUB-00003340,2024-03-17,,Active,2,12.5000,24,2026-03-07,Marketplace
3341,1367,9,SUB-00003341,2024-10-02,,Active,2,10.0000,36,2027-09-17,Direct
3342,1367,18,SUB-00003342,2024-12-30,,Active,1,7.5000,36,2027-12-15,Partner
3343,1367,5,SUB-00003343,2024-07-15,,Active,3,2.5000,36,2027-06-30,Marketplace
3344,1367,3,SUB-00003344,2024-08-26,,Active,1,5.0000,36,2027-08-11,Partner
3345,1368,22,SUB-00003345,2025-03-27,,Active,2,0.0000,12,2026-03-22,Marketplace
3346,1368,14,SUB-00003346,2025-09-09,,Active,4,2.5000,24,2027-08-30,Marketplace
3347,1368,2,SUB-00003347,2024-10-07,,Active,16,7.5000,24,2026-09-27,Direct
3348,1369,11,SUB-00003348,2024-04-09,,Active,16,10.0000,12,2025-04-04,Marketplace
3349,1369,3,SUB-00003349,2024-04-09,,Active,11,12.5000,12,2025-04-04,Marketplace
3350,1370,14,SUB-00003350,2025-01-04,,Active,5,7.5000,36,2027-12-20,Partner
3351,1370,10,SUB-00003351,2024-12-10,,Active,5,10.0000,12,2025-12-05,Direct
3352,1371,18,SUB-00003352,2024-08-25,,Active,5,10.0000,36,2027-08-10,Direct
3353,1371,9,SUB-00003353,2024-08-25,,Active,2,0.0000,12,2025-08-20,Partner
3354,1372,17,SUB-00003354,2024-04-28,2024-12-23,Cancelled,5,12.5000,36,2027-04-13,Marketplace
3355,1372,9,SUB-00003355,2024-04-28,,Active,2,2.5000,36,2027-04-13,Partner
3356,1373,17,SUB-00003356,2024-09-14,,Active,2,2.5000,24,2026-09-04,Partner
3357,1373,13,SUB-00003357,2024-11-10,,Paused,3,2.5000,12,2025-11-05,Marketplace
3358,1373,10,SUB-00003358,2024-05-27,,Active,5,10.0000,36,2027-05-12,Partner
3359,1374,2,SUB-00003359,2024-11-24,,Active,4,0.0000,12,2025-11-19,Marketplace
3360,1374,9,SUB-00003360,2025-02-02,,Active,4,5.0000,12,2026-01-28,Direct
3361,1374,15,SUB-00003361,2024-06-02,,Active,1,5.0000,36,2027-05-18,Marketplace
3362,1374,22,SUB-00003362,2024-09-27,,Active,3,0.0000,36,2027-09-12,Partner
3363,1375,23,SUB-00003363,2025-05-22,,Active,3,5.0000,24,2027-05-12,Partner
3364,1375,2,SUB-00003364,2025-09-01,,Active,2,0.0000,24,2027-08-22,Marketplace
3365,1376,22,SUB-00003365,2024-12-03,,Active,5,12.5000,36,2027-11-18,Marketplace
3366,1376,14,SUB-00003366,2025-05-05,,Paused,8,5.0000,24,2027-04-25,Partner
3367,1377,14,SUB-00003367,2025-06-27,,Active,18,0.0000,36,2028-06-11,Partner
3368,1378,11,SUB-00003368,2024-07-04,,Active,16,7.5000,36,2027-06-19,Partner
3369,1378,14,SUB-00003369,2024-09-21,,Active,21,2.5000,12,2025-09-16,Marketplace
3370,1378,19,SUB-00003370,2024-08-30,,Active,6,0.0000,24,2026-08-20,Marketplace
3371,1379,2,SUB-00003371,2024-12-05,,Active,4,7.5000,24,2026-11-25,Marketplace
3372,1380,1,SUB-00003372,2025-07-29,,Active,5,0.0000,36,2028-07-13,Partner
3373,1380,9,SUB-00003373,2025-06-15,2026-03-12,Cancelled,5,2.5000,24,2027-06-05,Partner
3374,1381,21,SUB-00003374,2025-05-06,,Active,2,5.0000,36,2028-04-20,Direct
3375,1381,9,SUB-00003375,2025-05-06,,Active,5,0.0000,36,2028-04-20,Marketplace
3376,1381,14,SUB-00003376,2025-05-06,,Active,4,0.0000,24,2027-04-26,Direct
3377,1382,13,SUB-00003377,2025-07-03,,Active,4,0.0000,12,2026-06-28,Direct
3378,1382,18,SUB-00003378,2024-04-03,,Active,2,0.0000,12,2025-03-29,Partner
3379,1382,1,SUB-00003379,2025-08-05,,Active,4,0.0000,36,2028-07-20,Partner
3380,1383,18,SUB-00003380,2025-07-12,,Active,14,12.5000,36,2028-06-26,Partner
3381,1383,22,SUB-00003381,2025-01-09,,Active,21,0.0000,12,2026-01-04,Direct
3382,1384,13,SUB-00003382,2024-02-13,,Active,4,0.0000,36,2027-01-28,Marketplace
3383,1384,17,SUB-00003383,2025-09-16,,Active,2,2.5000,12,2026-09-11,Partner
3384,1384,3,SUB-00003384,2025-09-27,,Active,4,2.5000,12,2026-09-22,Partner
3385,1385,1,SUB-00003385,2024-03-28,,Active,2,0.0000,24,2026-03-18,Direct
3386,1385,5,SUB-00003386,2025-03-31,,Active,4,0.0000,12,2026-03-26,Partner
3387,1385,13,SUB-00003387,2024-04-29,,Active,3,7.5000,12,2025-04-24,Direct
3388,1386,10,SUB-00003388,2024-11-26,,Active,8,2.5000,12,2025-11-21,Marketplace
3389,1386,4,SUB-00003389,2024-02-03,,Active,23,10.0000,12,2025-01-28,Partner
3390,1387,10,SUB-00003390,2025-08-16,,Active,5,12.5000,36,2028-07-31,Partner
3391,1387,1,SUB-00003391,2025-01-04,,Active,3,2.5000,24,2026-12-25,Direct
3392,1387,17,SUB-00003392,2024-11-09,,Active,2,10.0000,24,2026-10-30,Partner
3393,1388,15,SUB-00003393,2024-11-03,,Active,19,0.0000,36,2027-10-19,Direct
3394,1388,19,SUB-00003394,2025-04-04,,Active,13,0.0000,12,2026-03-30,Partner
3395,1389,6,SUB-00003395,2025-09-22,,Active,1,0.0000,36,2028-09-06,Partner
3396,1389,1,SUB-00003396,2025-03-17,,Active,2,0.0000,36,2028-03-01,Marketplace
3397,1390,1,SUB-00003397,2024-09-05,,Active,5,2.5000,12,2025-08-31,Marketplace
3398,1390,6,SUB-00003398,2025-01-12,,Active,3,7.5000,12,2026-01-07,Partner
3399,1391,19,SUB-00003399,2024-03-03,,Active,1,2.5000,36,2027-02-16,Direct
3400,1391,9,SUB-00003400,2024-10-03,,Active,2,0.0000,24,2026-09-23,Partner
3401,1391,1,SUB-00003401,2025-01-01,,Active,1,0.0000,24,2026-12-22,Partner
3402,1391,21,SUB-00003402,2024-03-24,,Active,1,10.0000,36,2027-03-09,Marketplace
3403,1392,13,SUB-00003403,2025-06-02,,Active,5,0.0000,12,2026-05-28,Direct
3404,1393,16,SUB-00003404,2025-02-24,,Active,3,10.0000,36,2028-02-09,Marketplace
3405,1393,6,SUB-00003405,2025-03-02,,Active,20,5.0000,12,2026-02-25,Partner
3406,1393,23,SUB-00003406,2025-02-24,2025-12-22,Cancelled,2,0.0000,12,2026-02-19,Partner
3407,1394,9,SUB-00003407,2025-04-17,,Active,4,0.0000,12,2026-04-12,Partner
3408,1394,14,SUB-00003408,2025-09-02,2026-06-29,Cancelled,3,7.5000,24,2027-08-23,Partner
3409,1395,19,SUB-00003409,2024-08-03,,Paused,3,12.5000,12,2025-07-29,Marketplace
3410,1395,3,SUB-00003410,2025-08-02,,Active,1,2.5000,12,2026-07-28,Marketplace
3411,1395,21,SUB-00003411,2025-02-13,,Paused,3,0.0000,24,2027-02-03,Direct
3412,1396,10,SUB-00003412,2024-08-15,,Active,1,0.0000,36,2027-07-31,Partner
3413,1396,18,SUB-00003413,2025-06-10,,Active,5,0.0000,12,2026-06-05,Direct
3414,1396,21,SUB-00003414,2024-08-15,,Active,5,10.0000,12,2025-08-10,Marketplace
3415,1397,13,SUB-00003415,2024-09-15,,Active,2,5.0000,36,2027-08-31,Direct
3416,1397,10,SUB-00003416,2024-03-06,2024-07-10,Cancelled,5,0.0000,24,2026-02-24,Direct
3417,1397,2,SUB-00003417,2025-05-21,2026-01-07,Cancelled,5,7.5000,12,2026-05-16,Partner
3418,1398,22,SUB-00003418,2024-07-15,,Active,1,5.0000,36,2027-06-30,Marketplace
3419,1399,21,SUB-00003419,2025-08-08,,Active,4,0.0000,24,2027-07-29,Partner
3420,1399,1,SUB-00003420,2024-03-05,,Active,1,7.5000,12,2025-02-28,Direct
3421,1399,17,SUB-00003421,2024-04-22,,Active,5,2.5000,12,2025-04-17,Direct
3422,1400,23,SUB-00003422,2024-12-17,,Active,3,0.0000,12,2025-12-12,Direct
3423,1400,18,SUB-00003423,2024-08-05,,Active,3,0.0000,36,2027-07-21,Direct
3424,1400,3,SUB-00003424,2025-03-05,,Active,12,10.0000,24,2027-02-23,Marketplace
3425,1401,18,SUB-00003425,2025-05-14,,Active,2,5.0000,24,2027-05-04,Partner
3426,1401,21,SUB-00003426,2025-05-14,,Active,1,7.5000,36,2028-04-28,Direct
3427,1401,9,SUB-00003427,2025-09-20,2026-05-06,Cancelled,2,0.0000,24,2027-09-10,Partner
3428,1401,5,SUB-00003428,2025-05-14,,Paused,5,12.5000,24,2027-05-04,Direct
3429,1402,9,SUB-00003429,2025-08-19,,Active,4,0.0000,12,2026-08-14,Partner
3430,1402,21,SUB-00003430,2024-12-31,,Active,5,10.0000,36,2027-12-16,Partner
3431,1402,5,SUB-00003431,2024-08-13,,Active,2,5.0000,24,2026-08-03,Marketplace
3432,1402,17,SUB-00003432,2025-07-01,,Paused,2,0.0000,12,2026-06-26,Marketplace
3433,1403,3,SUB-00003433,2024-12-22,,Paused,3,12.5000,36,2027-12-07,Marketplace
3434,1403,14,SUB-00003434,2025-01-06,,Active,1,2.5000,24,2026-12-27,Direct
3435,1403,10,SUB-00003435,2024-12-22,,Active,3,10.0000,12,2025-12-17,Partner
3436,1403,18,SUB-00003436,2024-12-22,,Active,1,7.5000,24,2026-12-12,Partner
3437,1404,2,SUB-00003437,2024-05-09,2025-01-10,Cancelled,5,12.5000,24,2026-04-29,Partner
3438,1404,21,SUB-00003438,2025-08-20,,Active,2,7.5000,36,2028-08-04,Partner
3439,1405,1,SUB-00003439,2024-08-04,2025-06-19,Cancelled,4,5.0000,24,2026-07-25,Marketplace
3440,1405,17,SUB-00003440,2025-02-16,,Active,1,0.0000,12,2026-02-11,Partner
3441,1405,21,SUB-00003441,2024-11-17,,Active,2,0.0000,12,2025-11-12,Direct
3442,1405,5,SUB-00003442,2024-10-15,,Active,5,2.5000,12,2025-10-10,Direct
3443,1406,9,SUB-00003443,2025-07-23,,Active,1,10.0000,12,2026-07-18,Partner
3444,1406,14,SUB-00003444,2025-07-23,,Paused,1,0.0000,24,2027-07-13,Marketplace
3445,1407,10,SUB-00003445,2025-05-20,,Active,5,0.0000,36,2028-05-04,Direct
3446,1407,21,SUB-00003446,2025-02-14,,Active,2,10.0000,12,2026-02-09,Direct
3447,1407,14,SUB-00003447,2025-01-20,,Active,1,5.0000,36,2028-01-05,Partner
3448,1408,9,SUB-00003448,2025-04-15,2026-03-25,Cancelled,5,5.0000,36,2028-03-30,Marketplace
3449,1408,5,SUB-00003449,2025-05-14,,Active,2,5.0000,24,2027-05-04,Partner
3450,1408,22,SUB-00003450,2025-02-03,,Active,5,10.0000,24,2027-01-24,Marketplace
3451,1408,13,SUB-00003451,2024-03-10,,Active,4,2.5000,36,2027-02-23,Partner
3452,1409,13,SUB-00003452,2025-06-14,,Active,4,2.5000,36,2028-05-29,Marketplace
3453,1409,23,SUB-00003453,2025-06-16,,Active,3,0.0000,12,2026-06-11,Direct
3454,1409,10,SUB-00003454,2025-03-24,,Active,4,0.0000,36,2028-03-08,Partner
3455,1409,6,SUB-00003455,2025-01-17,,Paused,1,0.0000,24,2027-01-07,Partner
3456,1410,5,SUB-00003456,2025-04-27,,Active,1,0.0000,12,2026-04-22,Marketplace
3457,1410,17,SUB-00003457,2024-05-10,2025-02-11,Cancelled,3,0.0000,24,2026-04-30,Partner
3458,1411,13,SUB-00003458,2024-11-24,,Active,2,5.0000,12,2025-11-19,Direct
3459,1412,5,SUB-00003459,2024-01-25,,Active,1,10.0000,12,2025-01-19,Partner
3460,1412,18,SUB-00003460,2024-06-14,,Active,1,5.0000,24,2026-06-04,Marketplace
3461,1412,21,SUB-00003461,2024-08-25,,Paused,5,2.5000,24,2026-08-15,Direct
3462,1412,11,SUB-00003462,2025-09-29,,Active,1,10.0000,12,2026-09-24,Marketplace
3463,1413,21,SUB-00003463,2024-12-11,,Active,5,5.0000,36,2027-11-26,Partner
3464,1413,14,SUB-00003464,2024-12-11,,Active,1,0.0000,36,2027-11-26,Marketplace
3465,1413,17,SUB-00003465,2025-02-17,2025-06-16,Cancelled,4,0.0000,36,2028-02-02,Direct
3466,1414,23,SUB-00003466,2025-04-22,,Active,19,0.0000,24,2027-04-12,Marketplace
3467,1414,12,SUB-00003467,2025-03-28,,Active,7,5.0000,12,2026-03-23,Direct
3468,1415,5,SUB-00003468,2025-06-15,2026-05-04,Cancelled,4,0.0000,36,2028-05-30,Direct
3469,1415,21,SUB-00003469,2025-09-03,,Active,4,12.5000,24,2027-08-24,Partner
3470,1416,3,SUB-00003470,2025-05-12,,Active,16,12.5000,24,2027-05-02,Direct
3471,1416,8,SUB-00003471,2024-04-16,,Paused,12,0.0000,12,2025-04-11,Marketplace
3472,1417,10,SUB-00003472,2024-06-17,,Active,1,5.0000,12,2025-06-12,Partner
3473,1417,6,SUB-00003473,2024-07-10,,Active,4,5.0000,24,2026-06-30,Partner
3474,1418,14,SUB-00003474,2025-01-08,,Active,21,5.0000,24,2026-12-29,Direct
3475,1419,1,SUB-00003475,2024-11-21,,Active,4,0.0000,12,2025-11-16,Marketplace
3476,1419,13,SUB-00003476,2025-04-29,,Active,5,10.0000,36,2028-04-13,Marketplace
3477,1419,18,SUB-00003477,2024-11-21,,Active,3,2.5000,12,2025-11-16,Partner
3478,1419,21,SUB-00003478,2025-02-28,,Paused,1,2.5000,24,2027-02-18,Partner
3479,1420,16,SUB-00003479,2025-08-14,,Active,11,10.0000,24,2027-08-04,Direct
3480,1420,3,SUB-00003480,2025-08-22,2026-06-15,Cancelled,11,10.0000,36,2028-08-06,Marketplace
3481,1420,23,SUB-00003481,2025-09-11,,Active,16,7.5000,12,2026-09-06,Direct
3482,1420,19,SUB-00003482,2025-08-14,,Active,13,5.0000,12,2026-08-09,Direct
3483,1421,9,SUB-00003483,2024-09-09,,Active,3,12.5000,36,2027-08-25,Partner
3484,1421,17,SUB-00003484,2024-06-14,,Active,3,2.5000,12,2025-06-09,Partner
3485,1422,5,SUB-00003485,2024-10-16,,Active,2,12.5000,12,2025-10-11,Marketplace
3486,1422,13,SUB-00003486,2025-08-13,,Active,4,10.0000,12,2026-08-08,Marketplace
3487,1422,21,SUB-00003487,2025-08-25,,Active,1,0.0000,24,2027-08-15,Direct
3488,1422,2,SUB-00003488,2025-09-22,,Active,1,5.0000,12,2026-09-17,Partner
3489,1423,5,SUB-00003489,2024-08-15,,Active,1,2.5000,24,2026-08-05,Partner
3490,1424,19,SUB-00003490,2025-04-03,,Active,14,5.0000,36,2028-03-18,Marketplace
3491,1424,14,SUB-00003491,2025-04-03,,Active,8,10.0000,36,2028-03-18,Marketplace
3492,1424,7,SUB-00003492,2025-04-03,,Active,17,0.0000,12,2026-03-29,Marketplace
3493,1425,1,SUB-00003493,2025-05-28,,Active,1,0.0000,12,2026-05-23,Partner
3494,1425,17,SUB-00003494,2025-02-09,,Active,3,7.5000,24,2027-01-30,Direct
3495,1425,9,SUB-00003495,2025-02-09,,Active,4,0.0000,24,2027-01-30,Direct
3496,1426,6,SUB-00003496,2024-05-29,2024-10-15,Cancelled,13,2.5000,24,2026-05-19,Direct
3497,1426,15,SUB-00003497,2024-04-08,,Active,23,0.0000,12,2025-04-03,Partner
3498,1427,20,SUB-00003498,2025-01-07,,Active,14,0.0000,12,2026-01-02,Marketplace
3499,1428,23,SUB-00003499,2025-08-11,,Active,16,0.0000,24,2027-08-01,Marketplace
3500,1428,6,SUB-00003500,2024-01-04,,Active,4,0.0000,24,2025-12-24,Marketplace
3501,1428,14,SUB-00003501,2024-02-25,,Active,23,7.5000,24,2026-02-14,Direct
3502,1429,21,SUB-00003502,2025-01-04,,Active,5,0.0000,24,2026-12-25,Marketplace
3503,1429,13,SUB-00003503,2024-03-03,,Active,3,5.0000,36,2027-02-16,Marketplace
3504,1429,10,SUB-00003504,2024-08-28,,Active,2,5.0000,24,2026-08-18,Direct
3505,1429,1,SUB-00003505,2025-03-16,,Active,3,5.0000,12,2026-03-11,Direct
3506,1430,5,SUB-00003506,2024-04-20,,Active,2,0.0000,36,2027-04-05,Marketplace
3507,1430,10,SUB-00003507,2024-09-20,,Active,1,0.0000,24,2026-09-10,Marketplace
3508,1431,21,SUB-00003508,2025-07-26,2026-02-06,Cancelled,2,0.0000,24,2027-07-16,Partner
3509,1431,5,SUB-00003509,2024-11-26,,Active,4,2.5000,12,2025-11-21,Marketplace
3510,1432,3,SUB-00003510,2025-09-11,,Active,4,2.5000,36,2028-08-26,Direct
3511,1432,6,SUB-00003511,2025-01-02,,Active,5,0.0000,24,2026-12-23,Partner
3512,1432,13,SUB-00003512,2024-11-08,,Active,5,5.0000,12,2025-11-03,Partner
3513,1433,9,SUB-00003513,2025-04-16,,Active,1,0.0000,12,2026-04-11,Partner
3514,1434,1,SUB-00003514,2025-07-06,,Active,1,2.5000,24,2027-06-26,Direct
3515,1434,10,SUB-00003515,2025-07-06,,Active,1,10.0000,24,2027-06-26,Direct
3516,1435,6,SUB-00003516,2024-09-08,,Active,2,10.0000,24,2026-08-29,Partner
3517,1435,17,SUB-00003517,2024-09-08,,Active,3,2.5000,24,2026-08-29,Direct
3518,1435,1,SUB-00003518,2025-02-01,,Active,5,10.0000,36,2028-01-17,Partner
3519,1435,11,SUB-00003519,2025-07-21,,Active,5,0.0000,24,2027-07-11,Marketplace
3520,1436,10,SUB-00003520,2025-07-25,,Active,3,0.0000,24,2027-07-15,Direct
3521,1436,13,SUB-00003521,2024-09-09,,Active,1,5.0000,12,2025-09-04,Partner
3522,1436,18,SUB-00003522,2024-08-27,,Active,3,0.0000,36,2027-08-12,Direct
3523,1436,5,SUB-00003523,2025-05-03,,Active,5,0.0000,24,2027-04-23,Marketplace
3524,1437,22,SUB-00003524,2024-03-04,,Active,22,0.0000,36,2027-02-17,Direct
3525,1437,7,SUB-00003525,2025-06-03,,Active,7,0.0000,36,2028-05-18,Marketplace
3526,1437,11,SUB-00003526,2024-11-12,,Active,22,7.5000,12,2025-11-07,Marketplace
3527,1438,14,SUB-00003527,2024-09-10,,Active,5,0.0000,36,2027-08-26,Direct
3528,1439,6,SUB-00003528,2025-05-14,,Active,2,12.5000,36,2028-04-28,Direct
3529,1439,13,SUB-00003529,2024-09-13,,Active,3,2.5000,36,2027-08-29,Marketplace
3530,1439,21,SUB-00003530,2025-08-04,,Active,2,5.0000,36,2028-07-19,Marketplace
3531,1440,21,SUB-00003531,2025-08-06,,Active,3,0.0000,36,2028-07-21,Partner
3532,1440,5,SUB-00003532,2025-08-06,,Active,3,0.0000,24,2027-07-27,Direct
3533,1440,17,SUB-00003533,2025-08-06,,Active,5,7.5000,24,2027-07-27,Partner
3534,1440,9,SUB-00003534,2025-08-06,,Active,4,0.0000,36,2028-07-21,Direct
3535,1441,13,SUB-00003535,2024-08-25,,Active,4,12.5000,12,2025-08-20,Partner
3536,1441,21,SUB-00003536,2024-01-29,,Active,1,5.0000,24,2026-01-18,Direct
3537,1441,17,SUB-00003537,2024-04-15,,Active,1,12.5000,24,2026-04-05,Direct
3538,1442,17,SUB-00003538,2025-02-13,,Active,5,0.0000,24,2027-02-03,Direct
3539,1442,1,SUB-00003539,2025-02-13,,Active,4,0.0000,36,2028-01-29,Marketplace
3540,1443,8,SUB-00003540,2024-09-03,,Active,1,5.0000,24,2026-08-24,Marketplace
3541,1444,9,SUB-00003541,2025-01-20,,Active,4,2.5000,36,2028-01-05,Direct
3542,1444,17,SUB-00003542,2024-12-16,,Active,3,2.5000,12,2025-12-11,Direct
3543,1444,5,SUB-00003543,2024-09-09,,Active,3,5.0000,12,2025-09-04,Marketplace
3544,1444,13,SUB-00003544,2024-09-09,,Active,2,2.5000,24,2026-08-30,Partner
3545,1445,22,SUB-00003545,2025-04-09,,Active,1,0.0000,12,2026-04-04,Direct
3546,1445,14,SUB-00003546,2025-02-17,,Active,5,10.0000,36,2028-02-02,Partner
3547,1446,18,SUB-00003547,2025-04-23,,Active,5,2.5000,12,2026-04-18,Partner
3548,1447,22,SUB-00003548,2024-12-30,,Active,3,10.0000,24,2026-12-20,Partner
3549,1447,17,SUB-00003549,2024-07-12,,Active,2,10.0000,24,2026-07-02,Direct
3550,1447,5,SUB-00003550,2024-11-09,,Active,3,0.0000,12,2025-11-04,Direct
3551,1447,13,SUB-00003551,2024-03-18,,Active,5,0.0000,24,2026-03-08,Marketplace
3552,1448,5,SUB-00003552,2025-06-17,,Active,2,0.0000,24,2027-06-07,Direct
3553,1448,9,SUB-00003553,2024-08-13,,Active,4,7.5000,12,2025-08-08,Direct
3554,1449,23,SUB-00003554,2025-05-31,,Active,19,0.0000,36,2028-05-15,Direct
3555,1449,12,SUB-00003555,2025-05-31,2025-10-25,Cancelled,21,7.5000,12,2026-05-26,Marketplace
3556,1449,18,SUB-00003556,2025-08-31,2026-04-16,Cancelled,2,7.5000,12,2026-08-26,Direct
3557,1450,6,SUB-00003557,2024-04-15,,Active,20,0.0000,36,2027-03-31,Direct
3558,1450,22,SUB-00003558,2024-03-17,,Active,1,5.0000,12,2025-03-12,Direct
3559,1450,11,SUB-00003559,2025-06-04,2025-11-17,Cancelled,25,12.5000,12,2026-05-30,Direct
3560,1450,15,SUB-00003560,2024-04-27,,Active,21,0.0000,12,2025-04-22,Partner
3561,1451,8,SUB-00003561,2024-01-24,,Active,13,10.0000,12,2025-01-18,Partner
3562,1451,4,SUB-00003562,2024-06-17,,Active,7,2.5000,24,2026-06-07,Partner
3563,1451,16,SUB-00003563,2025-09-29,,Active,13,0.0000,24,2027-09-19,Direct
3564,1451,24,SUB-00003564,2024-02-03,,Active,10,0.0000,36,2027-01-18,Partner
3565,1452,14,SUB-00003565,2024-10-26,,Active,6,7.5000,24,2026-10-16,Partner
3566,1452,24,SUB-00003566,2025-03-14,,Active,19,7.5000,24,2027-03-04,Marketplace
3567,1452,2,SUB-00003567,2024-11-25,,Active,2,10.0000,12,2025-11-20,Partner
3568,1452,11,SUB-00003568,2024-12-11,,Active,1,7.5000,12,2025-12-06,Marketplace
3569,1453,18,SUB-00003569,2025-04-12,,Active,3,10.0000,12,2026-04-07,Marketplace
3570,1453,21,SUB-00003570,2024-02-18,,Active,1,10.0000,24,2026-02-07,Direct
3571,1454,1,SUB-00003571,2025-03-03,,Active,2,0.0000,12,2026-02-26,Marketplace
3572,1454,9,SUB-00003572,2025-01-14,,Active,5,0.0000,12,2026-01-09,Direct
3573,1455,13,SUB-00003573,2025-05-11,,Active,3,12.5000,12,2026-05-06,Partner
3574,1455,9,SUB-00003574,2025-05-11,,Active,3,7.5000,12,2026-05-06,Marketplace
3575,1455,5,SUB-00003575,2025-05-11,,Active,5,0.0000,24,2027-05-01,Partner
3576,1456,5,SUB-00003576,2024-05-16,,Active,3,0.0000,36,2027-05-01,Direct
3577,1456,3,SUB-00003577,2025-07-15,,Active,5,12.5000,12,2026-07-10,Direct
3578,1456,18,SUB-00003578,2025-09-13,,Active,1,0.0000,24,2027-09-03,Direct
3579,1457,18,SUB-00003579,2025-02-02,,Active,4,5.0000,36,2028-01-18,Direct
3580,1457,21,SUB-00003580,2025-05-17,,Active,3,7.5000,24,2027-05-07,Marketplace
3581,1457,2,SUB-00003581,2024-11-02,2025-10-18,Cancelled,3,0.0000,12,2025-10-28,Marketplace
3582,1458,11,SUB-00003582,2025-08-06,,Active,6,7.5000,12,2026-08-01,Partner
3583,1458,2,SUB-00003583,2025-01-21,,Active,15,7.5000,12,2026-01-16,Partner
3584,1459,23,SUB-00003584,2025-07-24,,Active,4,5.0000,36,2028-07-08,Direct
3585,1459,5,SUB-00003585,2025-07-24,,Active,4,7.5000,24,2027-07-14,Partner
3586,1459,17,SUB-00003586,2025-07-24,2026-05-19,Cancelled,5,0.0000,36,2028-07-08,Direct
3587,1459,9,SUB-00003587,2025-07-24,,Active,5,0.0000,36,2028-07-08,Partner
3588,1460,14,SUB-00003588,2025-03-12,2025-09-04,Cancelled,2,7.5000,12,2026-03-07,Direct
3589,1461,11,SUB-00003589,2025-08-23,,Active,11,12.5000,36,2028-08-07,Direct
3590,1461,8,SUB-00003590,2025-07-29,,Active,7,2.5000,24,2027-07-19,Partner
3591,1462,17,SUB-00003591,2024-07-27,,Active,5,12.5000,12,2025-07-22,Direct
3592,1462,1,SUB-00003592,2024-07-27,,Active,5,7.5000,36,2027-07-12,Marketplace
3593,1462,6,SUB-00003593,2024-09-29,,Active,4,0.0000,12,2025-09-24,Marketplace
3594,1463,14,SUB-00003594,2025-05-30,,Active,2,12.5000,24,2027-05-20,Marketplace
3595,1463,5,SUB-00003595,2024-09-10,,Active,2,0.0000,12,2025-09-05,Direct
3596,1463,9,SUB-00003596,2024-11-21,,Active,5,0.0000,12,2025-11-16,Partner
3597,1463,18,SUB-00003597,2024-09-10,,Active,3,0.0000,12,2025-09-05,Direct
3598,1464,11,SUB-00003598,2024-04-09,2024-09-09,Cancelled,18,2.5000,24,2026-03-30,Marketplace
3599,1464,19,SUB-00003599,2024-10-09,,Active,2,7.5000,12,2025-10-04,Marketplace
3600,1465,15,SUB-00003600,2024-08-16,,Active,4,2.5000,12,2025-08-11,Partner
3601,1465,3,SUB-00003601,2024-12-08,,Active,16,10.0000,12,2025-12-03,Marketplace
3602,1465,10,SUB-00003602,2024-03-24,,Active,21,0.0000,12,2025-03-19,Partner
3603,1465,6,SUB-00003603,2024-05-15,2025-02-22,Cancelled,14,5.0000,24,2026-05-05,Marketplace
3604,1466,8,SUB-00003604,2025-08-11,,Active,24,7.5000,12,2026-08-06,Direct
3605,1466,12,SUB-00003605,2024-10-04,,Active,23,7.5000,24,2026-09-24,Direct
3606,1466,20,SUB-00003606,2025-06-04,,Active,9,5.0000,36,2028-05-19,Marketplace
3607,1467,5,SUB-00003607,2024-04-03,,Active,3,0.0000,24,2026-03-24,Marketplace
3608,1467,9,SUB-00003608,2025-08-05,,Active,4,7.5000,24,2027-07-26,Direct
3609,1467,18,SUB-00003609,2025-03-06,,Active,5,0.0000,36,2028-02-19,Partner
3610,1467,2,SUB-00003610,2025-06-07,,Active,3,10.0000,36,2028-05-22,Partner
3611,1468,4,SUB-00003611,2024-09-13,,Active,18,5.0000,12,2025-09-08,Direct
3612,1469,7,SUB-00003612,2025-03-23,,Active,11,5.0000,36,2028-03-07,Marketplace
3613,1470,16,SUB-00003613,2024-10-07,,Active,4,7.5000,36,2027-09-22,Partner
3614,1470,4,SUB-00003614,2024-10-07,,Active,1,2.5000,24,2026-09-27,Marketplace
3615,1471,9,SUB-00003615,2025-05-01,,Active,4,0.0000,12,2026-04-26,Direct
3616,1471,13,SUB-00003616,2024-11-12,2025-03-08,Cancelled,4,2.5000,24,2026-11-02,Direct
3617,1472,13,SUB-00003617,2025-01-17,,Active,1,7.5000,12,2026-01-12,Marketplace
3618,1472,9,SUB-00003618,2025-01-17,,Active,2,10.0000,36,2028-01-02,Direct
3619,1473,10,SUB-00003619,2024-04-12,2025-04-04,Cancelled,3,0.0000,36,2027-03-28,Marketplace
3620,1473,5,SUB-00003620,2025-07-28,,Active,5,2.5000,12,2026-07-23,Partner
3621,1474,11,SUB-00003621,2024-07-13,,Active,21,7.5000,12,2025-07-08,Partner
3622,1474,6,SUB-00003622,2024-10-17,,Active,25,12.5000,36,2027-10-02,Direct
3623,1475,5,SUB-00003623,2025-01-01,,Active,1,0.0000,12,2025-12-27,Marketplace
3624,1476,2,SUB-00003624,2025-01-20,,Active,2,0.0000,12,2026-01-15,Marketplace
3625,1477,10,SUB-00003625,2025-05-06,,Active,1,12.5000,36,2028-04-20,Direct
3626,1477,14,SUB-00003626,2025-05-22,,Active,4,0.0000,36,2028-05-06,Direct
3627,1477,21,SUB-00003627,2024-06-15,,Active,2,0.0000,24,2026-06-05,Partner
3628,1477,5,SUB-00003628,2024-05-26,,Active,5,12.5000,36,2027-05-11,Partner
3629,1478,3,SUB-00003629,2024-04-19,2025-01-24,Cancelled,9,5.0000,36,2027-04-04,Direct
3630,1478,20,SUB-00003630,2024-03-01,,Active,4,10.0000,12,2025-02-24,Direct
3631,1478,8,SUB-00003631,2024-01-26,2024-11-08,Cancelled,14,7.5000,12,2025-01-20,Partner
3632,1479,17,SUB-00003632,2024-10-03,,Active,1,5.0000,24,2026-09-23,Partner
3633,1479,1,SUB-00003633,2024-06-29,,Active,5,0.0000,12,2025-06-24,Direct
3634,1479,13,SUB-00003634,2024-04-25,,Active,1,2.5000,12,2025-04-20,Marketplace
3635,1480,5,SUB-00003635,2025-03-27,,Active,4,5.0000,12,2026-03-22,Marketplace
3636,1481,19,SUB-00003636,2024-06-12,,Active,13,7.5000,24,2026-06-02,Marketplace
3637,1481,7,SUB-00003637,2024-03-19,,Active,12,0.0000,24,2026-03-09,Direct
3638,1482,5,SUB-00003638,2024-07-27,,Active,4,10.0000,24,2026-07-17,Partner
3639,1482,10,SUB-00003639,2025-02-23,,Active,3,12.5000,36,2028-02-08,Marketplace
3640,1482,13,SUB-00003640,2024-05-26,,Active,1,7.5000,24,2026-05-16,Marketplace
3641,1482,18,SUB-00003641,2024-10-22,,Active,3,2.5000,36,2027-10-07,Partner
3642,1483,1,SUB-00003642,2024-07-12,,Active,5,12.5000,24,2026-07-02,Direct
3643,1484,9,SUB-00003643,2025-01-24,,Active,5,7.5000,24,2027-01-14,Direct
3644,1485,11,SUB-00003644,2024-12-07,2025-08-31,Cancelled,1,5.0000,24,2026-11-27,Direct
3645,1486,19,SUB-00003645,2024-05-07,,Active,17,7.5000,36,2027-04-22,Partner
3646,1486,16,SUB-00003646,2024-09-24,,Active,12,12.5000,24,2026-09-14,Marketplace
3647,1486,11,SUB-00003647,2024-05-16,,Active,21,0.0000,24,2026-05-06,Marketplace
3648,1486,7,SUB-00003648,2025-06-26,,Active,17,5.0000,12,2026-06-21,Marketplace
3649,1487,2,SUB-00003649,2025-04-08,,Active,4,0.0000,36,2028-03-23,Partner
3650,1487,13,SUB-00003650,2025-06-26,,Active,4,5.0000,12,2026-06-21,Partner
3651,1487,9,SUB-00003651,2024-10-17,,Active,5,0.0000,24,2026-10-07,Partner
3652,1487,5,SUB-00003652,2024-01-21,,Active,5,7.5000,12,2025-01-15,Marketplace
3653,1488,10,SUB-00003653,2025-04-08,,Active,2,2.5000,12,2026-04-03,Partner
3654,1488,2,SUB-00003654,2024-10-22,,Active,4,12.5000,24,2026-10-12,Direct
3655,1488,7,SUB-00003655,2024-05-20,,Active,1,10.0000,12,2025-05-15,Marketplace
3656,1488,23,SUB-00003656,2025-06-20,,Active,3,12.5000,36,2028-06-04,Direct
3657,1489,2,SUB-00003657,2025-09-25,,Active,4,0.0000,24,2027-09-15,Marketplace
3658,1489,17,SUB-00003658,2024-08-09,,Active,5,0.0000,36,2027-07-25,Partner
3659,1490,15,SUB-00003659,2024-02-18,2024-12-08,Cancelled,21,12.5000,12,2025-02-12,Partner
3660,1490,2,SUB-00003660,2024-03-05,,Active,22,10.0000,36,2027-02-18,Partner
3661,1490,23,SUB-00003661,2024-04-06,,Active,8,12.5000,12,2025-04-01,Direct
3662,1491,1,SUB-00003662,2024-06-02,,Active,4,2.5000,12,2025-05-28,Marketplace
3663,1492,2,SUB-00003663,2024-03-19,,Active,19,2.5000,36,2027-03-04,Partner
3664,1493,13,SUB-00003664,2025-09-22,,Active,1,0.0000,36,2028-09-06,Partner
3665,1494,6,SUB-00003665,2025-07-26,,Active,19,10.0000,12,2026-07-21,Partner
3666,1494,23,SUB-00003666,2025-02-25,,Active,3,12.5000,12,2026-02-20,Direct
3667,1494,15,SUB-00003667,2025-02-25,,Active,6,5.0000,36,2028-02-10,Marketplace
3668,1495,10,SUB-00003668,2024-09-26,,Active,4,7.5000,36,2027-09-11,Marketplace
3669,1495,6,SUB-00003669,2024-10-28,,Active,2,10.0000,12,2025-10-23,Direct
3670,1496,4,SUB-00003670,2025-04-19,,Active,16,0.0000,36,2028-04-03,Marketplace
3671,1496,12,SUB-00003671,2024-08-24,,Active,21,0.0000,24,2026-08-14,Direct
3672,1497,13,SUB-00003672,2025-03-11,,Active,3,0.0000,36,2028-02-24,Direct
3673,1497,17,SUB-00003673,2024-12-09,2025-08-09,Cancelled,5,10.0000,36,2027-11-24,Direct
3674,1498,14,SUB-00003674,2025-04-04,,Active,2,10.0000,24,2027-03-25,Marketplace
3675,1499,24,SUB-00003675,2025-03-30,,Active,14,5.0000,24,2027-03-20,Marketplace
3676,1499,20,SUB-00003676,2025-03-30,,Active,15,12.5000,36,2028-03-14,Marketplace
3677,1499,4,SUB-00003677,2025-03-30,,Active,24,2.5000,12,2026-03-25,Marketplace
3678,1500,5,SUB-00003678,2025-06-25,,Active,3,5.0000,24,2027-06-15,Marketplace
3679,1500,17,SUB-00003679,2025-06-25,,Active,4,5.0000,36,2028-06-09,Partner
